id,category,split,query,gold_answer,candidates,candidate_ids,candidate_ranks,candidate_sources,target_need,target_actions,semantic_sufficiency,notes
023-b20260803-r2-0-00101-0-00101-q0,single-hop,train,What are the exact dates of the Paris trip mentioned in the conversations?,May 3rd to May 8th,Alex is planning a family trip to Paris in May.,"[""01KZ3M44YH60KD2XERK12FSBDN""]",[0],"[[""01KZ3M3Y637MBSP69ZK91EZM7Y""]]","{""entities"": [""Paris""], ""time_constraints"": [], ""operands"": [], ""list_cardinality"": {""known"": false, ""count"": 0}, ""update_state"": """", ""gap"": {""kind"": ""entity"", ""entity"": ""Paris"", ""start"": null, ""end"": null, ""operand"": """", ""source_need"": ""entity:Paris""}}",[],pass,
023-b20260803-r2-0-00187-0-00187-q0,single-hop,train,When is Sarah's birthday?,April,"Alex is planning a surprise party for Sarah at their place. || Sarah, Alex's cousin, is visiting Paris during the trip. || Sarah is bringing her kids for the family gathering in Paris. || Sarah’s birthday is in April.","[""01KZ3Q658JJVCDMEJC57ECJJVX"", ""01KZ3Q658FY65AEAZT5MB7797W"", ""01KZ3Q658G4AEJV2TGDPR8YMMV"", ""01KZ3Q658JTADQB12F51Y6MGKY""]","[0, 1, 2, 3]","[[""01KZ3Q5XSETA4NE6XCK9EYPHMM""], [""01KZ3Q5XSD5Z3YYF6DQ8M8NBCD""], [""01KZ3Q5XSD5Z3YYF6DQ8M8NBCD""], [""01KZ3Q5XSDGNS1823BKBSPCCDH""]]","{""entities"": [""Sarah's""], ""time_constraints"": [], ""operands"": [], ""list_cardinality"": {""known"": false, ""count"": 0}, ""update_state"": """", ""gap"": {""kind"": ""entity"", ""entity"": ""Sarah's"", ""start"": null, ""end"": null, ""operand"": """", ""source_need"": ""entity:Sarah's""}}",[],fail,gap漏标；应 KEEP 01KZ3Q658JTADQB12F51Y6MGKY，候选直接给出 April。
023-b20260803-r2-0-00106-0-00106-q0,single-hop,train,When is Lily's birthday party?,June 20th,"Alex's friend Mike's daughter, Lily, is having a birthday party on June 20th, 2026. || Alex's friend Mike's daughter, Lily, will host her birthday party at her house.","[""01KZ3M94CTD8GC65QNF2AYFPTT"", ""01KZ3M94CVBCFPB6MGBFYPYNVK""]","[0, 1]","[[""01KZ3M8RDDSG4MSB7AN76CM051""], [""01KZ3M8RDDSG4MSB7AN76CM051""]]","{""entities"": [""Lily's""], ""time_constraints"": [], ""operands"": [], ""list_cardinality"": {""known"": false, ""count"": 0}, ""update_state"": """", ""gap"": null}","[{""kind"": ""KEEP"", ""candidate_id"": ""01KZ3M94CTD8GC65QNF2AYFPTT"", ""source_id"": ""01KZ3M8RDDSG4MSB7AN76CM051""}, {""kind"": ""KEEP"", ""candidate_id"": ""01KZ3M94CVBCFPB6MGBFYPYNVK"", ""source_id"": ""01KZ3M8RDDSG4MSB7AN76CM051""}]",pass,
023-b20260803-r2-0-00014-0-00014-q0,single-hop,train,When did Sam plan to have a prototype ready for his fault-tolerant network project by the end of January?,By next month,"Sam expects to have a prototype ready by early July. || Sam will test and refine the system based on the initial results of the prototype. || Debugging distributed systems is complex for Sam. || Implementing the state machine and the proposal phase in Paxos are challenging for Sam. || Sam expects to have a prototype of his fault-tolerant network project ready by next month. || Sam has begun adapting his protocol to standard networking interfaces. || Sam has completed an initial Raft implementation but is still working on Paxos. || Sam has decided to use a strict quorum system for the project. || Sam has spent about 80 hours on his thesis so far, spending 5 hours daily. || Sam has started experimenting with a hybrid approach to his distributed system. || Sam intends to integrate the chosen blockchain with the distributed database. || Sam intends to review blockchain technology thoroughly this week. || Sam is comparing Raft and Paxos algorithms in his thesis. || Sam is considering a hybrid approach to balance availability and partition tolerance while maintaining consistency. || Sam is considering using blockchain technology to ensure immutability and transparency. || Sam is developing a fault-tolerant network project focusing on consensus protocols, specifically testing Paxos and Raft. || Sam is facing difficulties with consistency protocols in his distributed system. || Sam is implementing a quorum-based approach to address data consistency issues. || Sam is planning to incorporate blockchain technology for enhanced data integrity. || Sam is working on a thesis about improving fault tolerance in distributed databases. || Sam is working on a thesis involving distributed systems and the CAP theorem. || Sam is working on the scalability of a new distributed database system. || Sam plans to use Ethereum for the blockchain integration due to its smart contract functionality and community support. || Sam was having trouble applying the CAP theorem to his system design. || The department expects a preliminary report from Sam by June 15th. || Understanding the theoretical underpinnings of Paxos has been challenging for Sam.","[""01KZ3GZSAYAT3S8P3RTGFSCRWK"", ""01KZ3GZSAZK14KSRK97F7N9FZ5"", ""01KZ3GZ7W9VRAGBHM44ZSVMCC6"", ""01KZ3H01YP3RNK25K56YYYM6J5"", ""01KZ3H01YRFDM5YJKJ38WBBTY5"", ""01KZ3H01YQ0PSWRVGFN0D82Y46"", ""01KZ3GZ7W731DRDYN3JNVD5Y7N"", ""01KZ3GZSATB6940JZB6CJZ58Y1"", ""01KZ3GZ7W86TAR1VK58SB2D490"", ""01KZ3H0FZZ3E8WAVKTXDKBX9VP"", ""01KZ3GZSAXMFX0RH6RFEDWAYW4"", ""01KZ3H0G01WXAPND6ZV3YTS73R"", ""01KZ3GZ7W6W922WM1K4N44DNB0"", ""01KZ3H0FZY7EAKHGMH76HF53HG"", ""01KZ3GZSAVHFGQV03MN897P0KH"", ""01KZ3H01YM0BSHZYPBTNRG3N9A"", ""01KZ3H0FZX2DNY77417XCVRZ62"", ""01KZ3GZSAR63VV07269ZPR88NK"", ""01KZ3H0G00EPBYQPJG5M15CHVS"", ""01KZ3GZ7W48AMREY0TN8TN2Z4V"", ""01KZ3H0FZVPN02TJ6WXP0YERT7"", ""01KZ3GZSAPQHAGC71T8REEBWHJ"", ""01KZ3GZSAWD6STHWG4J28NFH3M"", ""01KZ3H0FZYSMYCEBJNNN3Q85VC"", ""01KZ3GZ7WA24AWJWY2VRCN84V4"", ""01KZ3GZ7W9VX86HMTDDZ0GEA4X""]","[0, 1, 2, 3, 4, 5, 6, 7, 8, 9, 10, 11, 12, 13, 14, 15, 16, 17, 18, 19, 20, 21, 22, 23, 24, 25]","[[""01KZ3GZ7WCQCZ3JCKB6XT5Z2N8""], [""01KZ3GZ7WCQCZ3JCKB6XT5Z2N8""], [""01KZ3GYVWC7YN71Z512H115DD6""], [""01KZ3GZSB0BQZP5XQ6HR6A796X""], [""01KZ3GZSB1Q0MY8XA9XNQBHVVB""], [""01KZ3GZSB0N7PGNRXGJAV5RSB8""], [""01KZ3GYVWBCVYXNZZ4HP51E38B""], [""01KZ3GZ7WBH4D5P3RJZ05V43K5""], [""01KZ3GYVWCP9S8Z7TMSQASJVS6""], [""01KZ3H01YT3Z38EDECVA2KDFMF""], [""01KZ3GZ7WCJ5XRCKBS05EYBMZD""], [""01KZ3H01YT4RW4HAVTWA8W7KRK""], [""01KZ3GYVWBVK1AF5MTNY6P1GCA""], [""01KZ3H01YTP14P8J1CFTWNNW7M""], [""01KZ3GZ7WC9B47P1F36K3HFQB1""], [""01KZ3GZSB0VVC2D2FFP17Q2TD2""], [""01KZ3H01YS5ESXB9YSMHYQGTE9""], [""01KZ3GZ7WBMVJN82W50RJJVYEJ""], [""01KZ3H01YT6JV43PAPFFP2JWXJ""], [""01KZ3GYVWBNT7N6YRQH3XY8SDC""], [""01KZ3H01YSFC53G7687HGHS17Q""], [""01KZ3GZ7WB9D6MC252XS8QZQFV""], [""01KZ3GZ7WCJ5XRCKBS05EYBMZD""], [""01KZ3H01YS7J7MMBH7RRQBETBZ""], [""01KZ3GYVWCYV8YQ0F7XV735RD1""], [""01KZ3GYVWC7YN71Z512H115DD6""]]","{""entities"": [""January"", ""Sam""], ""time_constraints"": [], ""operands"": [], ""list_cardinality"": {""known"": false, ""count"": 0}, ""update_state"": """", ""gap"": {""kind"": ""entity"", ""entity"": ""January"", ""start"": null, ""end"": null, ""operand"": """", ""source_need"": ""entity:January""}}",[],fail,gap漏标；应 KEEP 01KZ3H01YRFDM5YJKJ38WBBTY5，候选直接给出 by next month。
023-b20260803-r2-0-00070-0-00070-q0,single-hop,train,What is the date of Sarah's birthday?,March 28th,Alex and Sarah plan a small dinner at home for Sarah’s birthday. || Alex plans to take Sarah to a cozy French restaurant for her birthday. || Sarah loves cooking and wants to try authentic sushi and ramen. || Sarah’s birthday is on June 20th. || Sarah’s birthday is on March 28th.,"[""01KZ3K1RT8N4C7CZ3H9A5FXE78"", ""01KZ3K17CEMF0P3PSR1Q180ZVP"", ""01KZ3K1RTB31KB5MFWBJGVRVMN"", ""01KZ3K17CDEHW7TVJC6P9J3EY9"", ""01KZ3K1RT42GHFEFBWK6MASF6B""]","[0, 1, 2, 3, 4]","[[""01KZ3K1DBVVNQG8JSKGPDZW71E""], [""01KZ3K106VQ10MPYNAY46DC1YS""], [""01KZ3K1DBVVNQG8JSKGPDZW71E""], [""01KZ3K106VG7Y6ZK72R68TMXYX""], [""01KZ3K1DBVVNQG8JSKGPDZW71E""]]","{""entities"": [""Sarah's""], ""time_constraints"": [], ""operands"": [], ""list_cardinality"": {""known"": false, ""count"": 0}, ""update_state"": """", ""gap"": null}","[{""kind"": ""KEEP"", ""candidate_id"": ""01KZ3K1RT8N4C7CZ3H9A5FXE78"", ""source_id"": ""01KZ3K1DBVVNQG8JSKGPDZW71E""}, {""kind"": ""KEEP"", ""candidate_id"": ""01KZ3K1RTB31KB5MFWBJGVRVMN"", ""source_id"": ""01KZ3K1DBVVNQG8JSKGPDZW71E""}, {""kind"": ""KEEP"", ""candidate_id"": ""01KZ3K1RT42GHFEFBWK6MASF6B"", ""source_id"": ""01KZ3K1DBVVNQG8JSKGPDZW71E""}]",pass,
023-b20260803-r2-0-00133-0-00133-q0,single-hop,train,When is Sarah's birthday according to the conversation?,April 27th,Sarah’s birthday is on 2026-04-27.,"[""01KZ3N74AXV01Y4DQ1TGPKC0C4""]",[0],"[[""01KZ3N6YE8WJF9SWMM09MBYCAS""]]","{""entities"": [""Sarah's""], ""time_constraints"": [], ""operands"": [], ""list_cardinality"": {""known"": false, ""count"": 0}, ""update_state"": """", ""gap"": null}","[{""kind"": ""KEEP"", ""candidate_id"": ""01KZ3N74AXV01Y4DQ1TGPKC0C4"", ""source_id"": ""01KZ3N6YE8WJF9SWMM09MBYCAS""}]",pass,
023-b20260803-r2-0-00129-0-00129-q0,single-hop,train,What specific Linux distros does Dana plan to use for the development VMs?,Debian and Arch Linux,"After the upgrade, Dana noticed improved performance, especially with Docker containers. || Dana encountered a compatibility issue with the networking stack update and had to revert it. || Dana faced initial challenges with Kubernetes due to its steep learning curve. || Dana faced some issues during the reconfiguration of services after the server upgrade. || Dana had to reconfigure services like Nginx and PostgreSQL after the server upgrade. || Dana has monthly check-ins to review progress and plan for the next month. || Dana has updated the README file with more details on setting up the environment and added a troubleshooting section. || Dana identified the cause of the networking stack issue as a compatibility problem with the new firmware on one of her routers. || Dana integrates Trello and Jira with Git for version control. || Dana intends to start with a couple of Linux distros and a Windows 10 VM. || Dana is a software engineer. || Dana is considering adding a monitoring system using Prometheus and Grafana to her home-lab project. || Dana is considering Debian and Arch Linux for the dev VMs. || Dana is updating the firmware on her router to resolve the networking stack issue. || Dana is working on setting up a new server with Ubuntu 22.04. || Dana makes weekly updates to her projects. || Dana plans to add support for a new virtualization platform to her home-lab project after researching it. || Dana plans to set up virtual machines for development environments. || Dana plans to start installing Debian and Arch Linux over the weekend. || Dana started learning Docker about two years ago. || Dana tweaked the firewall rules more than expected during the server upgrade. || Dana updated the backup scripts to ensure they work with the new OS version after the server upgrade. || Dana upgraded the server to Ubuntu 26.04 LTS on 2026-01-21. || Dana uses Docker and Kubernetes for her home-lab project. || Dana uses Jira for tracking bugs and feature requests. || Dana uses Trello for task management.","[""01KZ3N3QGP07JBQS71H407RXA6"", ""01KZ3N3AZYZ7Q05WPB25FFQH3J"", ""01KZ3N2Q5M476P8YQ32AZQZDKC"", ""01KZ3N3QGXD6ZS11AB19TE0002"", ""01KZ3N3QGT6RWQR25QVAAB54T5"", ""01KZ3N2Q5VFGFFK2FP2D72VV1Y"", ""01KZ3N3B033Q4181H163JE48RA"", ""01KZ3N3B00V0F6S39E6FBEC2Y5"", ""01KZ3N2Q5R7M8V1NZS0FZ4EGJ9"", ""01KZ3N303YHTMMKVA26RMR3953"", ""01KZ3N2Q5EV35VRDJXTY888Q30"", ""01KZ3N3QH5ZXGDMM9HTV53DY1Q"", ""01KZ3N303ZFEQF58YA2VYT3CB8"", ""01KZ3N3B02ZWXG5MTA812KMVAM"", ""01KZ3N303VQ4ZTH0G8QK91K4N9"", ""01KZ3N2Q5T9FE9BCT9X0VFVN8H"", ""01KZ3N3B04YEQJMJ3P1WB8FE0E"", ""01KZ3N303XA7RD43MTYSMX3HR5"", ""01KZ3N303ZCS6H41G33D1X3DY3"", ""01KZ3N2Q5J61FDC3A0F8QW6C0E"", ""01KZ3N3QH03KKXZQ9R9BAV3YPQ"", ""01KZ3N3QH2CDVEB43RV9G18ERH"", ""01KZ3N3QGMNZR4WNHJHBFP7C11"", ""01KZ3N2Q5GZ9NJWTGF1E5QWKYX"", ""01KZ3N2Q5QTTGC76005MCSNNCF"", ""01KZ3N2Q5NRT78J5PJFJXSJAHQ""]","[0, 1, 2, 3, 4, 5, 6, 7, 8, 9, 10, 11, 12, 13, 14, 15, 16, 17, 18, 19, 20, 21, 22, 23, 24, 25]","[[""01KZ3N3B055HTS4T2P2FKFAFBJ"", ""01KZ3N3B05810QWYP7MDEMNJ46""], [""01KZ3N3040GKA5VMNN096QBNCA""], [""01KZ3N2BC3PPNDWGQZBD21P4SH""], [""01KZ3N3B0568QNJZCAG6JDKP8B""], [""01KZ3N3B055HTS4T2P2FKFAFBJ""], [""01KZ3N2BC5J022TSKMTAVEYR82""], [""01KZ3N3041XYR3XTSFT0HVJQMB""], [""01KZ3N3041BKR1ME47RR7XMGJ1""], [""01KZ3N2BC46VGN4VQ52QBBZP4V""], [""01KZ3N2Q5W59EQB9SGFAGJEXJJ""], [""01KZ3N2BC2KZYB3YEX20NV23CN""], [""01KZ3N3B06YZMC1GVQE4JPD1BX""], [""01KZ3N2Q5XYGF76HXRHDN8SMRH""], [""01KZ3N3041BKR1ME47RR7XMGJ1""], [""01KZ3N2Q5W8SHZAN9YYD59TKMB""], [""01KZ3N2BC5J022TSKMTAVEYR82""], [""01KZ3N3043NWE01RW0D9G9YDWZ""], [""01KZ3N2Q5W59EQB9SGFAGJEXJJ""], [""01KZ3N2Q5YATR01TY89JC4SY4G""], [""01KZ3N2BC3PPNDWGQZBD21P4SH""], [""01KZ3N3B057ZGM6B5BG5F93G56""], [""01KZ3N3B054Q7SZ48YF5E0QVWP"", ""01KZ3N3B06MB4MNNVEE5E9V5NP""], [""01KZ3N3B05810QWYP7MDEMNJ46""], [""01KZ3N2BC3B5MP7VCHXM98EJ8T""], [""01KZ3N2BC46VGN4VQ52QBBZP4V""], [""01KZ3N2BC46VGN4VQ52QBBZP4V""]]","{""entities"": [""Dana"", ""Linux"", ""VMs""], ""time_constraints"": [], ""operands"": [], ""list_cardinality"": {""known"": false, ""count"": 0}, ""update_state"": """", ""gap"": null}","[{""kind"": ""KEEP"", ""candidate_id"": ""01KZ3N303ZFEQF58YA2VYT3CB8"", ""source_id"": ""01KZ3N2Q5XYGF76HXRHDN8SMRH""}, {""kind"": ""KEEP"", ""candidate_id"": ""01KZ3N303ZCS6H41G33D1X3DY3"", ""source_id"": ""01KZ3N2Q5YATR01TY89JC4SY4G""}]",pass,
023-b20260803-r2-0-00103-0-00103-q0,single-hop,train,What is the date of the wedding party booking for Mei's restaurant?,March 25th,"Mei booked a private room for a wedding on July 15th. || Mei ordered necessary linens and cutlery last week for the upcoming wedding. || A group of 20 will have a corporate lunch at the restaurant next Tuesday. || Mei buys meats from Meat Market. || Mei buys vegetables from Green Thumb Farms. || Mei expects around 100 guests for the event. || Mei has a big event planned for June 15, 2026. || Mei has a big reservation for a wedding party on March 25th. || Mei ordered fancy cheeses and truffles from the new supplier. || Mei plans to add more dishes based on customer feedback. || Mei received fresh ingredients from a new supplier in France this week. || Mei runs a restaurant called Bella Pasta in downtown. || Mei switched suppliers due to the previous supplier being late twice and having poor quality. || Mei uses Luigi’s Pasta Shop for fresh pasta. || Mei will book another supplier for specialty ingredients in early February. || The florist is confirming details for the upcoming wedding today. || The new menu items are selling well with many repeat orders. || The new supplier has been delivering ingredients exactly as needed. || The specialty ingredients will be needed by mid-March.","[""01KZ3M5VF4A8SP9T1275VGXJF0"", ""01KZ3M5VF6QXM616Z6TX6X5KXH"", ""01KZ3M5VF8CNN03NBRK1DM8402"", ""01KZ3M5K1AHPZSY6STFW25A997"", ""01KZ3M5K196TR72RA9KTPNBM24"", ""01KZ3M5K17BM7ZTCFQP68QFGTQ"", ""01KZ3M5K1549WAYR29YDHA7AGB"", ""01KZ3M648D5FS1JE623DEV00XJ"", ""01KZ3M648BF47PF3C1V5DSWHNN"", ""01KZ3M6E8W3T8QJCT9EE8W1MMX"", ""01KZ3M6489ZH09NEPV8WZFPK82"", ""01KZ3M5K13HYEGRM78P2XWAPAY"", ""01KZ3M6E8PTD8NFVJ0PX2TFEAA"", ""01KZ3M5K18VBEBCF0R3Z3QJEV6"", ""01KZ3M6E8X1WHK7S4ZNNDTVFBH"", ""01KZ3M5VF7ZY7FWSGDRTP2PZHS"", ""01KZ3M6E8VTZA14NEXQJ8GZ22Q"", ""01KZ3M6E8S3MQ8SVG97367VCHX"", ""01KZ3M6E8Y9YHHFBAR8M47EFCM""]","[0, 1, 2, 3, 4, 5, 6, 7, 8, 9, 10, 11, 12, 13, 14, 15, 16, 17, 18]","[[""01KZ3M5K1B2SARWXAJGV5VRVA4""], [""01KZ3M5K1CW8TV2HB2CX60JEQR""], [""01KZ3M5K1CP558C665CMJVRQH8""], [""01KZ3M58BBTB5X915F4NKSS6DN""], [""01KZ3M58BBTB5X915F4NKSS6DN""], [""01KZ3M58BAQQMY24TECMJRF2ED""], [""01KZ3M58BA7C1EFMJ04MA283SR""], [""01KZ3M5VFASHZJJN28WNVX1C3G""], [""01KZ3M5VF9BA1FVG8XS5MP3RKK""], [""01KZ3M648GV4ZFVCV3NHHTKNSH""], [""01KZ3M5VF9GMHX06PPB2QW6WFM""], [""01KZ3M58B9VJFNQF6HC58HKAN5""], [""01KZ3M648FZ7TXEN5MH7KBTKBV""], [""01KZ3M58BBTB5X915F4NKSS6DN""], [""01KZ3M648GFEW7PTB19QER4EY1""], [""01KZ3M5K1CW8TV2HB2CX60JEQR""], [""01KZ3M648GV4ZFVCV3NHHTKNSH""], [""01KZ3M648F4NMF9RDRE8ERBKK8""], [""01KZ3M648GFEW7PTB19QER4EY1""]]","{""entities"": [""Mei's""], ""time_constraints"": [], ""operands"": [], ""list_cardinality"": {""known"": false, ""count"": 0}, ""update_state"": """", ""gap"": null}","[{""kind"": ""KEEP"", ""candidate_id"": ""01KZ3M648D5FS1JE623DEV00XJ"", ""source_id"": ""01KZ3M5VFASHZJJN28WNVX1C3G""}]",pass,
023-b20260803-r2-0-00079-0-00079-q0,single-hop,train,What was the original target launch date for the QuickSync feature?,March 15th,Priya's team is launching a new feature called 'QuickSync' for their cloud storage service.,"[""01KZ3KAR1ETHRWZMKBV0CM8SAE""]",[0],"[[""01KZ3KACAXGBG2XAWTB0M8H2DM""]]","{""entities"": [""QuickSync""], ""time_constraints"": [], ""operands"": [], ""list_cardinality"": {""known"": false, ""count"": 0}, ""update_state"": """", ""gap"": {""kind"": ""entity"", ""entity"": ""QuickSync"", ""start"": null, ""end"": null, ""operand"": """", ""source_need"": ""entity:QuickSync""}}",[],pass,
023-b20260803-r2-0-00127-0-00127-q0,single-hop,train,What is the target soft launch date for the InnovateX project?,August 2026,Alex is leading the design aspect of InnovateX. || InnovateX will focus on AI-driven analytics and a user-friendly interface for data visualization. || The project is called InnovateX and we're aiming for a soft launch in August 2026. || There are 15 core team members plus some external consultants working on InnovateX.,"[""01KZ3N089REFRYR9SE23A25YHP"", ""01KZ3N089PDVDP0NCDY7SP8G30"", ""01KZ3N089JY61BYQZG067X6GXW"", ""01KZ3N089MHBYJGCWW32TKN2NJ""]","[0, 1, 2, 3]","[[""01KZ3N02RPT2MA4390NZAMM7YW""], [""01KZ3N02RNK815CGN8HGX0EAYA""], [""01KZ3N02RKSTZ2AENGJDXSNG75""], [""01KZ3N02RMW89J1F21TNZA38VY""]]","{""entities"": [""InnovateX""], ""time_constraints"": [], ""operands"": [], ""list_cardinality"": {""known"": false, ""count"": 0}, ""update_state"": """", ""gap"": null}","[{""kind"": ""KEEP"", ""candidate_id"": ""01KZ3N089JY61BYQZG067X6GXW"", ""source_id"": ""01KZ3N02RKSTZ2AENGJDXSNG75""}]",pass,
023-b20260803-r2-0-00096-0-00096-q0,single-hop,train,When did Dana start her home-lab project?,Dana started her home-lab project in early 2025.,"Dana added more RAM and a faster SSD to her server. || Dana finished adding two-factor authentication to her home-lab project yesterday. || Dana is considering implementing intrusion detection systems such as OSSEC, Suricata, or Snort. || Dana is considering using official MySQL and Nginx Docker images for her setup. || Dana is handling the network setup changes herself but it is taking longer than expected. || Dana is looking into optimizing queries and indexing to address the performance issues. || Dana is working on updating her home-lab project with a new security protocol. || Dana might need to adjust her schedule to fit in the network setup changes. || Dana plans to switch to using Docker containers for her home-lab setup. || Dana plans to update the operating system this week. || Dana set up two-factor authentication for SSH access. || Dana updated the firewall rules to be more restrictive in her home-lab project. || Dana will start with the database server and possibly the web application when switching to Docker containers.","[""01KZ3KXVKRWXKC6CZAH3MQW729"", ""01KZ3KY387EQC43PZSBJWGV6VJ"", ""01KZ3KXVKWFR9JY4A8JNDBC0N9"", ""01KZ3KY38FJT2ER0T04N6WCSVE"", ""01KZ3KXKG1QN0TWQBFGPZPNCV0"", ""01KZ3KXKG4GXS2R2DYKB2A5MMB"", ""01KZ3KXKFY58Q6SNWAKZNK4MZM"", ""01KZ3KXKG2HBZX1MKCV7TJKKKG"", ""01KZ3KY38D50TVBZ16E85HWRFV"", ""01KZ3KXVKT7NTXKQZQYRH6CFR8"", ""01KZ3KXVKVAR7CNEQ4PTD9E5KS"", ""01KZ3KY38BM7PHMQ7SPB8FSJK1"", ""01KZ3KY38E7RA5JW6FP2NQQYDF""]","[0, 1, 2, 3, 4, 5, 6, 7, 8, 9, 10, 11, 12]","[[""01KZ3KXKG5EGSQF4KSPNAFHCM4""], [""01KZ3KXVKYKR76S93JR99FC3E6""], [""01KZ3KXKG7B3N0ZZCK8RZM5PV8""], [""01KZ3KXVKZ987NQZM40597KG98""], [""01KZ3KX84VX8ATDW0265HB3T2Z""], [""01KZ3KX84WXWCG1W8C9ZH9SZNR""], [""01KZ3KX84VTDRZDPAAYST6FCF7""], [""01KZ3KX84W50VSB1DSANZ7WT32""], [""01KZ3KXVKYA1S77BRYBPM4FFCD""], [""01KZ3KXKG625AXEDMSF63N64R1""], [""01KZ3KXKG6PVHMA2V882F4A8H6""], [""01KZ3KXVKYKR76S93JR99FC3E6""], [""01KZ3KXVKZBN4MVD0Y4A8K84T5""]]","{""entities"": [""Dana""], ""time_constraints"": [], ""operands"": [], ""list_cardinality"": {""known"": false, ""count"": 0}, ""update_state"": """", ""gap"": {""kind"": ""entity"", ""entity"": ""Dana"", ""start"": null, ""end"": null, ""operand"": """", ""source_need"": ""entity:Dana""}}",[],pass,
023-b20260803-r2-0-00145-0-00145-q0,single-hop,train,When did Sam aim to finish his thesis by?,The end of 2027,"Sam aims to finish his thesis by the end of 2027. || Sam and the assistant discussed integrating a real-world example into Sam's thesis. || Sam documented the changes and solutions found during the integration process. || Sam faced compatibility issues with older versions of the software during the integration process. || Sam finished reading a paper by Dr. Thompson on network latency. || Sam has read the original paper on the Paxos algorithm by Leslie Lamport but finds it complex. || Sam integrated the optimized algorithm with the existing infrastructure, taking about 15 days. || Sam is exploring the use of machine learning to predict data access patterns and optimize replication strategies. || Sam is working on a thesis about distributed systems and is struggling with the section on distributed consensus algorithms. || Sam is working on optimizing data distribution in distributed systems, especially in cloud environments. || Sam observed that high packet losses or high latency significantly increased processing times. || Sam optimized the algorithm for data distribution in the system, making it 20% more efficient. || Sam plans to add a feature for real-time monitoring of system performance. || Sam plans to incorporate redundancy strategies into his work on reliability in distributed systems. || Sam's experiments involve both structured and unstructured data types, such as logs, user interactions, and large datasets from simulations. || Sam was working on a chapter about network latency in distributed systems. || Sam will use diagrams to visualize the Paxos algorithm process.","[""01KZ3NMYCHPZ2TA8NJJVCHBPNG"", ""01KZ3NP2KBMA49VMG2G3YW2FDT"", ""01KZ3NNN0TFYAMCZXX06XWPT2P"", ""01KZ3NNN0SEDMRFGE43Z3E1RVV"", ""01KZ3NNAKNB6A8883F6Z6CXHAV"", ""01KZ3NP2K75HTW11FTV9TDTTFM"", ""01KZ3NNN0R6FH23W40ZCVRXG76"", ""01KZ3NMYCEZSGEE94S9MEQQ0F5"", ""01KZ3NP2K22ASTFMJY0BXYFBCQ"", ""01KZ3NMYC7ZRPPM03569MGNC78"", ""01KZ3NNAKKEDHA6DX8YT0SVYR8"", ""01KZ3NNN0QQ2WH03N9GXG6DDEA"", ""01KZ3NNN0TWEG7M7VK851X34H6"", ""01KZ3NNAKP64C3EPZ0ZF8EYT2B"", ""01KZ3NMYCFEKMRZ67G437QJWTB"", ""01KZ3NNAKHCDSRNE4P5J98ZRQR"", ""01KZ3NP2KA5GBJHTQ3QCQQ4R8K""]","[0, 1, 2, 3, 4, 5, 6, 7, 8, 9, 10, 11, 12, 13, 14, 15, 16]","[[""01KZ3NMMD8TJPJKCNQNBARZNZB""], [""01KZ3NNN0WBY4S38Z1FCT8QPE3""], [""01KZ3NNAKR5X6PM4S99XEM2RC5""], [""01KZ3NNAKQFMT6NAV5EY75P6DW""], [""01KZ3NMYCNRDEKZCFNDB997XA8""], [""01KZ3NNN0V3F4RFGBQ9SCPVB92""], [""01KZ3NNAKQK3ASVFA0H58Q2RY5""], [""01KZ3NMMD7H6TQ9AVK3VW7MDQA""], [""01KZ3NNN0V3F4RFGBQ9SCPVB92"", ""01KZ3NNN0VCMNSHR6SABVS4J5T""], [""01KZ3NMMD57CHJRGSNXAX4MAAB""], [""01KZ3NMYCMFS21ZBVGFCJPDD2S""], [""01KZ3NNAKQZ6FVM96DK9S4S8G3""], [""01KZ3NNAKRMP173Y7MPTEFYZCB""], [""01KZ3NMYCPS5XG15XN29S4JXFB""], [""01KZ3NMMD8PYHHSVJRA435S98V""], [""01KZ3NMYCJEJNY0GHGTQJDS94F""], [""01KZ3NNN0WBY4S38Z1FCT8QPE3""]]","{""entities"": [""Sam""], ""time_constraints"": [], ""operands"": [], ""list_cardinality"": {""known"": false, ""count"": 0}, ""update_state"": """", ""gap"": {""kind"": ""entity"", ""entity"": ""Sam"", ""start"": null, ""end"": null, ""operand"": """", ""source_need"": ""entity:Sam""}}",[],fail,gap漏标；应 KEEP 01KZ3NMYCHPZ2TA8NJJVCHBPNG，候选直接给出 end of 2027。
023-b20260803-r2-0-00059-0-00059-q0,single-hop,train,When did Dana start her home-lab project?,Dana started her home-lab project in early 2025.,"Dana added a new server to the network last week. || Dana has been trying to find help for integrating the new server through community forums and direct contact with the manufacturer. || Dana is currently managing one server in her home-lab. || Dana is using Debian 11 on the server in her home-lab. || Dana's home-lab project involves setting up a small server to host a personal wiki, a music library, and a development environment. || Dana's server in the home-lab is an old desktop computer converted into a server. || Dana started her home-lab project in early 2025. || Dana thinks the team needs to set clearer expectations regarding the timeline.","[""01KZ3JMVWZ9GPZ42NKX6VTJCTK"", ""01KZ3JN7PQ2XHCRGEN387DE0KA"", ""01KZ3JMAJB44Q4GR077RFT273N"", ""01KZ3JMAJDVXTSY06CFGHKXFNZ"", ""01KZ3JMAJAYZR2M3HV125MMBKM"", ""01KZ3JMAJCHDB0HED13Y5BJ9BH"", ""01KZ3JMAJ97TNW3F0589KWRH1K"", ""01KZ3JN7PT49CCD683M9XC14QF""]","[0, 1, 2, 3, 4, 5, 6, 7]","[[""01KZ3JMAJEZPQDJPZW1W0VZHM1""], [""01KZ3JMVX85CYY68AY96EX4B2Y"", ""01KZ3JMVX89SXJD2JC8H4YZ2EB"", ""01KZ3JMVX96JPCXD3FJZ78QAK0"", ""01KZ3JMVX9FCNK1VQ4FQQ6W0XB""], [""01KZ3JM1GRRTTXF6BNV3KR49P2""], [""01KZ3JM1GS3NK3PKDHQ02EQ5YA""], [""01KZ3JM1GQT85EN5ZE48GAHME1""], [""01KZ3JM1GRRTTXF6BNV3KR49P2""], [""01KZ3JM1GRZAGWRZYMF4EYRMPN""], [""01KZ3JMVX9QVASZD7V6E3Y26HB""]]","{""entities"": [""Dana""], ""time_constraints"": [], ""operands"": [], ""list_cardinality"": {""known"": false, ""count"": 0}, ""update_state"": """", ""gap"": null}","[{""kind"": ""KEEP"", ""candidate_id"": ""01KZ3JMAJ97TNW3F0589KWRH1K"", ""source_id"": ""01KZ3JM1GRZAGWRZYMF4EYRMPN""}]",pass,
023-b20260803-r2-0-00132-0-00132-q0,single-hop,train,When did Dana upgrade her home-lab server to Ubuntu 22.04?,Last month,Dana added a new Raspberry Pi to her home-lab to test IoT projects. || Dana added a new server to her home-lab project on 2026-03-07. || Dana fixed some bugs in the monitoring script for her home-lab project. || Dana has not yet tested the network after making recent firewall rule changes. || Dana has scheduled maintenance tasks for this weekend. || Dana intends to connect DHT22 sensors via a Raspberry Pi GPIO port. || Dana is a software engineer. || Dana is considering using DHT22 sensors for monitoring temperature and humidity. || Dana is working on optimizing the network configuration for the home-lab project. || Dana maintains a home-lab project. || Dana optimized the data storage configuration in her home-lab project. || Dana plans to add another server for redundancy in her home-lab project. || Dana plans to add sensors to monitor temperature and humidity. || Dana plans to integrate machine learning models into the monitoring system of her home-lab project. || Dana recently added new firewall rules to block known malicious IP addresses. || Dana upgraded her home-lab server to Ubuntu 22.04 last month. || Dana wants to allow port 8080 for a development server and port 443 for HTTPS traffic. || The optimized storage configuration in Dana's home-lab project improves response times and reduces overhead.,"[""01KZ3N6A514MP17VWK3BXB47BN"", ""01KZ3N60ABS9HXB12FM3WM0CYD"", ""01KZ3N60AFA28XHRFF9XKNY2PQ"", ""01KZ3N6KYJT1YBSZJ3K3S6NJB3"", ""01KZ3N6A56X9V4VZ5GXWZR6DVB"", ""01KZ3N6A55GDDAB1F8VV8SRVS5"", ""01KZ3N5JD822BWDHVAWV86XAHX"", ""01KZ3N6A549G21DSMVS64TXGV3"", ""01KZ3N6KYAV7ANB8QAW2NYJJHF"", ""01KZ3N5JDAWHJQ204SVNQ2FVDW"", ""01KZ3N60ANGRRQ797WQ5SBJEAX"", ""01KZ3N60AJJ79HKWGTWCX1YWPW"", ""01KZ3N6A52DX4SKHN81Y0KT44G"", ""01KZ3N60AMCY2QWR90Y8HEQDMC"", ""01KZ3N6KYDZHEC1XB7VQZ32WSM"", ""01KZ3N6A4Z15SPWQKJ2KR0M4AY"", ""01KZ3N6KYHAM5SK117AR8066YS"", ""01KZ3N60AQPW5SXPKX4FKC34ZZ""]","[0, 1, 2, 3, 4, 5, 6, 7, 8, 9, 10, 11, 12, 13, 14, 15, 16, 17]","[[""01KZ3N60ASHNQZPRXNAQHJ7EKP""], [""01KZ3N5JDCQP4AH13TCGMRZZJ6""], [""01KZ3N5JDCQP4AH13TCGMRZZJ6""], [""01KZ3N6A592Q62KACQZ7WNB2MJ"", ""01KZ3N6A59TE78FQFQ669Z4G12""], [""01KZ3N60AW1HDTWVXRF0K3PBDV""], [""01KZ3N60AVMHB0GS37NKB59QBA""], [""01KZ3N5G3QQANMA9B5EDDF4MNJ""], [""01KZ3N60AV7C6DM2Z3WRH81N8W""], [""01KZ3N6A578D58H19ZDKF77NFP""], [""01KZ3N5G3QQANMA9B5EDDF4MNJ""], [""01KZ3N5JDE8VZ1K8XHME8TEBXZ""], [""01KZ3N5JDD07Y1GGGREEE5B93G""], [""01KZ3N60AVBX05DX56C7HZQ1X9""], [""01KZ3N5JDD07Y1GGGREEE5B93G""], [""01KZ3N6A58NDACRT1AFWQEBW86""], [""01KZ3N60ASHV2CWRR8MGMTDHVR""], [""01KZ3N6A59QDBFVASCDJPSX6SY""], [""01KZ3N5JDE8VZ1K8XHME8TEBXZ""]]","{""entities"": [""Dana"", ""Ubuntu""], ""time_constraints"": [], ""operands"": [], ""list_cardinality"": {""known"": false, ""count"": 0}, ""update_state"": """", ""gap"": null}","[{""kind"": ""KEEP"", ""candidate_id"": ""01KZ3N6A4Z15SPWQKJ2KR0M4AY"", ""source_id"": ""01KZ3N60ASHV2CWRR8MGMTDHVR""}]",pass,
023-b20260803-r2-0-00031-0-00031-q0,single-hop,train,When is Sam's thesis expected to be completed?,by the end of 2027,"Sam aims to complete his thesis by the end of 2027. || Sam expects to finalize the chapter of his thesis soon with new simulations. || Sam finished the section on consensus algorithms for his thesis. || Sam has adjusted his timeline to end his research phase by the end of May and start writing the draft by June. || Sam has been keeping detailed logs for his thesis work. || Sam has made adjustments to his thesis based on feedback. || Sam is considering tech giants like Google and Amazon for his case studies on distributed systems. || Sam is focusing on exploring replication strategies in the fault tolerance chapter of his thesis. || Sam is focusing on Paxos and Raft algorithms for improving fault tolerance in distributed networks. || Sam is researching how to improve fault tolerance in distributed networks using consensus algorithms. || Sam is using both theoretical models and practical simulations on his lab’s cluster for his research. || Sam is working on optimizing network protocols for his thesis. || Sam met with Dr. Johnson today and she suggested focusing more on real-world applications in his thesis. || Sam needs to gather more data for the performance metrics part of his thesis. || Sam plans to add a section on potential practical uses in his thesis. || Sam plans to integrate real-world applications into his thesis using case studies from companies that have implemented similar distributed systems. || Sam plans to start experimenting with Paxos and Raft algorithms next month. || Sam plans to use network simulation software to test different scenarios for his thesis. || Sam started working on the chapter about fault tolerance mechanisms for his thesis. || Sam submitted initial drafts of his thesis to his advisor last month. || Sam wants to include smaller, innovative startups in his thesis for a broader perspective on distributed systems. || Sam will have a meeting with his advisor on April 11th to discuss his thesis work. || Sam will run simulations through his thesis to check for improvements.","[""01KZ3HJV7Z2CE42TQH24FTBNVT"", ""01KZ3HKMJSQ5Q7KA4WGXKW583M"", ""01KZ3HK4B3Y149Q1E6Z82CF7BV"", ""01KZ3HKCKDK7PZVZ24PPFZZHZ0"", ""01KZ3HKMJRX9MMV05YDX3SNTQH"", ""01KZ3HKMJQ8NKJBWB27K80ED1T"", ""01KZ3HKCKAS05W01P3FEQDE3KA"", ""01KZ3HK4BB0FYSV2X93Z8P736S"", ""01KZ3HJV7W7WA305Y3SMCV5XH9"", ""01KZ3HJV7S66RNZJZWVAKW57KG"", ""01KZ3HJV80QHBFXWSZF0HA9K3Q"", ""01KZ3HKMJJS2RVXQR17PXBXQ8J"", ""01KZ3HKCK4ZAXC3C03PWR9SYYV"", ""01KZ3HKMJN4TSMNKCCPK8GRC1D"", ""01KZ3HKCK9FTZYZRGK53P8N1K5"", ""01KZ3HKCK73BN8J4G4CBHM0HTA"", ""01KZ3HJV7YC9ZN8KP1P72KW0K1"", ""01KZ3HKMJP897VXZ212DGNMHP1"", ""01KZ3HK4B6RT2KN7V73PA63WDP"", ""01KZ3HK4B9K4VAX7BRT09E29C5"", ""01KZ3HKCKC38DAK4MZ2RQZ9GYE"", ""01KZ3HK4B8YJ5A51JCMBS8752Y"", ""01KZ3HKMJR4NM6C4KY0C2G8666""]","[0, 1, 2, 3, 4, 5, 6, 7, 8, 9, 10, 11, 12, 13, 14, 15, 16, 17, 18, 19, 20, 21, 22]","[[""01KZ3HJJRDY1F821Y8NJFZGSQ1""], [""01KZ3HKCKHQ7B6NA9MGF69ZE42""], [""01KZ3HJV81S148A348NDMPTY9M""], [""01KZ3HK4BG4TMFRBD3S6HK5WE2""], [""01KZ3HKCKHQ7B6NA9MGF69ZE42""], [""01KZ3HKCKHG64A9RNXBGGCRZG1""], [""01KZ3HK4BE1A2TS7JXMMA3F3BP""], [""01KZ3HJV83DZWJGG6NGWK9CP0T""], [""01KZ3HJJRC8XTHZG407JVAD895""], [""01KZ3HJJRBQ0MSY3CMNX360HZ4""], [""01KZ3HJJRECZ60NQDNSST0KFFN""], [""01KZ3HKCKGSD5775MKGPZ7QSYJ""], [""01KZ3HK4BDBJ9KM7KNF0QZQV0X""], [""01KZ3HKCKG9TFPX85DF6N4YW9D""], [""01KZ3HK4BDF9Z5J8S1NF39KYJE""], [""01KZ3HK4BDF9Z5J8S1NF39KYJE""], [""01KZ3HJJRCCCPNB9RZN8JNAWE8""], [""01KZ3HKCKG04K3K8Q0KEPH8VTC""], [""01KZ3HJV81S148A348NDMPTY9M""], [""01KZ3HJV827ZRN432Q3J0PRDZ9""], [""01KZ3HK4BF9H2XVJY1Q1H22GZT""], [""01KZ3HJV81HZ9J96491P9AK5T3""], [""01KZ3HKCKHG64A9RNXBGGCRZG1""]]","{""entities"": [""Sam's""], ""time_constraints"": [], ""operands"": [], ""list_cardinality"": {""known"": false, ""count"": 0}, ""update_state"": """", ""gap"": null}","[{""kind"": ""KEEP"", ""candidate_id"": ""01KZ3HJV7Z2CE42TQH24FTBNVT"", ""source_id"": ""01KZ3HJJRDY1F821Y8NJFZGSQ1""}]",pass,
023-b20260803-r2-0-00073-0-00073-q0,single-hop,train,When is Sarah's birthday according to the conversation?,July 15th,"Sarah's birthday is on 2026-07-15. || The family consists of three people: the user, the user's wife, and Sarah.","[""01KZ3K4M2PZHWSDK4Q0F8TMV9N"", ""01KZ3K4M2WHVVAYYF2QTKECXZC""]","[0, 1]","[[""01KZ3K4CM2J9PDSVS02KSP3B0S""], [""01KZ3K4CM37ZRXT04H108MFPNA""]]","{""entities"": [""Sarah's""], ""time_constraints"": [], ""operands"": [], ""list_cardinality"": {""known"": false, ""count"": 0}, ""update_state"": """", ""gap"": null}","[{""kind"": ""KEEP"", ""candidate_id"": ""01KZ3K4M2PZHWSDK4Q0F8TMV9N"", ""source_id"": ""01KZ3K4CM2J9PDSVS02KSP3B0S""}]",pass,
023-b20260803-r2-0-00175-0-00175-q0,single-hop,train,When did the team decide on the final launch date for WellConnect?,"June 15th, 2026",Priya is working on a new health app called WellConnect.,"[""01KZ3PS3TVMVN4W6X45S3M3AZQ""]",[0],"[[""01KZ3PRRAJXP8CJ8MQYN53GYMJ""]]","{""entities"": [""WellConnect""], ""time_constraints"": [], ""operands"": [], ""list_cardinality"": {""known"": false, ""count"": 0}, ""update_state"": """", ""gap"": {""kind"": ""entity"", ""entity"": ""WellConnect"", ""start"": null, ""end"": null, ""operand"": """", ""source_need"": ""entity:WellConnect""}}",[],pass,
023-b20260803-r2-0-00023-0-00023-q0,single-hop,train,When did Dana start her home-lab project?,about two months ago,"Dana added a new server with a Ryzen 9 7950X processor in March 2026. || Dana added profiling tools to identify bottlenecks in her home-lab project. || Dana encountered a small issue with network configuration during the setup of the new server in March 2026. || Dana expects to complete the security feature additions to her home-lab project by the end of next week. || Dana finalized the network setup after tweaking the network configuration settings in March 2026. || Dana finds Prometheus and Grafana working well for detailed metrics and easy dashboard creation in March 2026. || Dana finished setting up the new hardware for her home-lab project last week. || Dana has been optimizing the code for better performance in her home-lab project. || Dana has been working on setting up a mini cloud server at home using Raspberry Pi 4s. || Dana integrated the latest TensorFlow version into her home-lab project. || Dana is considering using a smaller GPU model to address power consumption issues in her project. || Dana is exploring the use of renewable energy sources like solar panels for her home-lab project. || Dana is facing challenges with power consumption in her home-lab project. || Dana is using neural network architecture tweaks to reduce latency in her project. || Dana plans to add security features to her home-lab project, starting with installing a firewall and setting up intrusion detection systems. || Dana plans to host a local workshop for AI enthusiasts by the end of June. || Dana plans to use three Raspberry Pi 4s in her home-lab project. || Dana resolved a minor issue with the network configuration during the setup of her home-lab project. || Dana started experimenting with Prometheus and Grafana for monitoring the new server in March 2026.","[""01KZ3HARTB8T9RJ2XRCV6JRZ0H"", ""01KZ3HAD86NZV7XARVETXB762H"", ""01KZ3HARTE0TF0KVB0017DNHFJ"", ""01KZ3HA1D842XYAVTCA6JB2DRN"", ""01KZ3HARTGYGNRGY0Z6MV75YVM"", ""01KZ3HARTMXQ14MT8ZZ99X0VV8"", ""01KZ3HA1D0DMW0R1RV34SHETH3"", ""01KZ3HAD83M677E1TZ3PCXD5N7"", ""01KZ3H9R6ZVKS93D9EBZG9R4Z0"", ""01KZ3HAD80MF50JH5PQE5ER3VZ"", ""01KZ3HAD875PJ3S65GKRE7N601"", ""01KZ3HAD88J7J0SARRHEMHVAH0"", ""01KZ3HAD87P56K5MDFG2FFPZTA"", ""01KZ3HAD85APMHV5KA900PBE9Y"", ""01KZ3HA1D695SRVGHWMB35WA73"", ""01KZ3HAD894Z6Q31NJ57B6JAEX"", ""01KZ3H9R72YGWP3XE1WFSVZSHQ"", ""01KZ3HA1D3HMEVDNFEDS74YNQ0"", ""01KZ3HARTJVJS2W6MB9GKRDBMH""]","[0, 1, 2, 3, 4, 5, 6, 7, 8, 9, 10, 11, 12, 13, 14, 15, 16, 17, 18]","[[""01KZ3HAD8A2W1WCD3133YT2PA9""], [""01KZ3HA1DBBPRHHBX0ZM8NPJQ5""], [""01KZ3HAD8A0A9BWW47DPT4TZTJ""], [""01KZ3H9R76SCK5BG4D81FYT945""], [""01KZ3HAD8AP6CD86C593E9BY47""], [""01KZ3HAD8B10QAS1V21F9H4SRX""], [""01KZ3H9R75SY3RG0GTJ0CQ6YZP""], [""01KZ3HA1DAZZRMD83DZ1MRCXA5""], [""01KZ3H9HRMEV79N09MZTZFDMCJ""], [""01KZ3HA1DAZZRMD83DZ1MRCXA5""], [""01KZ3HA1DC08WXE7JWQEGZ878T""], [""01KZ3HA1DC08WXE7JWQEGZ878T""], [""01KZ3HA1DC514600RBCZ0JEQM8""], [""01KZ3HA1DBBPRHHBX0ZM8NPJQ5""], [""01KZ3H9R76TX2RZNKD9XCJB7HF""], [""01KZ3HA1DD32R7VM1A2TCE6JMY""], [""01KZ3H9HRN9FHC1PZ9C36Z8CBX""], [""01KZ3H9R75SY3RG0GTJ0CQ6YZP""], [""01KZ3HAD8BCYA1SQEHSBSVM2EM""]]","{""entities"": [""Dana""], ""time_constraints"": [], ""operands"": [], ""list_cardinality"": {""known"": false, ""count"": 0}, ""update_state"": """", ""gap"": null}","[{""kind"": ""KEEP"", ""candidate_id"": ""01KZ3H9R72YGWP3XE1WFSVZSHQ"", ""source_id"": ""01KZ3H9HRN9FHC1PZ9C36Z8CBX""}]",fail,KEEP 01KZ3H9R72YGWP3XE1WFSVZSHQ 只说计划使用三台 Raspberry Pi，与项目启动时间无关；候选无 about two months ago，应为 gap。
023-b20260803-r2-0-00154-0-00154-q0,single-hop,train,What event did Mei plan for Valentine's Day?,Mei planned a 3-course dinner menu and set up a romantic ambiance with soft lights and live music for Valentine's Day.,Mei confirmed a booking for a group of 15 for Valentine's Day next week. || Mei finalized a contract with a local supplier for organic vegetables starting next week. || Mei had a busy weekend with lots of reservations. || Mei had to make some adjustments to the kitchen staff schedule due to sick calls yesterday. || Mei needs to order new tablecloths and place settings for the upcoming season. || Mei owns a cozy Italian restaurant called 'La Bella Cucina'. || Mei plans to have a special event on Valentine’s Day. || Mei will check in with the new chef before the March 15th wedding to ensure the menu fits the client’s needs. || Mei will offer a 3-course dinner menu for the special event. || Mei will set up a romantic ambiance with soft lights and live music for the special event. || The new chef Mei hired last month is enthusiastic and planning new dishes for mid-March.,"[""01KZ3P14BCDYBDDG723QQRXGWT"", ""01KZ3P0Y8457K9DB948K8WEQJ7"", ""01KZ3P09ASPB7ME1JMVBG1MA1R"", ""01KZ3P14BJPP2RNCGFDGYDTYFQ"", ""01KZ3P14BM09XBNGXWDXS7246R"", ""01KZ3P09APEW4XMMG8H8H33QW8"", ""01KZ3P09AW4CBYFVG3JMQW6MQA"", ""01KZ3P0Y884PXYAS2PJWM0RS8N"", ""01KZ3P09AY88WG7ZZH3ZHCAGYP"", ""01KZ3P09AZD5MN7CG3QJW8AZJ0"", ""01KZ3P0Y87VS7GC2Y77M87H8FM""]","[0, 1, 2, 3, 4, 5, 6, 7, 8, 9, 10]","[[""01KZ3P0Y8B3RGX359ATF9825W8""], [""01KZ3P0P9VJM235VRE2W8WMTEE""], [""01KZ3P00FVZQ2N6XRRE69EQGNB""], [""01KZ3P0Y8C6D0AM84V5KDEEV7V""], [""01KZ3P0Y8CZ2DTHGANSWTV0S78""], [""01KZ3P00FVKC2H6TMYD1NX99C6""], [""01KZ3P00FVZQ2N6XRRE69EQGNB""], [""01KZ3P0P9WBN6MW55WWAAW3V4C""], [""01KZ3P00FWDE0H1J9RQK9ABXGG""], [""01KZ3P00FWDE0H1J9RQK9ABXGG""], [""01KZ3P0P9W09XREV1FDVNP6C91""]]","{""entities"": [""Mei"", ""Valentine's""], ""time_constraints"": [], ""operands"": [], ""list_cardinality"": {""known"": false, ""count"": 0}, ""update_state"": """", ""gap"": null}","[{""kind"": ""KEEP"", ""candidate_id"": ""01KZ3P09ASPB7ME1JMVBG1MA1R"", ""source_id"": ""01KZ3P00FVZQ2N6XRRE69EQGNB""}, {""kind"": ""KEEP"", ""candidate_id"": ""01KZ3P09AW4CBYFVG3JMQW6MQA"", ""source_id"": ""01KZ3P00FVZQ2N6XRRE69EQGNB""}]",fail,现有 KEEP 未覆盖完整活动；还应 KEEP 01KZ3P09AY88WG7ZZH3ZHCAGYP、01KZ3P09AZD5MN7CG3QJW8AZJ0，并保留 01KZ3P09AW4CBYFVG3JMQW6MQA。
023-b20260803-r2-0-00069-0-00069-q0,single-hop,train,What specific protocol did Sam consider switching to for improving the scalability of his project?,gRPC,Dr. Patel suggested revisiting the peer-to-peer communication protocol used in Sam's research due to potential inefficiencies. || Dr. Thompson suggested using a more efficient consensus protocol to address Sam's algorithm issues. || Sam discussed scalability issues with his latest data replication algorithm with his advisor Dr. Thompson last week. || Sam has a meeting with Dr. Patel next Tuesday to discuss his thesis progress. || Sam has been trying to integrate more nodes into his test network for the scalability part but hasn't succeeded. || Sam is a graduate student writing a thesis on distributed systems. || Sam is considering switching to gRPC for the peer-to-peer communication protocol due to its efficiency for RPC calls. || Sam is considering the Raft protocol for addressing the latency issues in his data replication algorithm. || Sam is working on a thesis related to distributed systems and is currently stuck on the scalability part. || Sam mentioned their thesis topic is on the impact of edge computing on network latency in distributed systems. || Sam plans to run simulations on the Raft protocol this weekend to test its performance. || Sam plans to start implementing gRPC this week. || Sam’s presentation next month will include a new section on practical applications.,"[""01KZ3K0KQFTMM15RDBVFGNYMA5"", ""01KZ3K0YWNV2ENFE104W9PHQP6"", ""01KZ3K0YWM0MDKER06VFAF2F1J"", ""01KZ3K0KQHWTSS0HCP071GFZDV"", ""01KZ3K0KQDSMFNRCWPZQ818JSE"", ""01KZ3K04K663KAGVHSK5VF4DXM"", ""01KZ3K0KQGE8QAADHM2E1HS93B"", ""01KZ3K0YWQQZ1VTB7RCCDAPA48"", ""01KZ3K0KQAHY5SFSNMVR0NM1Y2"", ""01KZ3K0669RX0FX3719NBRBM0G"", ""01KZ3K0YWR9TZM578Y0VVKXSQX"", ""01KZ3K0KQHQWYNNQDTK23VXQZ1"", ""01KZ3K0YWSFBDRWTEWFJCESNEY""]","[0, 1, 2, 3, 4, 5, 6, 7, 8, 9, 10, 11, 12]","[[""01KZ3K066CRTKH0178E57TSP84""], [""01KZ3K0KQKR3QE81JEJ3H9SH68""], [""01KZ3K0KQKR3QE81JEJ3H9SH68""], [""01KZ3K066DT1VS7SEWEZ00G7TF""], [""01KZ3K066CAD144T7M1FTR8RBP""], [""01KZ3K02YJFJQP0M2QDP5R6P3D""], [""01KZ3K066DTC8ZQ6BF0CC95AN5""], [""01KZ3K0KQMPD5NHRPAA7KJ1J2P""], [""01KZ3K066CAD144T7M1FTR8RBP""], [""01KZ3K04K81MW70PFR294ER5SF""], [""01KZ3K0KQMPD5NHRPAA7KJ1J2P""], [""01KZ3K066D2QDKWC0ZT73MBG4C""], [""01KZ3K0KQMY3VBRRWD2E8VT2D4""]]","{""entities"": [""Sam""], ""time_constraints"": [], ""operands"": [], ""list_cardinality"": {""known"": false, ""count"": 0}, ""update_state"": """", ""gap"": null}","[{""kind"": ""KEEP"", ""candidate_id"": ""01KZ3K0KQGE8QAADHM2E1HS93B"", ""source_id"": ""01KZ3K066DTC8ZQ6BF0CC95AN5""}]",pass,
023-b20260803-r2-0-00137-0-00137-q0,single-hop,train,What is the name of Dana's home-lab project?,HomeNet,"Currently, HomeNet has only one contributor, Dana. || Dana added a new server to her home-lab project in February 2026. || Dana added two more Raspberry Pi 4s to her home-lab network last month. || Dana considers using TensorFlow or PyTorch for her machine learning projects, preferring TensorFlow due to its ease of use for beginners. || Dana has been keeping up with regular maintenance and monitoring the network. || Dana installed new security protocols on the newly updated Raspberry Pi 4s. || Dana intends to start setting up her machine learning environment this weekend. || Dana is a software engineer. || Dana is considering adding SSDs to some of the devices in her home-lab network to improve performance. || Dana noticed significant performance improvements after upgrading her server hardware. || Dana plans to set up a machine learning environment on her upgraded server for personal projects. || Dana plans to upgrade her storage solutions but hasn’t started yet. || Dana updated the new Raspberry Pi 4s to the latest Raspbian OS. || Dana upgraded her server hardware last week, swapping out the old CPU and adding more RAM. || The existing devices in Dana’s home-lab network are handling the additional load with a slight increase in latency during peak usage times.","[""01KZ3NBPSNYR6PP0P5PY0E19HW"", ""01KZ3NBYK8A5S3J0JXH93NY782"", ""01KZ3NCAGA4N9WECH0BWPT62ZD"", ""01KZ3NCNXJHXTJJPKZ3G9Y94VY"", ""01KZ3NBYKHT8983TT8K87M4TGM"", ""01KZ3NCAGER2F0AS9ZJZ5DMV76"", ""01KZ3NCNXKAYEFYEKC295DW324"", ""01KZ3NBPSG2YK87ESAY3F623PR"", ""01KZ3NCAGHYAZCF8N0QY73JHG1"", ""01KZ3NCNXG20BBW99H6D8KRC8H"", ""01KZ3NCNXHD3AFYNGAEQKCYVV7"", ""01KZ3NBYKEB4J2P8PJTXEJBGQE"", ""01KZ3NCAGCAJ99KJ72B6G3A8HN"", ""01KZ3NCNXD68RHA11V10SH5YZC"", ""01KZ3NCAGF87AXB9QVBJEW32BH""]","[0, 1, 2, 3, 4, 5, 6, 7, 8, 9, 10, 11, 12, 13, 14]","[[""01KZ3NBG3F12PVVJYMQAHDSNVS"", ""01KZ3NBG3FDPG77YRSDAZGAVJB""], [""01KZ3NBPSQQXZC3Q9MB1TQ5KV3""], [""01KZ3NBYKJTNJ4W0KFWH2EWVEX""], [""01KZ3NCAGKYS03H8KTS4R2K5N6""], [""01KZ3NBPSRAXJXNM9A6XXD3NKM""], [""01KZ3NBYKJBM32PQ33TQA1DJQG""], [""01KZ3NCAGME20WCMYRCEA1HH37""], [""01KZ3NBG3CDPJ7CDN4XR7K5WNJ""], [""01KZ3NBYKK7QNJGV7F9D9E76NX""], [""01KZ3NCAGJQRYCS2VDJ37AASRT"", ""01KZ3NCAGJTND8BRDQD3E5WPDR""], [""01KZ3NCAGKYS03H8KTS4R2K5N6""], [""01KZ3NBPSR5QP59QZPAXGJSFS3""], [""01KZ3NBYKJBM32PQ33TQA1DJQG""], [""01KZ3NCAGJA6WCRZY9K4XQPASC"", ""01KZ3NCAGJQRYCS2VDJ37AASRT""], [""01KZ3NBYKKHWN8DZYGMSNE5F48""]]","{""entities"": [""Dana's""], ""time_constraints"": [], ""operands"": [], ""list_cardinality"": {""known"": false, ""count"": 0}, ""update_state"": """", ""gap"": {""kind"": ""entity"", ""entity"": ""Dana's"", ""start"": null, ""end"": null, ""operand"": """", ""source_need"": ""entity:Dana's""}}",[],fail,gap漏标；应 KEEP 01KZ3NBPSNYR6PP0P5PY0E19HW，候选明确给出 HomeNet 并关联 Dana。
023-b20260803-r2-0-00150-0-00150-q0,single-hop,train,When did Mei start taking reservations at Savor?,We start taking reservations from noon onwards.,"Logistics issues with deliveries from Green Fresh Produce have been resolved. || Mei added grilled salmon with a lemon herb sauce to the menu and it was well-received. || Mei confirmed with Green Fresh Produce for vegetable and fruit supplies. || Mei has a big event booked for next weekend with 20 people. || Mei has narrowed down the wine supplier options to a local winery and a renowned international brand. || Mei is considering adding new salads, side dishes, and a seasonal fruit dessert to the menu. || Mei mentioned that they were planning to have a special menu for Valentine's Day last month. || Mei needs to hire extra servers and possibly open an hour earlier for the upcoming Valentine's Day weekend. || Mei operates a restaurant called Savor in downtown Seattle. || Mei planned a farm-to-table dinner on January 20th featuring Green Fields Produce. || Mei planned to offer a three-course meal with wine pairings for Valentine's Day. || Mei plans to add more tables to accommodate the large groups of guests. || Mei reserved a few bottles of champagne for toasts during Valentine's Day. || Mei's restaurant reservations for the upcoming weekend are looking very good. || Mei started working with Green Fields Produce last week. || Most tables are booked for the farm-to-table dinner, but a few more confirmations are needed. || Savor has 30 tables. || Savor starts taking reservations from noon onwards. || Savor works with Green Grocers for fresh produce. || Savor works with Sea Breeze for seafood. || There was an initial delay in delivery times from Green Fields Produce.","[""01KZ3NWC0YZJAF59EG6NASKH4D"", ""01KZ3NWC0ZXGP5BMTZCMVPDYFY"", ""01KZ3NWC0X2WBD7P4G784GHCNC"", ""01KZ3NWC0V1K00ET2XKX33FFGH"", ""01KZ3NW3BPVAG7DRKHY6Y9VG9N"", ""01KZ3NVMNZ2H1C53B0A8QQGEM3"", ""01KZ3NW3BJ2AE49GVBA6PHHGM5"", ""01KZ3NW3BSEHR5V3K7SA99VW8X"", ""01KZ3NVDA62WWBE90RTWMX7HEV"", ""01KZ3NVMNWD5WWBAZ0AABPS93K"", ""01KZ3NW3BMHSM6H8DNNZ9WS4QZ"", ""01KZ3NW3BR5WZEQTCET4K87XRV"", ""01KZ3NW3BPGHFNAF3TK0HND4K3"", ""01KZ3NW3BQ56DWGSWT3EDWKCNP"", ""01KZ3NVMNT7W9JS2WG8T71XNP3"", ""01KZ3NVMNYGSJ11JRZ3REQWRES"", ""01KZ3NVDA9BQR1D4DZ700HS6AE"", ""01KZ3NVDABRT7EQZX75XPWMGW4"", ""01KZ3NVDADP4K6EGSRX67Y7A33"", ""01KZ3NVDAFXHPYQHWE8NVMR3JX"", ""01KZ3NVMNZTHM1EQCGPFYXZ9TD""]","[0, 1, 2, 3, 4, 5, 6, 7, 8, 9, 10, 11, 12, 13, 14, 15, 16, 17, 18, 19, 20]","[[""01KZ3NW3BVVNR4Y54T657X20KQ""], [""01KZ3NW3BVHTNBHGVQ69AYY3WX""], [""01KZ3NW3BTRW373TV9D2TYHRBX""], [""01KZ3NW3BTADYQX9N68JTMJY3H""], [""01KZ3NVMP1R2DD1Y02ABN1JE5G""], [""01KZ3NVDAN27XNG9CSWTFGJ32Y""], [""01KZ3NVMP07G2ED8HGR3DRNA41""], [""01KZ3NVMP2DN5YASJT4J3KQNDR""], [""01KZ3NV5846SZNS22PMYX7QYAN""], [""01KZ3NVDAJPYG4DXPNPPFG2FXS""], [""01KZ3NVMP07G2ED8HGR3DRNA41""], [""01KZ3NVMP1X60TX54N8DPDSZ8C""], [""01KZ3NVMP07G2ED8HGR3DRNA41""], [""01KZ3NVMP1X60TX54N8DPDSZ8C""], [""01KZ3NVDAH77TZFPDC4DFYTNKZ""], [""01KZ3NVDAK9RKEA46BPX9EJE64""], [""01KZ3NV58536K3RC0HHHEPQ7DX""], [""01KZ3NV5865YS2EY48FTE1V2ZT""], [""01KZ3NV58712KGX3R2VCMH6ANF""], [""01KZ3NV58712KGX3R2VCMH6ANF""], [""01KZ3NVDANK3B43REVSMP3CTS2""]]","{""entities"": [""Mei"", ""Savor""], ""time_constraints"": [], ""operands"": [], ""list_cardinality"": {""known"": false, ""count"": 0}, ""update_state"": """", ""gap"": null}","[{""kind"": ""KEEP"", ""candidate_id"": ""01KZ3NVDABRT7EQZX75XPWMGW4"", ""source_id"": ""01KZ3NV5865YS2EY48FTE1V2ZT""}]",pass,
023-b20260803-r2-0-00035-0-00035-q0,single-hop,train,What is the target soft launch date for the NovaTech project?,"June 15th, 2026","Priya mentioned her project 'NovaTech' and its soft launch date of June 15, 2026. || The project 'NovaTech' involves approximately 15 key team members.","[""01KZ3HQ5WGZ83MJH231D8DSFT3"", ""01KZ3HQ5WH9BNVQG6G6BZ6PFSD""]","[0, 1]","[[""01KZ3HQ1346K9M2NK214P67471"", ""01KZ3HQ134H622N2JM57SE88BE""], [""01KZ3HQ1353AYWH3EM8QPF5XZ8""]]","{""entities"": [""NovaTech""], ""time_constraints"": [], ""operands"": [], ""list_cardinality"": {""known"": false, ""count"": 0}, ""update_state"": """", ""gap"": null}","[{""kind"": ""KEEP"", ""candidate_id"": ""01KZ3HQ5WGZ83MJH231D8DSFT3"", ""source_id"": ""01KZ3HQ1346K9M2NK214P67471""}]",pass,
023-b20260803-r2-0-00081-0-00081-q0,single-hop,train,What are the key family members going on the July vacation to Europe?,"The family members going on the July vacation are the user, their parents, and their two cousins.",Alex finalized the itinerary for a July vacation to Europe.,"[""01KZ3KCWFNA7TKYMZKG8Q3S0EX""]",[0],"[[""01KZ3KCJD1WSSQRY719KGPZZYP""]]","{""entities"": [""Europe"", ""July""], ""time_constraints"": [], ""operands"": [], ""list_cardinality"": {""known"": false, ""count"": 0}, ""update_state"": """", ""gap"": {""kind"": ""entity"", ""entity"": ""Europe"", ""start"": null, ""end"": null, ""operand"": """", ""source_need"": ""entity:Europe""}}",[],pass,
023-b20260803-r2-0-00169-0-00169-q0,single-hop,train,When did Dana start her home-lab project?,"January 5th, 2026","Dana added a new monitoring tool that sends alerts if something goes wrong. || Dana added temperature and humidity sensors to her new Raspberry Pi last week. || Dana has been pulling data from the new sensors via her local server. || Dana has encountered issues with network configuration during her home-lab project. || Dana has made progress on network configuration issues but still needs to tweak a few settings. || Dana installed network and security on her new Raspberry Pi last week. || Dana intends to add more storage to the server next week after ensuring stability. || Dana intends to use the new weather prediction model to forecast the next day's weather based on current sensor readings. || Dana is considering adding an AI component to her home-lab, specifically a weather prediction model. || Dana is working on a home-lab project involving a small server to run various applications. || Dana plans to integrate the new monitoring tool and perform final testing. || Dana plans to start working on the weather prediction model this weekend. || Dana reduced the server load by 20% with new caching strategies. || Dana's home-lab project was expected to be completed by the end of March but is now delayed to the middle of May. || Dana's team has been supportive and patient with the home-lab project delays. || Dana's tech meetup in April was canceled due to the home-lab project. || Dana started her home-lab project around January 5th, 2026. || Dana updated her home-lab with a new Raspberry Pi model last week.","[""01KZ3PJC025DXR3QTSHA1KCPY2"", ""01KZ3PJV0WHYPAB8VD42QV3J80"", ""01KZ3PJV0YZGNCYZY6EQDWX1D6"", ""01KZ3PJ3ETSQVBS1XB5BZXEX22"", ""01KZ3PJ3EVWCF519YT7MY846DE"", ""01KZ3PJV0T4BG1V72T1K8H0ZCE"", ""01KZ3PJC045ZZ0AA5X0J0W06YY"", ""01KZ3PJV11ZKZB0THDWRQV605Y"", ""01KZ3PJV0Z4DMPP5B3ZGFBCV1T"", ""01KZ3PJ3EMFPHY57FZ4X9353S9"", ""01KZ3PJC03Z9EDSD3J81X88TM6"", ""01KZ3PJV10DGQN5X0HTT968JX9"", ""01KZ3PJC01ASEJ0690FZH7F1GR"", ""01KZ3PK2TWKPB8A5PTX4BZRGS9"", ""01KZ3PK2TZ38P8NBDGEGK6EMS8"", ""01KZ3PK2TX6RYCSWZDMV7G82XH"", ""01KZ3PJ3EST34BMFBWG8W3E1X7"", ""01KZ3PJV0SZTJYPV9YZ7Y2QNPV""]","[0, 1, 2, 3, 4, 5, 6, 7, 8, 9, 10, 11, 12, 13, 14, 15, 16, 17]","[[""01KZ3PJ3EX2GHXHKDKA8HQT0EQ""], [""01KZ3PJC04W5GWFCX4A033J2QP""], [""01KZ3PJC04W5GWFCX4A033J2QP""], [""01KZ3PHT36BNNSMEVJTMFY20K6""], [""01KZ3PHT36ZMFY962AX3DV28BY""], [""01KZ3PJC04W5GWFCX4A033J2QP""], [""01KZ3PJ3EX1ABHGRZ9VNXX6CRK"", ""01KZ3PJ3EXVTFQK4GK414STW7F""], [""01KZ3PJC05R9BYRRN0MX69Z4TB""], [""01KZ3PJC05R9BYRRN0MX69Z4TB""], [""01KZ3PHT34C3G7VEG7PKY8VPAY""], [""01KZ3PJ3EX2GHXHKDKA8HQT0EQ""], [""01KZ3PJC0618VHYNX4FYHECP1R""], [""01KZ3PJ3EX2GHXHKDKA8HQT0EQ""], [""01KZ3PJV149VM5JMV8R3JYDYTQ"", ""01KZ3PJV14P8H6AQ4VYKYTN91X""], [""01KZ3PJV149VM5JMV8R3JYDYTQ"", ""01KZ3PJV14P8H6AQ4VYKYTN91X""], [""01KZ3PJV15RDGQTS7PB8PBGY8K"", ""01KZ3PJV15SR9423C7CWTTQDEP""], [""01KZ3PHT35YN1J4GBHFMR3KAX0""], [""01KZ3PJC04W5GWFCX4A033J2QP""]]","{""entities"": [""Dana""], ""time_constraints"": [], ""operands"": [], ""list_cardinality"": {""known"": false, ""count"": 0}, ""update_state"": """", ""gap"": null}","[{""kind"": ""KEEP"", ""candidate_id"": ""01KZ3PJ3EST34BMFBWG8W3E1X7"", ""source_id"": ""01KZ3PHT35YN1J4GBHFMR3KAX0""}]",pass,
023-b20260803-r2-0-00165-0-00165-q1,temporal,train,When did Sam plan to complete his thesis by?,the end of March,"Sam aims to complete his thesis by the end of March. || Sam has updated the case study section of his thesis to include the latest findings from the PAX system project. || Sam is facing challenges with simulating network failures in his thesis. || Sam is using ns-3 for network simulation in his thesis. || Sam is working on a thesis focused on fault tolerance in distributed systems. || Sam aims to complete the major parts of the thesis by the end of next year, providing sufficient time for analysis and writing. || Sam discussed his thesis project on distributed systems with the assistant last month. || Sam faced issues with data consistency when integrating new PAX metrics into his analysis. || Sam found the TPC-H and TPC-C benchmarks useful for his thesis project. || Sam has outlined his thesis chapters and set preliminary deadlines. || Sam has run into challenges with performance metrics in his thesis project. || Sam has started reading papers on distributed system resilience. || Sam implemented a more robust synchronization protocol to resolve data consistency issues. || Sam intends to start with a literature review and possibly conduct small-scale experiments to understand the hybrid storage strategy better. || Sam is studying private clouds due to their better control over security and compliance, particularly relevant for finance and healthcare industries. || Sam is unsure whether to focus more on latency or throughput for his thesis project. || Sam is working on a thesis about optimizing data distribution in cloud environments, specifically focusing on improving data access times and reducing latency. || Sam plans to implement a hybrid storage strategy combining local and distributed storage solutions to optimize data distribution in private clouds. || Sam plans to meet with Dr. Lee next week to get tips on ns-3. || Sam plans to meet with his advisor next week to discuss the thesis updates. || Sam’s first chapter is planned to be completed by the end of February. || The assistant recalled discussing benchmarking tools TPC-H and TPC-C with Sam.","[""01KZ3PE5H2M1SCAM0Q64JM8KC6"", ""01KZ3PE5GVC4W7YVNMGP8975V2"", ""01KZ3PDV340N1A75BGM1VQPTHE"", ""01KZ3PDV350MWG41W7WH66FQME"", ""01KZ3PDV33Z11KDZTYWB6TMXWR"", ""01KZ3PD3A0B0MZ2JSE0ZHCJ6HQ"", ""01KZ3PDGMQFMWB49D2B732ESB5"", ""01KZ3PE5H059MTQ3AFTDSJG9MZ"", ""01KZ3PDGMVMVM54GBCNSAKYA6Y"", ""01KZ3PDV39XJJ15NF8FF51G594"", ""01KZ3PDGMR2NCGS0ZMAG1S77BJ"", ""01KZ3PDV383RYCEMQ32TPMNR05"", ""01KZ3PE5H1KXGZQ0QJ604WD4KN"", ""01KZ3PD3A066527W2T4R06H3CZ"", ""01KZ3PD39Y7XRCZFMTZKDYCXHY"", ""01KZ3PDGMW3C1Z80AWV44AV9TY"", ""01KZ3PD39W4HV7BX3MWVK2J3SV"", ""01KZ3PD39ZG6V4RW8V4QT4WWWD"", ""01KZ3PDV37T7T9TEQJGNTHH6A6"", ""01KZ3PE5H27D746D729S3RQET6"", ""01KZ3PDV3AP0GGQFPF4G8FZAE2"", ""01KZ3PDGMT17BV2T7ZWXHCW3DV""]","[0, 1, 2, 3, 4, 5, 6, 7, 8, 9, 10, 11, 12, 13, 14, 15, 16, 17, 18, 19, 20, 21]","[[""01KZ3PDV3CV6JN0WQ3AVEW3RBD""], [""01KZ3PDV3BXN0SN44H9DFDAA9X""], [""01KZ3PDGMZAMMDFTDF7HD4GW98""], [""01KZ3PDGN0PG66VS5PE8WM7XC1""], [""01KZ3PDGMZS7DDPZTJ0M66BP4W""], [""01KZ3PCTKB35TZE0RZBFZWQSMY""], [""01KZ3PD3A1YCW7TXY176Q30B85""], [""01KZ3PDV3BR7EXKJAPFY0FHN2D""], [""01KZ3PD3A22C9XW1JKPVR8EQSN"", ""01KZ3PD3A2MV91QJH9Y2P4K1BX""], [""01KZ3PDGN064SB7001TW0QRVJW""], [""01KZ3PD3A1FBFKFSA2Z31CD4Z0""], [""01KZ3PDGN0CHGNWMPCQWEEN3ZZ""], [""01KZ3PDV3BR7EXKJAPFY0FHN2D""], [""01KZ3PCTK9Q7FC6XEXM2P1KWZM""], [""01KZ3PCTK8VFF24N2JC2T8776J""], [""01KZ3PD3A22C9XW1JKPVR8EQSN""], [""01KZ3PCTK7TEWHNJ32DKWCY3W9""], [""01KZ3PCTK9S1Q48VRCZ1FF4YH1""], [""01KZ3PDGN0CHGNWMPCQWEEN3ZZ""], [""01KZ3PDV3CPSTXKFPX7GQW9KG2""], [""01KZ3PDGN064SB7001TW0QRVJW""], [""01KZ3PD3A2MV91QJH9Y2P4K1BX""]]","{""entities"": [""Sam""], ""time_constraints"": [], ""operands"": [], ""list_cardinality"": {""known"": false, ""count"": 0}, ""update_state"": """", ""gap"": null}","[{""kind"": ""KEEP"", ""candidate_id"": ""01KZ3PD3A0B0MZ2JSE0ZHCJ6HQ"", ""source_id"": ""01KZ3PCTKB35TZE0RZBFZWQSMY""}, {""kind"": ""KEEP"", ""candidate_id"": ""01KZ3PDGMQFMWB49D2B732ESB5"", ""source_id"": ""01KZ3PD3A1YCW7TXY176Q30B85""}, {""kind"": ""KEEP"", ""candidate_id"": ""01KZ3PDV39XJJ15NF8FF51G594"", ""source_id"": ""01KZ3PDGN064SB7001TW0QRVJW""}, {""kind"": ""KEEP"", ""candidate_id"": ""01KZ3PDV3AP0GGQFPF4G8FZAE2"", ""source_id"": ""01KZ3PDGN064SB7001TW0QRVJW""}]",fail,现有 KEEP 含冲突截止时间；应 KEEP 01KZ3PE5H2M1SCAM0Q64JM8KC6，直接给出 end of March。
023-b20260803-r2-0-00016-0-00016-q1,temporal,train,When did Dana plan to start the upgrade of her server hardware?,Next week,"Dana upgraded her server on 2026-06-04. || Dana added several AI models to her home-lab project, including natural language processing models like BERT and GPT-3. || Dana adjusted firewall settings and tweaked the routing table to resolve network configuration issues during the server upgrade. || Dana aims to complete a preliminary setup of the monitoring tools by the end of May. || Dana encountered compatibility issues between the old and new databases during the migration. || Dana expects to start implementing the monitoring tools next week. || Dana faced challenges during the server upgrade process, including network configuration issues. || Dana finished the initial optimization of the server performance this week. || Dana has a home-lab project with a small network of three servers and networking equipment. || Dana has custom scripts for specific tasks in his home-lab. || Dana is considering using Prometheus and Grafana for the monitoring tools. || Dana plans to add monitoring tools to the project next. || Dana plans to upgrade her server hardware by getting an NVIDIA RTX 4090 GPU. || Dana scheduled the database migration over a weekend to minimize disruption. || Dana started working on the database migration project after finishing user data migration. || Dana uses a combination of local storage and a cloud-based solution for data storage in her home-lab project. || Dana uses a router and a switch in his home-lab network. || Dana uses Ansible for automation and monitoring in his home-lab. || The servers in Dana's home-lab are used for development, testing, and production.","[""01KZ3H2DWJWY1NZJ1QPVB4R2HW"", ""01KZ3H2DWG779Z3KJHA1R01P3A"", ""01KZ3H2DWMC10DW6RF6KC2BSTG"", ""01KZ3H2REJ83BPK7HDBTS7DM7S"", ""01KZ3H22S1MANC7PBCTMEQQJBK"", ""01KZ3H2REHXRY3EDHM5DAHJQ4S"", ""01KZ3H2DWKE9NB7KDV4E7YV1E6"", ""01KZ3H2REACF2JR13VKVM0CD7V"", ""01KZ3H1SGT4YKKCBGX4VMQFC9P"", ""01KZ3H1SH2M3YH97BVNKFZ50TG"", ""01KZ3H2REGW2MDY43NT96V9GN5"", ""01KZ3H2RECPBNVFJ1NZAA2SB1R"", ""01KZ3H22RYT054JVXQQFWGPGSS"", ""01KZ3H22S2Y2RHCK1YS0W4Y2S2"", ""01KZ3H22RZXJ0260Q27VDQBTJ0"", ""01KZ3H2DWNMQNGXBATGTK7MA7F"", ""01KZ3H1SH09WA8J8WBX33661DS"", ""01KZ3H1SH16RFVY6JBYAN06W44"", ""01KZ3H1SGYVPFWRDBE61QY5HKC""]","[0, 1, 2, 3, 4, 5, 6, 7, 8, 9, 10, 11, 12, 13, 14, 15, 16, 17, 18]","[[""01KZ3H22S4RKTFDASP7ZZCG6GZ""], [""01KZ3H22S3B2EAX5GEAM8B609Q""], [""01KZ3H22S5EYMHSPD701TWGQC6""], [""01KZ3H2DWQ97ZZRGP9ZR0WV0QY""], [""01KZ3H1SH5BYKEYWZVYSMQ0SQP""], [""01KZ3H2DWP5EED60GCC48WNFWS""], [""01KZ3H22S5B260QC1A27Y6DXTH"", ""01KZ3H22S5EYMHSPD701TWGQC6""], [""01KZ3H2DWP5YQ1A7JK92Q5782B""], [""01KZ3H1E50E500EHTHP5S45V69"", ""01KZ3H1E50YBBMQ5BBFMHDJP1G""], [""01KZ3H1E52V8AT9RVE95NZ8CKS""], [""01KZ3H2DWP3H82M3TBST9FJ7ZJ""], [""01KZ3H2DWPX364QKSVAK4Z5YKY""], [""01KZ3H1SH3YY0GMSM2BS3JW3X1"", ""01KZ3H1SH4ZRCYPDF2HTY1PQAH""], [""01KZ3H1SH5EDWWANCXP90RADGA""], [""01KZ3H1SH4Y35FDCMSYZ2WP1ZM"", ""01KZ3H1SH4YJDZ4GVWA2NSA4N9""], [""01KZ3H22S6E8YAMCD7Q738QJ62""], [""01KZ3H1E51XTM9Y5TDE6YZBVY1""], [""01KZ3H1E52G14AKKZZ073D1YE5""], [""01KZ3H1E51DNTZ84PQP2QR5ZHF"", ""01KZ3H1E51G8AHYQKWA3EFFQTC""]]","{""entities"": [""Dana""], ""time_constraints"": [], ""operands"": [], ""list_cardinality"": {""known"": false, ""count"": 0}, ""update_state"": """", ""gap"": null}","[{""kind"": ""KEEP"", ""candidate_id"": ""01KZ3H22RZXJ0260Q27VDQBTJ0"", ""source_id"": ""01KZ3H1SH4Y35FDCMSYZ2WP1ZM""}]",fail,KEEP 01KZ3H22RZXJ0260Q27VDQBTJ0 是数据库迁移事件，不含服务器硬件升级的 next week；应为 gap。
023-b20260803-r2-0-00197-0-00197-q1,temporal,train,When is Sarah's birthday this year?,May 12th,"Sarah’s birthday is on May 12th. || Alex and the assistant will collaborate on decorating for Sarah’s birthday party. || Alex is considering setting up a photo booth with movie character themes for Sarah’s birthday party. || Alex is planning a family trip to Paris with his wife, Tom, Sarah, and himself. || Alex is planning a small gathering for Sarah’s birthday at home. || Alex's daughter Sarah's birthday is on June 15th. || Alex will handle the food and cake for Sarah’s birthday party. || Sarah's birthday is on February 20th, 2026. || Sarah wants a small gathering at home for her birthday. || The assistant suggested a Japanese theme for Sarah’s birthday party.","[""01KZ3QJ8FAE801Z7P900QTMDYJ"", ""01KZ3QHT8QH3CFY7THJS8K1FE0"", ""01KZ3QHT8JFZREZAH78GKS6VNH"", ""01KZ3QHBXRADHGRK84K2DSG37W"", ""01KZ3QHT8GRTRD4W4Y52NEGG1X"", ""01KZ3QHBY00MJ6EBMFR1WHWZC4"", ""01KZ3QHT8MBP832Y32MDPT2GEH"", ""01KZ3QHT8F4624K8AB4VJ6B3PA"", ""01KZ3QHT8P9XQMA4F0JX9SEZCK"", ""01KZ3QJ8F6JCD6YCRST7GR2GQM""]","[0, 1, 2, 3, 4, 5, 6, 7, 8, 9]","[[""01KZ3QJ260M59P7FGVR7T7W4SW"", ""01KZ3QJ261K1JCJ3SYPB9QXVCJ""], [""01KZ3QHBYA0NXAXG3JY23M23MR"", ""01KZ3QHBYA0XKCG5ACXDH9CY0W""], [""01KZ3QHBY9R0B3MXFRG9EMN58K""], [""01KZ3QGY1XX29GXNTHWQGER59K"", ""01KZ3QGY1YCTYSEKVVZX2076AJ""], [""01KZ3QHBY9NXW88VK2W65TKCAF""], [""01KZ3QGY1XX29GXNTHWQGER59K""], [""01KZ3QHBYA0XKCG5ACXDH9CY0W""], [""01KZ3QHBY8T72TH2JEJGWY9DXZ""], [""01KZ3QHBY9NXW88VK2W65TKCAF""], [""01KZ3QJ261JR5STT84J78D2V6Y""]]","{""entities"": [""Sarah's""], ""time_constraints"": [""this year""], ""operands"": [], ""list_cardinality"": {""known"": false, ""count"": 0}, ""update_state"": """", ""gap"": null}","[{""kind"": ""KEEP"", ""candidate_id"": ""01KZ3QJ8FAE801Z7P900QTMDYJ"", ""source_id"": ""01KZ3QJ260M59P7FGVR7T7W4SW""}]",pass,
023-b20260803-r2-0-00156-0-00156-q1,temporal,train,When did Dana start her home-lab project?,"Dana started her home-lab project in late 2024, around December.","Alex is struggling with the latest updates for the security protocols. || Dana added more SSDs to her server for better storage. || Dana considered rolling back to the previous firmware version to resolve the network configuration issue. || Dana encountered an issue with the network configuration in the home-lab project, possibly due to the latest firmware update. || Dana faced minor issues with power supply compatibility during the RAID 5 setup. || Dana integrated a new backup system based on cloud storage. || Dana intends to install the additional SSD this weekend. || Dana is considering a Samsung 970 EVO Plus SSD for the home-lab project. || Dana is testing her server with RAID 5 configuration. || Dana maintains a home-lab to test different software configurations. || Dana plans to add an additional SSD to the home-lab for more storage space. || Dana pushed back the home-lab project deadline to June 10th. || Dana's home-lab includes three servers, five network switches, and a few routers. || Dana started the home-lab project in December 2024. || Dana works on the home-lab project every week, usually on weekends. || The team is handling their parts of the project, but there are issues with the security protocols.","[""01KZ3P32DRCD6W9PMT383XEK6T"", ""01KZ3P2QJX9P0B7GX2ADX6KXRW"", ""01KZ3P3DPFZR5YCCF0H9V494YE"", ""01KZ3P3DPDGN7E8DPXHSCKYRDG"", ""01KZ3P2QJZP3RMWVFTJX07Y2QN"", ""01KZ3P2QJZP97MH55KD5ZZF9AZ"", ""01KZ3P3DPMBZGGBVC3TQ64BBSV"", ""01KZ3P3DPPESFH0PBG36R8RAWA"", ""01KZ3P2QJYX94WQR3AAHHZSDEN"", ""01KZ3P2FBXA0F1G5571V1A7BB7"", ""01KZ3P3DPK3DZTHWP6KSZP4VJX"", ""01KZ3P32DK8DE1XF0F4YGEW6KX"", ""01KZ3P2FC01EXH4GVPST2GC6KK"", ""01KZ3P2FC1GWQMY54WWC7A1XMM"", ""01KZ3P2FC2GV0GKY6V5A41CRN8"", ""01KZ3P32DNMV4VMJ9XCYYFRP1X""]","[0, 1, 2, 3, 4, 5, 6, 7, 8, 9, 10, 11, 12, 13, 14, 15]","[[""01KZ3P2QK1KSR4Q33B9AHCRT4S""], [""01KZ3P2FC3FD9Q89BAM0YQZ18Y""], [""01KZ3P32DZV3V78SHK8JM3P0TM""], [""01KZ3P32DZ5YPAZ1MAQKD9KT0J""], [""01KZ3P2FC4SSX2N5NZXET76GC4""], [""01KZ3P2FC49CEYV74FB7REF76X""], [""01KZ3P32E0F2ANXJR2DDBY8ZCB""], [""01KZ3P32E1QRY2XK8B7HTSHSNK""], [""01KZ3P2FC3FD9Q89BAM0YQZ18Y""], [""01KZ3P2827D5Y9QPN444E15PB6""], [""01KZ3P32E02FBYCNC4BP2VAWA1""], [""01KZ3P2QK11CFHK465C6MFK9J8""], [""01KZ3P2828E04WDSHFH4A0VBGA""], [""01KZ3P28282RXBZG50KKX7W9DP""], [""01KZ3P2829HNWH8MRPFGFS8D7Q""], [""01KZ3P2QK1KSR4Q33B9AHCRT4S""]]","{""entities"": [""Dana""], ""time_constraints"": [], ""operands"": [], ""list_cardinality"": {""known"": false, ""count"": 0}, ""update_state"": """", ""gap"": {""kind"": ""entity"", ""entity"": ""Dana"", ""start"": null, ""end"": null, ""operand"": """", ""source_need"": ""entity:Dana""}}",[],fail,gap漏标；应 KEEP 01KZ3P2FC1GWQMY54WWC7A1XMM，December 2024 覆盖 late 2024。
023-b20260803-r2-0-00080-0-00080-q1,temporal,train,When did Sam start working on his thesis project?,April 2025,"Sam completed the literature review just before spring break. || Sam faced the challenge of implementing a reliable message delivery system without a central authority. || Sam has been working on optimizing the algorithm for data synchronization with Dr. Patel. || Sam has outlined most of the chapters and drafted some sections for the methodology section. || Sam is concerned about covering all important points and staying within the allotted time for his presentation. || Sam is preparing his presentation slides for the conference, focusing on key challenges and solutions with case studies. || Sam is reading up on best practices for presentations and organizing thoughts for the proposal defense. || Sam is studying papers by Google's Spanner and FaunaDB. || Sam is working on the chapter about network protocols for his thesis. || Sam plans to contact Dr. Emily Carter at Stanford University for advice or collaboration. || Sam plans to do real-world testing of his algorithm next month. || Sam plans to have a preliminary draft ready by the end of April. || Sam plans to run tests on the optimized algorithm this weekend. || Sam's proposal defense is scheduled for June 15th. || Sam's research focus is on the reliability and scalability of distributed databases, particularly how they handle failures and ensure data consistency. || Sam’s thesis focuses on the reliability aspects and handling failures in distributed systems. || Sam started working on his thesis project in April 2025. || Sam tested his algorithm using simulations under various failure conditions. || Sam tries to block out specific times for each task to manage time with other commitments. || Sam will present his research at a conference in June. || The presentation for Sam's work is scheduled for February 15th.","[""01KZ3KCJ3PPJ0D6VPVZNEPE47R"", ""01KZ3KC7668J80PSBATXX86ZPJ"", ""01KZ3KBT31214XS07R7ZQ25SKW"", ""01KZ3KCJ3VK14C7GZAYY3H8805"", ""01KZ3KC76BMXNN3EMH4YX2BPTZ"", ""01KZ3KC76AFJXXJHHFSQMWK0XB"", ""01KZ3KCJ3X05276BY97ZX7P8ED"", ""01KZ3KBKW54TMQJSCAA80ZQKRZ"", ""01KZ3KC762N7KR4J0YYWX9W48E"", ""01KZ3KBKW6EJJX5P5JP4TTB428"", ""01KZ3KC768SJ37ZAR4G4Q31DN5"", ""01KZ3KCJ3SSCV0GA7F34F9BMXC"", ""01KZ3KBT331S3TRAKXQ1N2JVEV"", ""01KZ3KCJ3WPVKY43HRXVGTSSF2"", ""01KZ3KBKW3XSZXNKT5NEXGMCP8"", ""01KZ3KC765XVB5J5012VY05J81"", ""01KZ3KBKW1SQJ70C28TYT9YG1M"", ""01KZ3KC767CNSGZQ3CQR8WNN7B"", ""01KZ3KCJ3Y8P03TDEN14CBZ12Y"", ""01KZ3KC769RPRXRZ82AXRRHX67"", ""01KZ3KBT34HD4MKR4645D1S8QV""]","[0, 1, 2, 3, 4, 5, 6, 7, 8, 9, 10, 11, 12, 13, 14, 15, 16, 17, 18, 19, 20]","[[""01KZ3KC76ECPGW1XRANJQYSQB2""], [""01KZ3KBT35RQFX16RDMKM744RN""], [""01KZ3KBKW7AYXHKWH7J8YQP0V1""], [""01KZ3KC76FTXT4JMKYGS9JRJY7""], [""01KZ3KBT37XG1B5JP0DNXMSQJF""], [""01KZ3KBT36E7KWMX3SYHZ4GZHN""], [""01KZ3KC76FVC8Y7PC3HXPT4874""], [""01KZ3KBDYHM5G160E59KAQ4ZZ1""], [""01KZ3KBT35P63CD1H9B2SDGD68""], [""01KZ3KBDYHN585X18N4ZVZEEF7""], [""01KZ3KBT369WX04PZMSCQJ6ZH7""], [""01KZ3KC76E936AZSR03Q2H75K9""], [""01KZ3KBKW8W00Q2ZDESMQPFF7B""], [""01KZ3KC76FVC8Y7PC3HXPT4874""], [""01KZ3KBDYG2N0D1AKWT1Y09V0W""], [""01KZ3KBT35GE0EGY8BWBWJW4J3""], [""01KZ3KBDYGSJD0TRSHS64XRMPR""], [""01KZ3KBT3653D3AFXNF840JSA9""], [""01KZ3KC76G1ED08SQTVPWFGZ35""], [""01KZ3KBT36N3QH6WN2GPE28RGC""], [""01KZ3KBKW8WT1G5BGVW9W9TG9K""]]","{""entities"": [""Sam""], ""time_constraints"": [], ""operands"": [], ""list_cardinality"": {""known"": false, ""count"": 0}, ""update_state"": """", ""gap"": null}","[{""kind"": ""KEEP"", ""candidate_id"": ""01KZ3KBKW1SQJ70C28TYT9YG1M"", ""source_id"": ""01KZ3KBDYGSJD0TRSHS64XRMPR""}]",pass,
023-b20260803-r2-0-00122-0-00122-q1,temporal,train,When did Dana start her home-lab project?,2024,"Dana added a new server, an Intel NUC with 16GB RAM and a 1TB SSD, to her home-lab project. || Dana aims to add more servers by the end of 2026 and expand the virtualization environment. || Dana discussed upgrading server hardware next month and intends to do so after resolving the model issues. || Dana faces challenges with network configurations and ensuring security while setting up the servers. || Dana has three servers in her home-lab: one runs a Linux distribution for development work, another hosts a virtualization environment, and the third is for data storage. || Dana installed new tools for monitoring and managing her home-lab project. || Dana intends to start experimenting with Docker containers for some of the services in her home-lab project. || Dana is considering upgrading the hard drive of the old server in her home-lab project. || Dana is planning to involve friends in her home-lab project once they have more resources. || Dana plans to add more storage capacity by installing a second 2TB drive for redundancy in her home-lab project. || Dana plans to adjust the learning rate to test if it improves model performance. || Dana's home-lab project is primarily for testing new technologies and experimenting with different setups. || Dana started her home-lab project in 2024. || Dana started seeing performance drops in her AI model about two weeks ago, around 2026-05-30. || Dana tested out a new firewall setup using pfSense in her home-lab project. || Dana thinks the performance drop might be due to preprocessing steps rather than the dataset version. || Dana updated the firmware on her Raspberry Pi cluster to the latest version.","[""01KZ3MTXKWC6ESR4693NSKQFZQ"", ""01KZ3MT6YP5F20G7AM1024PRKJ"", ""01KZ3MTEQ291EBWXF9QPP90S8M"", ""01KZ3MT6YM0BXBYAGMRR1X0ZV2"", ""01KZ3MT6YGVZBWZ8XMN5ZMA5XS"", ""01KZ3MTXM2JZ09ACV747THCK0W"", ""01KZ3MTXM60DHKCDK8HT4Z4N8F"", ""01KZ3MTXM0T0N4339XJECPADPH"", ""01KZ3MT6YKCD2FGEB8BQ4WP128"", ""01KZ3MTXM33CQ75M5ZHWG6DNER"", ""01KZ3MTEQ1J0PVG2ATKF07XGW6"", ""01KZ3MT6YDGJW9F1ER9AGQKVX1"", ""01KZ3MT6YBP4EKBW2REXHHMD07"", ""01KZ3MTEPX6PAP00KWP6SZ0XRD"", ""01KZ3MTXM18WYBJV03NJD6P4WH"", ""01KZ3MTEQ0QXXDJKXXZAA8E0AP"", ""01KZ3MTXKYNRWYSBATDZ0CCJ25""]","[0, 1, 2, 3, 4, 5, 6, 7, 8, 9, 10, 11, 12, 13, 14, 15, 16]","[[""01KZ3MTEQ3A8H573TQ9MGPBNXS""], [""01KZ3MSY6FQ3MF5MBQF62NN95F""], [""01KZ3MT6YTG98F6SH9XGA82H9F""], [""01KZ3MSY6F221EB9AHEKS7A5W6""], [""01KZ3MSY6E0BVAYM7QQ82T1NY7""], [""01KZ3MTEQ4WP6S4QWZW63Y7K43""], [""01KZ3MTEQ5HMNFFJNK04N9TNNZ""], [""01KZ3MTEQ46Z60R2QE8YRAK415""], [""01KZ3MSY6EV20ATPTT5XR0BDNE""], [""01KZ3MTEQ5HMNFFJNK04N9TNNZ""], [""01KZ3MT6YSAACH62J0AA6DJG4J""], [""01KZ3MSY6DES1GR6XBXJJDQ39S""], [""01KZ3MSY6DES1GR6XBXJJDQ39S""], [""01KZ3MT6YR05SXGTDF1NFV7EF9""], [""01KZ3MTEQ4WP6S4QWZW63Y7K43""], [""01KZ3MT6YR41RZN2ZNQPKVBVN6""], [""01KZ3MTEQ30Z5R1XXAJN4GSD8D""]]","{""entities"": [""Dana""], ""time_constraints"": [], ""operands"": [], ""list_cardinality"": {""known"": false, ""count"": 0}, ""update_state"": """", ""gap"": {""kind"": ""entity"", ""entity"": ""Dana"", ""start"": null, ""end"": null, ""operand"": """", ""source_need"": ""entity:Dana""}}",[],fail,gap漏标；应 KEEP 01KZ3MT6YBP4EKBW2REXHHMD07，候选直接给出 2024。
023-b20260803-r2-0-00137-0-00137-q1,temporal,train,When did Dana start her home-lab project?,2025-03-15,"Currently, HomeNet has only one contributor, Dana. || Dana added a new server to her home-lab project in February 2026. || Dana added two more Raspberry Pi 4s to her home-lab network last month. || Dana considers using TensorFlow or PyTorch for her machine learning projects, preferring TensorFlow due to its ease of use for beginners. || Dana has been keeping up with regular maintenance and monitoring the network. || Dana installed new security protocols on the newly updated Raspberry Pi 4s. || Dana intends to start setting up her machine learning environment this weekend. || Dana is a software engineer. || Dana is considering adding SSDs to some of the devices in her home-lab network to improve performance. || Dana noticed significant performance improvements after upgrading her server hardware. || Dana plans to set up a machine learning environment on her upgraded server for personal projects. || Dana plans to upgrade her storage solutions but hasn’t started yet. || Dana updated the new Raspberry Pi 4s to the latest Raspbian OS. || Dana upgraded her server hardware last week, swapping out the old CPU and adding more RAM. || The existing devices in Dana’s home-lab network are handling the additional load with a slight increase in latency during peak usage times.","[""01KZ3NBPSNYR6PP0P5PY0E19HW"", ""01KZ3NBYK8A5S3J0JXH93NY782"", ""01KZ3NCAGA4N9WECH0BWPT62ZD"", ""01KZ3NCNXJHXTJJPKZ3G9Y94VY"", ""01KZ3NBYKHT8983TT8K87M4TGM"", ""01KZ3NCAGER2F0AS9ZJZ5DMV76"", ""01KZ3NCNXKAYEFYEKC295DW324"", ""01KZ3NBPSG2YK87ESAY3F623PR"", ""01KZ3NCAGHYAZCF8N0QY73JHG1"", ""01KZ3NCNXG20BBW99H6D8KRC8H"", ""01KZ3NCNXHD3AFYNGAEQKCYVV7"", ""01KZ3NBYKEB4J2P8PJTXEJBGQE"", ""01KZ3NCAGCAJ99KJ72B6G3A8HN"", ""01KZ3NCNXD68RHA11V10SH5YZC"", ""01KZ3NCAGF87AXB9QVBJEW32BH""]","[0, 1, 2, 3, 4, 5, 6, 7, 8, 9, 10, 11, 12, 13, 14]","[[""01KZ3NBG3F12PVVJYMQAHDSNVS"", ""01KZ3NBG3FDPG77YRSDAZGAVJB""], [""01KZ3NBPSQQXZC3Q9MB1TQ5KV3""], [""01KZ3NBYKJTNJ4W0KFWH2EWVEX""], [""01KZ3NCAGKYS03H8KTS4R2K5N6""], [""01KZ3NBPSRAXJXNM9A6XXD3NKM""], [""01KZ3NBYKJBM32PQ33TQA1DJQG""], [""01KZ3NCAGME20WCMYRCEA1HH37""], [""01KZ3NBG3CDPJ7CDN4XR7K5WNJ""], [""01KZ3NBYKK7QNJGV7F9D9E76NX""], [""01KZ3NCAGJQRYCS2VDJ37AASRT"", ""01KZ3NCAGJTND8BRDQD3E5WPDR""], [""01KZ3NCAGKYS03H8KTS4R2K5N6""], [""01KZ3NBPSR5QP59QZPAXGJSFS3""], [""01KZ3NBYKJBM32PQ33TQA1DJQG""], [""01KZ3NCAGJA6WCRZY9K4XQPASC"", ""01KZ3NCAGJQRYCS2VDJ37AASRT""], [""01KZ3NBYKKHWN8DZYGMSNE5F48""]]","{""entities"": [""Dana""], ""time_constraints"": [], ""operands"": [], ""list_cardinality"": {""known"": false, ""count"": 0}, ""update_state"": """", ""gap"": {""kind"": ""entity"", ""entity"": ""Dana"", ""start"": null, ""end"": null, ""operand"": """", ""source_need"": ""entity:Dana""}}",[],pass,
023-b20260803-r2-0-00019-0-00019-q1,temporal,train,When are you leaving for Japan?,March 10th,The user and their family will travel to Japan from March 10 to March 20.,"[""01KZ3H5GV6WX79TBGAAHG0B9F2""]",[0],"[[""01KZ3H51TRJKYEJFD3BMYG0SBK"", ""01KZ3H51TRQNRHPBAC2QGT7AF9""]]","{""entities"": [""Japan""], ""time_constraints"": [], ""operands"": [], ""list_cardinality"": {""known"": false, ""count"": 0}, ""update_state"": """", ""gap"": null}","[{""kind"": ""KEEP"", ""candidate_id"": ""01KZ3H5GV6WX79TBGAAHG0B9F2"", ""source_id"": ""01KZ3H51TRJKYEJFD3BMYG0SBK""}]",pass,
023-b20260803-r2-0-00092-0-00092-q1,temporal,train,When did Dana add two more servers to her home-lab project?,Last week,"All servers in Dana's lab run Ubuntu 22.04 LTS. || Dana added three new servers to the home-lab project last week. || Dana added two servers to her home-lab project last week. || Dana decided to upgrade the network infrastructure to 10GbE this month. || Dana experienced a delay in the home-lab project due to hardware issues. || Dana has a Dell R740 server with 24 cores and 256GB of RAM. || Dana has been using the Dell R740 server since 2024. || Dana has spent more than planned on the home-lab project budget, but within manageable limits. || Dana is considering Zabbix and Prometheus for the new monitoring system, starting with Zabbix. || Dana is planning to set up a new monitoring system. || Dana is setting up a small Kubernetes cluster for microservices development. || Dana is using a semi-automated system for applying security patches on the home-lab project. || Dana plans to expand the Kubernetes cluster to four nodes by the end of 2026. || Dana uses the Dell R740 server for running development environments and testing new software.","[""01KZ3KRZ7G90YPQJVSQNPFYERQ"", ""01KZ3KSP5RTJAWCWM0ZMSXS7R3"", ""01KZ3KSE5JQN4BM8QMWWDE1ED0"", ""01KZ3KSP5TBQNW0HDYMMF2MCTH"", ""01KZ3KSE5QSPZRKM2XW4NJ60X1"", ""01KZ3KRZ79KGWEWVZXWQ0SE1N4"", ""01KZ3KRZ7BR0DYBW2MYXD9R3B4"", ""01KZ3KSE5N7DQR0PYVERQW1G1K"", ""01KZ3KSP5YP8SH2SPH71FFDKGG"", ""01KZ3KSP5W5NA20MB7XKBQ8GS4"", ""01KZ3KRZ7E0NKRP77ABT08H0J6"", ""01KZ3KSE5RK535YGBJHBKNEY5T"", ""01KZ3KRZ7F5BH6CM9H7MZX8ZY0"", ""01KZ3KRZ7DEP1C3P13F9MZDXV6""]","[0, 1, 2, 3, 4, 5, 6, 7, 8, 9, 10, 11, 12, 13]","[[""01KZ3KRH7A24N5AGR72BPD77F7""], [""01KZ3KSE5TWBBRNTCKS79E0F1H""], [""01KZ3KS5AWRH6BBZ8CX9AGMNAB""], [""01KZ3KSE5V16NDNX8M8HC1MWXW""], [""01KZ3KS5AWC40RE0WRXSM2TFRD""], [""01KZ3KRH74DZMV32KX6M1E0H01"", ""01KZ3KRH74KQGKXC6TW9KAPM80""], [""01KZ3KRH767CNVJB7GNHZ3Q24V""], [""01KZ3KS5AWY5XM794ADTSAG5CF""], [""01KZ3KSE5WDTYHPM920QC6610M""], [""01KZ3KSE5WSBVXWFBPWDP6AZ0E""], [""01KZ3KRH77RGEREBF4A1PZRNBZ""], [""01KZ3KS5AXPNS5C7HS0RZVFR86""], [""01KZ3KRH79YAGN7TB955ANARMW""], [""01KZ3KRH767CNVJB7GNHZ3Q24V""]]","{""entities"": [""Dana""], ""time_constraints"": [], ""operands"": [], ""list_cardinality"": {""known"": false, ""count"": 0}, ""update_state"": """", ""gap"": null}","[{""kind"": ""KEEP"", ""candidate_id"": ""01KZ3KSE5JQN4BM8QMWWDE1ED0"", ""source_id"": ""01KZ3KS5AWRH6BBZ8CX9AGMNAB""}]",pass,
023-b20260803-r2-0-00106-0-00106-q1,temporal,train,When did Alex mention he planned to leave for his trip to Japan?,July 1st,"Alex and the assistant discussed visiting the Louvre and Notre-Dame in Paris. || Alex and the kids plan to visit the Louvre and the Musée d'Orsay in Paris. || Alex and the user visited the Blue Lagoon and saw the Northern Lights in Iceland. || Alex booked the last flight and hotel for Paris. || Alex has a family trip planned to Japan in July. || Alex is considering booking ski lessons for the children during the trip. || Alex plans to have a small gathering at home for her daughter’s birthday on June 17th. || Alex reserved flights and a hotel for a summer trip to Paris with the kids in July. || Alex’s children are excited about getting new winter gear. || The Japan trip involves four people: Alex, his wife, and two kids.","[""01KZ3M9QFACNH8XKD9CNS93DKA"", ""01KZ3M9CXA37773CGNY1HWYJ36"", ""01KZ3M9YZBQ7D6BDK529JDTTN6"", ""01KZ3M9QF875JXYA8A58C8FJWX"", ""01KZ3M94CF0ZTJ19RZAMBNQ20C"", ""01KZ3M9QFFXH8EMRXQDW4KDQG2"", ""01KZ3M9CXC9ZEQN0K7JX5QFF1E"", ""01KZ3M9CX8NWC22AG4C3KC23NR"", ""01KZ3M9QFC7GX9QJJ2YDTY1JS9"", ""01KZ3M94CNH2DBE3YS9TN5PCNR""]","[0, 1, 2, 3, 4, 5, 6, 7, 8, 9]","[[""01KZ3M9CXF11ZQ4VZPH6X2W742""], [""01KZ3M94CY033V410KKM8XHHH9""], [""01KZ3M9QFH0NFRPYCN7BAA9GXC""], [""01KZ3M9CXF11ZQ4VZPH6X2W742""], [""01KZ3M8RDBAF2AT1YNA4VD1GAX""], [""01KZ3M9CXGYVK1334CJDR9TWB2""], [""01KZ3M94CZFQCMCJPJFWYR5KYV""], [""01KZ3M94CXQEGZKMPRSQCYW6Q7""], [""01KZ3M9CXGYVK1334CJDR9TWB2""], [""01KZ3M8RDCMZQ8GH7SBW9CD6V1""]]","{""entities"": [""Alex"", ""Japan""], ""time_constraints"": [], ""operands"": [], ""list_cardinality"": {""known"": false, ""count"": 0}, ""update_state"": """", ""gap"": {""kind"": ""entity"", ""entity"": ""Alex"", ""start"": null, ""end"": null, ""operand"": """", ""source_need"": ""entity:Alex""}}",[],pass,
023-b20260803-r2-0-00078-0-00078-q1,temporal,train,When did Alex mention his mother's birthday?,January 25th,"Alex has booked flights for the trip. || Alex is considering taking the family reunion to Europe this year, possibly to France or Italy. || Alex is planning a family vacation in June. || Alex is planning a family vacation next month. || Alex is planning the trip for mid-July 2027. || Alex plans to visit Paris and Rome next year. || Alex plans to wait until closer to the family reunion to book flights and accommodations. || The family reunion will include Alex's parents, siblings, and their families, totaling about 25 people.","[""01KZ3KA4MBH9X022HNK62K8ZBT"", ""01KZ3K9TJ86QWJPQ8NXT435GV5"", ""01KZ3K9M8NTNFFN10KY14V2SHW"", ""01KZ3KAC71HWW19KCQFZ0ZSQ0P"", ""01KZ3KA4MFPJGWBFZK8QFNE3AF"", ""01KZ3KA4MABYGQCPFHRC7BP6YQ"", ""01KZ3K9TJC8DJQSPZRDZX6DAEH"", ""01KZ3K9TJ9ZC4MF9W0SNRAQVJX""]","[0, 1, 2, 3, 4, 5, 6, 7]","[[""01KZ3K9TJD34YF17M65F298SYB""], [""01KZ3K9M8TB1AAFPAPN8W6WRVF""], [""01KZ3K9DA5XA9SXBEWDYY0AE3V""], [""01KZ3KA4MHGDD49KRSPBMZZ452""], [""01KZ3K9TJEF54FR9VJJ730A8D8""], [""01KZ3K9TJD34YF17M65F298SYB""], [""01KZ3K9M8VFKMD0DD89TDPQ0PB""], [""01KZ3K9M8VA75VMZWTZDAWPY36""]]","{""entities"": [""Alex""], ""time_constraints"": [], ""operands"": [], ""list_cardinality"": {""known"": false, ""count"": 0}, ""update_state"": """", ""gap"": {""kind"": ""entity"", ""entity"": ""Alex"", ""start"": null, ""end"": null, ""operand"": """", ""source_need"": ""entity:Alex""}}",[],pass,
023-b20260803-r2-0-00145-0-00145-q1,temporal,train,When did Sam aim to finish his thesis?,By the end of 2027,"Sam aims to finish his thesis by the end of 2027. || Sam and the assistant discussed integrating a real-world example into Sam's thesis. || Sam documented the changes and solutions found during the integration process. || Sam faced compatibility issues with older versions of the software during the integration process. || Sam finished reading a paper by Dr. Thompson on network latency. || Sam has read the original paper on the Paxos algorithm by Leslie Lamport but finds it complex. || Sam integrated the optimized algorithm with the existing infrastructure, taking about 15 days. || Sam is exploring the use of machine learning to predict data access patterns and optimize replication strategies. || Sam is working on a thesis about distributed systems and is struggling with the section on distributed consensus algorithms. || Sam is working on optimizing data distribution in distributed systems, especially in cloud environments. || Sam observed that high packet losses or high latency significantly increased processing times. || Sam optimized the algorithm for data distribution in the system, making it 20% more efficient. || Sam plans to add a feature for real-time monitoring of system performance. || Sam plans to incorporate redundancy strategies into his work on reliability in distributed systems. || Sam's experiments involve both structured and unstructured data types, such as logs, user interactions, and large datasets from simulations. || Sam was working on a chapter about network latency in distributed systems. || Sam will use diagrams to visualize the Paxos algorithm process.","[""01KZ3NMYCHPZ2TA8NJJVCHBPNG"", ""01KZ3NP2KBMA49VMG2G3YW2FDT"", ""01KZ3NNN0TFYAMCZXX06XWPT2P"", ""01KZ3NNN0SEDMRFGE43Z3E1RVV"", ""01KZ3NNAKNB6A8883F6Z6CXHAV"", ""01KZ3NP2K75HTW11FTV9TDTTFM"", ""01KZ3NNN0R6FH23W40ZCVRXG76"", ""01KZ3NMYCEZSGEE94S9MEQQ0F5"", ""01KZ3NP2K22ASTFMJY0BXYFBCQ"", ""01KZ3NMYC7ZRPPM03569MGNC78"", ""01KZ3NNAKKEDHA6DX8YT0SVYR8"", ""01KZ3NNN0QQ2WH03N9GXG6DDEA"", ""01KZ3NNN0TWEG7M7VK851X34H6"", ""01KZ3NNAKP64C3EPZ0ZF8EYT2B"", ""01KZ3NMYCFEKMRZ67G437QJWTB"", ""01KZ3NNAKHCDSRNE4P5J98ZRQR"", ""01KZ3NP2KA5GBJHTQ3QCQQ4R8K""]","[0, 1, 2, 3, 4, 5, 6, 7, 8, 9, 10, 11, 12, 13, 14, 15, 16]","[[""01KZ3NMMD8TJPJKCNQNBARZNZB""], [""01KZ3NNN0WBY4S38Z1FCT8QPE3""], [""01KZ3NNAKR5X6PM4S99XEM2RC5""], [""01KZ3NNAKQFMT6NAV5EY75P6DW""], [""01KZ3NMYCNRDEKZCFNDB997XA8""], [""01KZ3NNN0V3F4RFGBQ9SCPVB92""], [""01KZ3NNAKQK3ASVFA0H58Q2RY5""], [""01KZ3NMMD7H6TQ9AVK3VW7MDQA""], [""01KZ3NNN0V3F4RFGBQ9SCPVB92"", ""01KZ3NNN0VCMNSHR6SABVS4J5T""], [""01KZ3NMMD57CHJRGSNXAX4MAAB""], [""01KZ3NMYCMFS21ZBVGFCJPDD2S""], [""01KZ3NNAKQZ6FVM96DK9S4S8G3""], [""01KZ3NNAKRMP173Y7MPTEFYZCB""], [""01KZ3NMYCPS5XG15XN29S4JXFB""], [""01KZ3NMMD8PYHHSVJRA435S98V""], [""01KZ3NMYCJEJNY0GHGTQJDS94F""], [""01KZ3NNN0WBY4S38Z1FCT8QPE3""]]","{""entities"": [""Sam""], ""time_constraints"": [], ""operands"": [], ""list_cardinality"": {""known"": false, ""count"": 0}, ""update_state"": """", ""gap"": null}","[{""kind"": ""KEEP"", ""candidate_id"": ""01KZ3NP2K22ASTFMJY0BXYFBCQ"", ""source_id"": ""01KZ3NNN0V3F4RFGBQ9SCPVB92""}]",fail,KEEP 01KZ3NP2K22ASTFMJY0BXYFBCQ 不含截止时间；应 KEEP 01KZ3NMYCHPZ2TA8NJJVCHBPNG。
023-b20260803-r2-0-00149-0-00149-q1,temporal,train,When did Dana plan to add the new Dell PowerEdge R740 server to her home-lab project?,By the end of February,Dana added a new server to the lab on 2026-03-10. || Dana considers using Flux to manage Kubernetes manifests. || Dana encountered minor API compatibility bugs during the integration process. || Dana finished integrating new security features by the end of April 2026. || Dana has written a script for automating backups but hasn't tested it yet. || Dana installed the latest version of Kubernetes last week. || Dana is integrating Kubernetes with her existing Docker setup. || Dana planned to add the new server by the end of February 2026. || Dana plans to set up a cloud backup service by the end of this week. || Dana plans to set up a home network with three servers. || Dana plans to set up Flux after updating her home-lab documentation. || Dana plans to test the backup script next week. || Dana updated her home-lab documentation yesterday with new details about the Kubernetes installation. || Dana wants to automate the backups after testing the script successfully. || Dana will start looking into new server hardware next month. || Dana will start the home-lab project this week.,"[""01KZ3NTWQC6CV5B07H65H0BG6P"", ""01KZ3NTJYECRXZT708TEQRMJBW"", ""01KZ3NV53QGRBDN09J55X84Z47"", ""01KZ3NV53PHPBAJJX4RXR4EZRX"", ""01KZ3NTWQJXBPQ5A6E2VRJKCRR"", ""01KZ3NTJYBCAE3584B9NQ5W49H"", ""01KZ3NTJYDZZZ8Z8MN0ANAG0YQ"", ""01KZ3NTWQEP4H9HW9454FBX4XM"", ""01KZ3NV53SQVMGN8FXVYMS665N"", ""01KZ3NTBK3YD101ZZB8C93PX4V"", ""01KZ3NTJYFXCKS5ZD1NSQ29Q1K"", ""01KZ3NTWQFH8EY98EZDGSN8VGW"", ""01KZ3NTJYGSW1M1WDNTCMXQ58S"", ""01KZ3NTWQHQXAJJ20A1GNDPYQC"", ""01KZ3NV53TJMXQTT7EY7EXTA0E"", ""01KZ3NTBK6B8FR0ZBQ8FA4AGMR""]","[0, 1, 2, 3, 4, 5, 6, 7, 8, 9, 10, 11, 12, 13, 14, 15]","[[""01KZ3NTJYJAPP041ZPEK94QD4W""], [""01KZ3NTBKCBBR32TMJZP51DA54"", ""01KZ3NTBKCZ19GJA1DB21H63ZS""], [""01KZ3NTWQMKSX578SR2YK95F3C""], [""01KZ3NTWQK6X3A8EXGT2YS542H""], [""01KZ3NTJYJETEF04PQWWSQ1AK8""], [""01KZ3NTBKCZ19GJA1DB21H63ZS""], [""01KZ3NTBKCZ19GJA1DB21H63ZS""], [""01KZ3NTJYJ0J9349FPDJD8M0A9""], [""01KZ3NTWQM6PBSJ2VGQ8A30SY6""], [""01KZ3NSY18HFC70H4CJSM07QZS""], [""01KZ3NTBKDJ96ZCXAT9DD5SZD7""], [""01KZ3NTJYK18AHBYWPNQBPS38T""], [""01KZ3NTBKDJ96ZCXAT9DD5SZD7""], [""01KZ3NTJYK18AHBYWPNQBPS38T""], [""01KZ3NTWQMK21YPJBV9BPGWW8R""], [""01KZ3NSY18MX0AAFZYBQ5RY60B""]]","{""entities"": [""Dana"", ""Dell"", ""PowerEdge"", ""R740""], ""time_constraints"": [], ""operands"": [], ""list_cardinality"": {""known"": false, ""count"": 0}, ""update_state"": """", ""gap"": {""kind"": ""entity"", ""entity"": ""Dana"", ""start"": null, ""end"": null, ""operand"": """", ""source_need"": ""entity:Dana""}}",[],fail,gap漏标；应 KEEP 01KZ3NTWQEP4H9HW9454FBX4XM，候选给出 by the end of February 2026。
023-b20260803-r2-0-00050-0-00050-q1,temporal,train,When did Dana add a new server to her home-lab project?,June 15th,"Dana added a new server, a Dell R740 with 256GB RAM, on June 15th. || Dana added an extra SSD for more storage space last week. || Dana added new modules to the codebase of the home-lab project last month. || Dana added two more servers to the home-lab project on 2025-12-27. || Dana containerized one of the services last week. || Dana currently has three servers in her lab: two running Linux and one running Windows. || Dana faced some challenges during the migration of the Windows VM but managed to complete it successfully. || Dana finished upgrading her server last week. || Dana had to tweak security settings for the newly added modules in the home-lab project. || Dana plans to migrate two older VMs to the new server: an Ubuntu server for hosting websites and a Windows machine for development. || Dana plans to set up a backup system. || Dana plans to start testing the scalability of the home-lab project next week. || Dana started her home-lab project in early 2025. || Dana uses Ansible for automation and Docker for containerization in her home-lab project. || Since the migration, Dana has made a few tweaks to the network setup and updated the firewall rules. || The new server will provide more resources for Dana's virtual machines and data analysis tasks.","[""01KZ3J9R35ZAGD3VFTCYA0VNC9"", ""01KZ3JA9F4CTZVMT9H19G9C8GP"", ""01KZ3JA1BMHV88HZ23T94A071G"", ""01KZ3JA1BFBMFSBY7MN0N4SBFH"", ""01KZ3JA9F6WF5TVNKD7ZZ0ARKZ"", ""01KZ3J9C6Z8YQXVCKPX151VWKT"", ""01KZ3J9R3B4QAVGB871WYEH1MY"", ""01KZ3JA9F23Y3PQGNYS708ZNXP"", ""01KZ3JA1BNBW29SRW659VF6AVR"", ""01KZ3J9R3APNBYB8C39TZSCRFA"", ""01KZ3JA9F6YP00P0Z9BX9J7JGG"", ""01KZ3JA1BJ9PGFEP7XCCNSPJ90"", ""01KZ3J9C6YBQVC79XM0PRTTACT"", ""01KZ3J9C71WPN5QPTVY5JK0NXE"", ""01KZ3J9R3CHAPJNAMATTCV68AP"", ""01KZ3J9R38KSKT9Y40XVB6NPXJ""]","[0, 1, 2, 3, 4, 5, 6, 7, 8, 9, 10, 11, 12, 13, 14, 15]","[[""01KZ3J9C732S1NK4VY8H8Y2MDW""], [""01KZ3JA1BQ013P1K8VJEB5MBRK""], [""01KZ3J9R3D1YB4MM4DQA1HXHHK""], [""01KZ3J9R3DESX2H7E3D3VQB0CP""], [""01KZ3JA1BQ6WNEFTFECVR9ZPN6""], [""01KZ3J96RBB14SBFRDFKA9356K""], [""01KZ3J9C74NKG4GVHMC7Q3P71V""], [""01KZ3JA1BPDJW8TSECQNSNHCQ3""], [""01KZ3J9R3DWQK8ZGZHBHKTW52X""], [""01KZ3J9C743HVP060WCTYJQJQ5""], [""01KZ3JA1BRFWN943M0KEVDAY3A""], [""01KZ3J9R3DPN1JV7JYZ8424FV1""], [""01KZ3J96RARXS6FTP9ZGAXCWNH"", ""01KZ3J96RBRPJM0Q924ADPK2KC""], [""01KZ3J96RC2FX0MEBGG37HWAFB"", ""01KZ3J96RCWM2Z63P5BNERZ8Q1""], [""01KZ3J9C75W17Z0VS5Z80XHPDT""], [""01KZ3J9C732S1NK4VY8H8Y2MDW""]]","{""entities"": [""Dana""], ""time_constraints"": [], ""operands"": [], ""list_cardinality"": {""known"": false, ""count"": 0}, ""update_state"": """", ""gap"": null}","[{""kind"": ""KEEP"", ""candidate_id"": ""01KZ3J9R35ZAGD3VFTCYA0VNC9"", ""source_id"": ""01KZ3J9C732S1NK4VY8H8Y2MDW""}, {""kind"": ""KEEP"", ""candidate_id"": ""01KZ3J9R38KSKT9Y40XVB6NPXJ"", ""source_id"": ""01KZ3J9C732S1NK4VY8H8Y2MDW""}]",pass,
023-b20260803-r2-0-00136-0-00136-q1,temporal,train,When did Dana start her home-lab project?,Dana started her home-lab project in late 2025.,Adding 16GB of RAM improved the server's processing speed significantly. || Dana added 16GB of RAM to the server. || Dana added custom DNS entries and adjusted the subnet for the bridge network during the Docker update. || Dana added four more SSDs to the server on 2026-04-14. || Dana aims to have a prototype of 'QuickSync' ready by the end of March. || Dana encountered issues with container networking after updating Docker. || Dana has verified the network settings and logs for error messages. || Dana is considering adding a new virtual machine to her home-lab. || Dana is considering adding AI projects to the home-lab. || Dana optimized the network routing in the home-lab project today. || Dana’s containers are experiencing DNS resolution errors. || Dana’s home-lab server has 8TB of storage now. || Dana started working on a new feature called 'QuickSync'. || Dana updated her home-lab to use the latest version of Docker. || Dana updated the server to the latest OS version on 2026-02-17. || Dana upgraded the home-lab server hardware last month. || 'QuickSync' is designed to allow faster data transfer between the server and local devices.,"[""01KZ3NB4M8QAS60VA0D91KJJSG"", ""01KZ3NB4M6VRZNK7G4ZV5142QQ"", ""01KZ3NAV4EKYZJ3F9P64JGPMTQ"", ""01KZ3NBFWV2625TKV8VF4XHDB1"", ""01KZ3NB4MECN02BA5Y26N917R7"", ""01KZ3NAV4CJHEPTF3V2YR16SGV"", ""01KZ3NAV4G88DVJX2R7JEMPMRS"", ""01KZ3NAV4G93WB351B3ABVDK2H"", ""01KZ3NBFX2VKR5Y46XNTC1KWGW"", ""01KZ3NBFX0D95JK6DMBNMBCEFH"", ""01KZ3NAV4FAAPVF1QSQ62Z3TCM"", ""01KZ3NBFX1HPH374EDMMW3XY82"", ""01KZ3NB4MAXSQQJHWCDB9GHVMF"", ""01KZ3NAV4A9NDGR5CZ7EMAR9G9"", ""01KZ3NB4M2SWJJVEK5ZMZ0E5RW"", ""01KZ3NBFWYH6K72BGPTJJ12Z85"", ""01KZ3NB4MCBS0C18PWATTK013F""]","[0, 1, 2, 3, 4, 5, 6, 7, 8, 9, 10, 11, 12, 13, 14, 15, 16]","[[""01KZ3NAV4J9CZRNW0GZ3K95VQN""], [""01KZ3NAV4J9CZRNW0GZ3K95VQN""], [""01KZ3NAETSHZ8WC5PPYJ2KAEKH""], [""01KZ3NB4MHJHWSP03NCW0F30JN"", ""01KZ3NB4MJ0RM7CXB97QTKFM9Z""], [""01KZ3NAV4KRBYYQK2KQRW62DXZ""], [""01KZ3NAETSAGF9WHF71YMY3S0M""], [""01KZ3NAETTM1RJFBC1M08E5M2B""], [""01KZ3NAETVTM006DKQDJJ2VDTA""], [""01KZ3NB4MM9FEME56WT45H7FJ3""], [""01KZ3NB4MJRTRF8DKNHQ67VEQR""], [""01KZ3NAETTZHY0ANRX9GKMXTK5""], [""01KZ3NB4MJ0RM7CXB97QTKFM9Z""], [""01KZ3NAV4J2T8VJJ4DCNM9T1BX""], [""01KZ3NAETRDBJ3C1T28G6GTRB8""], [""01KZ3NAV4H6RJVHY9E2EDNZM04""], [""01KZ3NB4MG11E06WNVJTZ63M99""], [""01KZ3NAV4J2T8VJJ4DCNM9T1BX""]]","{""entities"": [""Dana""], ""time_constraints"": [], ""operands"": [], ""list_cardinality"": {""known"": false, ""count"": 0}, ""update_state"": """", ""gap"": {""kind"": ""entity"", ""entity"": ""Dana"", ""start"": null, ""end"": null, ""operand"": """", ""source_need"": ""entity:Dana""}}",[],pass,
023-b20260803-r2-0-00123-0-00123-q1,temporal,train,When did Savor open?,March 2026,Mei runs a restaurant called 'Savor' in downtown. || Savor received exotic spices from a supplier in Morocco this week. || Savor receives fresh organic produce every Monday.,"[""01KZ3MVQA0AXFYVAPFG62YRRHM"", ""01KZ3MVQA11ECZACC7VWFH4Y4J"", ""01KZ3MVQA2QFCXGP3QQG1KYCA9""]","[0, 1, 2]","[[""01KZ3MVD38QP7AVZMMQ2MBCT5S""], [""01KZ3MVD38TTBP2Z9G2Y8W2KXS""], [""01KZ3MVD38TTBP2Z9G2Y8W2KXS""]]","{""entities"": [""Savor""], ""time_constraints"": [], ""operands"": [], ""list_cardinality"": {""known"": false, ""count"": 0}, ""update_state"": """", ""gap"": {""kind"": ""entity"", ""entity"": ""Savor"", ""start"": null, ""end"": null, ""operand"": """", ""source_need"": ""entity:Savor""}}",[],pass,
023-b20260803-r2-0-00108-0-00108-q1,temporal,train,When is the planned launch date for the NovaTech project?,"December 15, 2026","A dry run of the launch is scheduled for March 22nd at 10 AM. || Priya is working on a project called 'NovaTech'. || The planned launch date for NovaTech is December 15, 2026. || Thorough testing and marketing readiness for NovaTech should be completed by November 15, 2026.","[""01KZ3MCHQX2RZ694X7P76S6JKB"", ""01KZ3MBR44SAHKS1K58HBT1QHZ"", ""01KZ3MBR469Q36SD1NNPXRGFS6"", ""01KZ3MBR49P1Q9BK9S9NVXV752""]","[0, 1, 2, 3]","[[""01KZ3MC89Y9WHYHSNF7DKMJN02""], [""01KZ3MBJ30MTXD3WZK9JA61DFX""], [""01KZ3MBJ30NYG0M5BM5RRA21HV""], [""01KZ3MBJ319D8A0RM9SWBS2QQK""]]","{""entities"": [""NovaTech""], ""time_constraints"": [], ""operands"": [], ""list_cardinality"": {""known"": false, ""count"": 0}, ""update_state"": """", ""gap"": null}","[{""kind"": ""KEEP"", ""candidate_id"": ""01KZ3MBR469Q36SD1NNPXRGFS6"", ""source_id"": ""01KZ3MBJ30NYG0M5BM5RRA21HV""}]",pass,
023-b20260803-r2-0-00130-0-00130-q1,temporal,train,When did Mei plan to host a special event?,April 22nd,"Mei expanded the menu for a special event coming up in June. || Mei is planning a special event on April 22nd. || Mei needs 5-7 extra servers for the event. || Mei needs additional bamboo plates, napkins, and cutlery sets for the event. || Mei owns a restaurant in downtown. || Mei switched to a new supplier for organic vegetables last month. || Mei updated the booking system to include more details for regular customers.","[""01KZ3N4AY0J7H43FMPBQDMWQDG"", ""01KZ3N3XH2NHF05D9NC0TR9V1V"", ""01KZ3N3XH7AFJ7BP6N8111Q3QE"", ""01KZ3N3XH46MRJ9JNXDXNBC1XB"", ""01KZ3N3S2MHDR1Q03CHSG7J61S"", ""01KZ3N4AXYHCCR76Z42R0Q3NWW"", ""01KZ3N4AY30M4H8X8FZTNJQEWB""]","[0, 1, 2, 3, 4, 5, 6]","[[""01KZ3N42TVFTB2YQ02042HJ1D6""], [""01KZ3N3S2P2WN6MSWDA3T3K6CP""], [""01KZ3N3S2Q0RYMHMT0H2EDH4XD""], [""01KZ3N3S2QHYGMY0JP5CR35B3V""], [""01KZ3N3QR1XC61M57X0PZQPK5G""], [""01KZ3N42TVQ4SVM9P82P4J4KJR""], [""01KZ3N42TVMSP9PTD63AG6BHY3""]]","{""entities"": [""Mei""], ""time_constraints"": [], ""operands"": [], ""list_cardinality"": {""known"": false, ""count"": 0}, ""update_state"": """", ""gap"": null}","[{""kind"": ""KEEP"", ""candidate_id"": ""01KZ3N3XH2NHF05D9NC0TR9V1V"", ""source_id"": ""01KZ3N3S2P2WN6MSWDA3T3K6CP""}]",pass,
023-b20260803-r2-0-00068-0-00068-q1,temporal,train,When is Lily's birthday?,June 15th,"Lily's birthday is on June 15th. || Max might be invited to Lily's birthday party this year. || The family is considering a beach trip or a visit to a local park or nearby town during the summer. || The family usually celebrates Lily's birthday with a small party at home, cake, and games. || There are three people in the family: the user, Lily (age 8), and Max.","[""01KZ3JZ4WP9WBHYGA79T60AB78"", ""01KZ3JZ4WSN11NTQJSYP8Z1TZ2"", ""01KZ3JZ4WSFR3MGDAMC95GBSBK"", ""01KZ3JZ4WR1TB0NH2AY7157ERY"", ""01KZ3JZ4WKD5EB2712RRNA2RGJ""]","[0, 1, 2, 3, 4]","[[""01KZ3JYVG2NE7TBEEAFBB2QF50""], [""01KZ3JYVG3QT278W4YY4GHJMJZ""], [""01KZ3JYVG30Y18HFHKZC5ZEXEZ""], [""01KZ3JYVG2NE7TBEEAFBB2QF50""], [""01KZ3JYVG1NY78ES40H9AW5FJR""]]","{""entities"": [""Lily's""], ""time_constraints"": [], ""operands"": [], ""list_cardinality"": {""known"": false, ""count"": 0}, ""update_state"": """", ""gap"": null}","[{""kind"": ""KEEP"", ""candidate_id"": ""01KZ3JZ4WP9WBHYGA79T60AB78"", ""source_id"": ""01KZ3JYVG2NE7TBEEAFBB2QF50""}]",pass,
023-b20260803-r2-0-00012-0-00012-q1,temporal,train,When is Sarah's birthday according to the latest information?,Sarah's birthday is on June 17th.,Sarah and her kids are suggested to join Alex on the trip. || Sarah’s birthday is on June 17th.,"[""01KZ3GXXRFHKW4P0VKYD0852AA"", ""01KZ3GXPNQB363W0VKAWR9JR9K""]","[0, 1]","[[""01KZ3GXPNT9M0BBNADVR6YA35W""], [""01KZ3GXFV3VNYB642SVPZ16H8C"", ""01KZ3GXFV4X7ZJWPP64F7FQVAN""]]","{""entities"": [""Sarah's""], ""time_constraints"": [], ""operands"": [], ""list_cardinality"": {""known"": false, ""count"": 0}, ""update_state"": ""latest"", ""gap"": null}","[{""kind"": ""KEEP"", ""candidate_id"": ""01KZ3GXPNQB363W0VKAWR9JR9K"", ""source_id"": ""01KZ3GXFV3VNYB642SVPZ16H8C""}]",pass,
023-b20260803-r2-0-00172-0-00172-q1,temporal,train,When did Dana plan to start assembling and setting up her home-lab project?,I think I'll start this weekend.,"Dana encountered network latency issues when testing the connection speed between the lab and her office after upgrading her server. || Dana also plans to set up a dedicated VLAN for better isolation in her home-lab project. || Dana considered adding multi-factor authentication for security, opting for Google Authenticator. || Dana finished the hardware setup for the new server last week. || Dana has been working on the home-lab project since January. || Dana has chosen a Raspberry Pi 4, an external USB drive, and a basic network switch for her home-lab project. || Dana integrated a new monitoring script that checks CPU and disk usage every hour and logs it to a database. || Dana integrated new server hardware into the home-lab project last month. || Dana is considering using Ubuntu Server for her home-lab project. || Dana is working on a home-lab project to learn about networking, storage, and basic system administration. || Dana plans to add more virtual machines for testing and update monitoring tools. || Dana plans to finalize the networking setup and migrate services by the end of April. || Dana plans to implement containerization next week after ensuring stability. || Dana plans to set up a firewall and implement an intrusion detection system to enhance security. || Dana plans to spend $500-$700 on hardware for her home-lab project, plus some time investment. || Dana plans to start assembling and setting up her home-lab this weekend after ensuring all components arrive. || Dana plans to test upgrading the network card to address network latency issues this week. || Dana’s new home-lab server has improved performance, particularly with the new storage system. || Dana upgraded her home-lab server to the latest Ubuntu version in March 2026.","[""01KZ3PNYQPX94WNE6VS8FD9CXR"", ""01KZ3PNYQR23EB56ZZD032S1XE"", ""01KZ3PP6W4H61NXM3M0D8C77WQ"", ""01KZ3PPFNVP0KWAAXFS5NW890R"", ""01KZ3PP6W1C1MVCNQ8Z0EPGGP5"", ""01KZ3PNH06VEEYK3WCHXPPHDM6"", ""01KZ3PNYQNVQ7CW551X52CBDTY"", ""01KZ3PP6W2HTJNVX86BAMX9WAE"", ""01KZ3PNH083QWP735SNAT2SV0Q"", ""01KZ3PNH02AQZ5278CKTJCRJGG"", ""01KZ3PPFNWVGCEX0294KJA6NZN"", ""01KZ3PP6W355NWDYHV5STE3N85"", ""01KZ3PPFNZHJSAWMJC7YWBRZ91"", ""01KZ3PP6W58FBAM246BJMZ41ME"", ""01KZ3PNH055V3J8VW21SEWT6EB"", ""01KZ3PNH07R97S8TTJV30QASNE"", ""01KZ3PNYQQGW0AAV48WTV2JECK"", ""01KZ3PNYQMZRDZZWEAHPF7JFXS"", ""01KZ3PNYQKM1QVNFW2334ZTCCC""]","[0, 1, 2, 3, 4, 5, 6, 7, 8, 9, 10, 11, 12, 13, 14, 15, 16, 17, 18]","[[""01KZ3PNH0ACMKJ9D357YQ1X223""], [""01KZ3PNH0AYTK59VN6484NPEMS""], [""01KZ3PNYQTH6B6QRH9ZKX5F5C0""], [""01KZ3PP6W7CX13RWEWYC8VG5PP""], [""01KZ3PNYQS4FQ4ZHE8X6DYTV3R""], [""01KZ3PN86H9BFH7SNP8NCYE8XN""], [""01KZ3PNH0A9F22TWEJ1WDKHSMY""], [""01KZ3PNYQS4FQ4ZHE8X6DYTV3R""], [""01KZ3PN86JJ8HM0ENFMHDVFFGT""], [""01KZ3PN86GH740X7RQ2ZHA5650""], [""01KZ3PP6W7AD3QWQ714BMAANY7""], [""01KZ3PNYQSPM8YB1CNM44G9900""], [""01KZ3PP6W8SVKXZRD8ZS3SZC89""], [""01KZ3PNYQT4H2TPY3PY6MS52R3""], [""01KZ3PN86HS07CJQH04F7W2H2T""], [""01KZ3PN86JYQZJ5EKV63S71AMW""], [""01KZ3PNH0AYTK59VN6484NPEMS""], [""01KZ3PNH09YA3QSPKJNRFYJNK0""], [""01KZ3PNH09B0EATQHN5APCC4KZ""]]","{""entities"": [""Dana""], ""time_constraints"": [], ""operands"": [], ""list_cardinality"": {""known"": false, ""count"": 0}, ""update_state"": """", ""gap"": null}","[{""kind"": ""KEEP"", ""candidate_id"": ""01KZ3PNH07R97S8TTJV30QASNE"", ""source_id"": ""01KZ3PN86JYQZJ5EKV63S71AMW""}]",pass,
023-b20260803-r2-0-00001-0-00001-q1,temporal,train,When did you mention the original launch date for FitLife was planned?,2026-01-15,"Priya is working on a new health app called FitLife. || The launch budget is estimated to be around $500,000, covering marketing, production, and unforeseen expenses.","[""01KZ3GH88S21EDG7Z7C7HPYZSX"", ""01KZ3GHZXGTNNE9MJW9QC509JM""]","[0, 1]","[[""01KZ3GGXSR5750KSNP0CY8ZRBE""], [""01KZ3GHRN7M5R9QCNA1E7C67NF""]]","{""entities"": [""FitLife""], ""time_constraints"": [], ""operands"": [], ""list_cardinality"": {""known"": false, ""count"": 0}, ""update_state"": """", ""gap"": {""kind"": ""entity"", ""entity"": ""FitLife"", ""start"": null, ""end"": null, ""operand"": """", ""source_need"": ""entity:FitLife""}}",[],pass,
023-b20260803-r2-0-00018-0-00018-q1,temporal,train,When did Sam start working on his thesis project?,"I started last year in January, so it's been about 15 months now.","Managing state consistency across multiple microservices has been a challenge for Sam. || Sam aims to have a new simulation model ready by the end of the month. || Sam considered using edge computing to reduce latency in his project simulations. || Sam decided to use IoT sensor data from a local smart city initiative for his project simulations. || Sam encountered issues with network latency in his project simulations. || Sam found a 2025 paper comparing the performance of PBFT and Raft under network partitions. || Sam has read up on the Raft consensus algorithm. || Sam is considering implementing a distributed ledger for state management. || Sam is currently working on the third chapter of his thesis. || Sam is focusing on consensus algorithms for his thesis project proposal. || Sam is working on a project proposal for his thesis. || Sam is working on a thesis about improving the scalability of cloud-based services using microservices architecture. || Sam is working on a thesis chapter about distributed consensus algorithms. || Sam needs to add more details on Practical Byzantine Fault Tolerance (PBFT) and Raft in his thesis. || Sam planned to integrate real-world data into his project simulations. || Sam plans to start implementing changes to his project this week. || Sam plans to start with a basic implementation of Raft this weekend. || Sam's thesis has four chapters in total. || Sam started working on his thesis project in January last year, approximately 15 months ago. || The deadline for Sam's presentation is April 18th, 2026.","[""01KZ3H40GPV8PJ70PK3Y6W6158"", ""01KZ3H4QX1YND71T27YE8N9QYH"", ""01KZ3H4QWVAYJF2JQT2KM4AJSB"", ""01KZ3H4QWY91NAY3NP764FTWGX"", ""01KZ3H4QWS3YEG5RHMYTZWAHX8"", ""01KZ3H51N35PVN7DZJ2HRSYWF1"", ""01KZ3H4AM4X7V584RAJB8YEYFM"", ""01KZ3H40GQAB0G44T562QXQRTJ"", ""01KZ3H40GNBM9PFJJRZCR4P9RR"", ""01KZ3H4AM3K7VJG1SRE5N9GTXB"", ""01KZ3H4AM2W6F3AQG3QVDAYW5Y"", ""01KZ3H40GG7T6WER9K7ZKW0JQ5"", ""01KZ3H51MWH3T4AET88WNFYEYQ"", ""01KZ3H51MYYEX7MMNF6E1ACRZ0"", ""01KZ3H4QWXR7YFMKMDD8HKPQ13"", ""01KZ3H4QX0PDCH54HHF6M0P2F5"", ""01KZ3H4AM5CA617FXC31R7YMEW"", ""01KZ3H40GNX9XFQR88Z9EGS1C3"", ""01KZ3H40GM8CEDK8RTZG1VNEM9"", ""01KZ3H51N5ZHSPF3Z7J8XD2EQW""]","[0, 1, 2, 3, 4, 5, 6, 7, 8, 9, 10, 11, 12, 13, 14, 15, 16, 17, 18, 19]","[[""01KZ3H3MNH9V75N51WWX6RKG4M""], [""01KZ3H4AM7YWE7T87RDEWNZ0J3""], [""01KZ3H4AM6WA0CERNP45BTQYTY""], [""01KZ3H4AM7VQJKGKBC7TQAY07D""], [""01KZ3H4AM6DTTJFC1K35TPDR61""], [""01KZ3H4QX3PNTYEAGQGD01TZEM""], [""01KZ3H40GR99BBZ98HH39TRRZ6""], [""01KZ3H3MNH9V75N51WWX6RKG4M""], [""01KZ3H3MNGC74TT7D1QZR4TQ51""], [""01KZ3H40GR2KPTAH2DYAQSDHYS""], [""01KZ3H40GQQ0E07EAFSD6JA3RJ""], [""01KZ3H3MNFJ5ATJA9D3G69E8A6""], [""01KZ3H4QX2FWHAG6GBHDX4C6XE""], [""01KZ3H4QX32R5F85FR5F062GXM""], [""01KZ3H4AM7MYPY9V092ASD8JX7""], [""01KZ3H4AM7YWE7T87RDEWNZ0J3""], [""01KZ3H40GR99BBZ98HH39TRRZ6""], [""01KZ3H3MNGC74TT7D1QZR4TQ51""], [""01KZ3H3MNGC74TT7D1QZR4TQ51""], [""01KZ3H4QX4SP22ZGC3S2JCYWNQ""]]","{""entities"": [""Sam""], ""time_constraints"": [], ""operands"": [], ""list_cardinality"": {""known"": false, ""count"": 0}, ""update_state"": """", ""gap"": null}","[{""kind"": ""KEEP"", ""candidate_id"": ""01KZ3H40GM8CEDK8RTZG1VNEM9"", ""source_id"": ""01KZ3H3MNGC74TT7D1QZR4TQ51""}]",pass,
023-b20260803-r2-0-00099-0-00099-q1,temporal,train,When is Sarah's birthday?,Sarah’s birthday is on the 25th of January.,"Sarah's birthday is on 2026-01-25. || Sarah’s birthday party is on Saturday, February 11th, at noon.","[""01KZ3M1Q508GT0EPPH67JSX5BS"", ""01KZ3M200ZPRJ9AMSGPC9K6BKJ""]","[0, 1]","[[""01KZ3M1BT04E55NCFSDW0SBMEY""], [""01KZ3M1Q55JZX5CVQ9D22CPW4Z""]]","{""entities"": [""Sarah's""], ""time_constraints"": [], ""operands"": [], ""list_cardinality"": {""known"": false, ""count"": 0}, ""update_state"": """", ""gap"": null}","[{""kind"": ""KEEP"", ""candidate_id"": ""01KZ3M1Q508GT0EPPH67JSX5BS"", ""source_id"": ""01KZ3M1BT04E55NCFSDW0SBMEY""}]",pass,
023-b20260803-r2-0-00154-0-00154-q1,temporal,train,When did Mei confirm a booking for a group of 15 for Valentine's Day?,Valentine's Day next week,Mei confirmed a booking for a group of 15 for Valentine's Day next week. || Mei finalized a contract with a local supplier for organic vegetables starting next week. || Mei had a busy weekend with lots of reservations. || Mei had to make some adjustments to the kitchen staff schedule due to sick calls yesterday. || Mei needs to order new tablecloths and place settings for the upcoming season. || Mei owns a cozy Italian restaurant called 'La Bella Cucina'. || Mei plans to have a special event on Valentine’s Day. || Mei will check in with the new chef before the March 15th wedding to ensure the menu fits the client’s needs. || Mei will offer a 3-course dinner menu for the special event. || Mei will set up a romantic ambiance with soft lights and live music for the special event. || The new chef Mei hired last month is enthusiastic and planning new dishes for mid-March.,"[""01KZ3P14BCDYBDDG723QQRXGWT"", ""01KZ3P0Y8457K9DB948K8WEQJ7"", ""01KZ3P09ASPB7ME1JMVBG1MA1R"", ""01KZ3P14BJPP2RNCGFDGYDTYFQ"", ""01KZ3P14BM09XBNGXWDXS7246R"", ""01KZ3P09APEW4XMMG8H8H33QW8"", ""01KZ3P09AW4CBYFVG3JMQW6MQA"", ""01KZ3P0Y884PXYAS2PJWM0RS8N"", ""01KZ3P09AY88WG7ZZH3ZHCAGYP"", ""01KZ3P09AZD5MN7CG3QJW8AZJ0"", ""01KZ3P0Y87VS7GC2Y77M87H8FM""]","[0, 1, 2, 3, 4, 5, 6, 7, 8, 9, 10]","[[""01KZ3P0Y8B3RGX359ATF9825W8""], [""01KZ3P0P9VJM235VRE2W8WMTEE""], [""01KZ3P00FVZQ2N6XRRE69EQGNB""], [""01KZ3P0Y8C6D0AM84V5KDEEV7V""], [""01KZ3P0Y8CZ2DTHGANSWTV0S78""], [""01KZ3P00FVKC2H6TMYD1NX99C6""], [""01KZ3P00FVZQ2N6XRRE69EQGNB""], [""01KZ3P0P9WBN6MW55WWAAW3V4C""], [""01KZ3P00FWDE0H1J9RQK9ABXGG""], [""01KZ3P00FWDE0H1J9RQK9ABXGG""], [""01KZ3P0P9W09XREV1FDVNP6C91""]]","{""entities"": [""Mei"", ""Valentine's""], ""time_constraints"": [], ""operands"": [], ""list_cardinality"": {""known"": false, ""count"": 0}, ""update_state"": """", ""gap"": null}","[{""kind"": ""KEEP"", ""candidate_id"": ""01KZ3P14BCDYBDDG723QQRXGWT"", ""source_id"": ""01KZ3P0Y8B3RGX359ATF9825W8""}]",pass,
023-b20260803-r2-0-00000-0-00000-q2,multi-hop,train,"When did Sarah prefer to review designs according to the conversation from February 13, 2026, and is this preference still valid as mentioned in June 1, 2026?","Sarah preferred to review designs on Tuesday mornings, and this preference is still valid as mentioned in the June 1, 2026, conversation.",Sarah is avoiding late nights due to maintaining her work-life balance. || Sarah prefers not to work late hours. || Sarah prefers to review designs on Tuesday mornings. || Sarah's review sessions will be moved to Thursday afternoons.,"[""01KZ3GGXHGD1A84CM8AQGMQ42S"", ""01KZ3GGXHEMWK11Z216QFRVX2G"", ""01KZ3GGHD51NRSVFA1PAJTK236"", ""01KZ3GGHD83QKR41Y8C0W67XVS""]","[0, 1, 2, 3]","[[""01KZ3GGHDESXY8B25EAMDCRK7M""], [""01KZ3GGHDE396YM6GVTDF6FV91""], [""01KZ3GGACF6MC8T1MECS1N54HR""], [""01KZ3GGACGG0YV64TDH3RT91XR""]]","{""entities"": [""February"", ""June"", ""Sarah""], ""time_constraints"": [""2026"", ""february 13"", ""june 1""], ""operands"": [], ""list_cardinality"": {""known"": false, ""count"": 0}, ""update_state"": ""still"", ""gap"": null}","[{""kind"": ""KEEP"", ""candidate_id"": ""01KZ3GGXHEMWK11Z216QFRVX2G"", ""source_id"": ""01KZ3GGHDE396YM6GVTDF6FV91""}, {""kind"": ""KEEP"", ""candidate_id"": ""01KZ3GGHD51NRSVFA1PAJTK236"", ""source_id"": ""01KZ3GGACF6MC8T1MECS1N54HR""}]",fail,KEEP 01KZ3GGHD51NRSVFA1PAJTK236 只覆盖 Tuesday mornings，01KZ3GGXHEMWK11Z216QFRVX2G 只说不熬夜；均未证明 June 1 时仍有效。
023-b20260803-r2-0-00174-0-00174-q2,multi-hop,train,When did Dana start her home-lab project and when did she add the new server?,"Dana started her home-lab project in early 2024 and added a new server on January 5th, 2026.",Dana encountered minor issues with network configuration after installing the server. || Dana added two-factor authentication and updated all security protocols in her home-lab project. || Dana encountered a learning curve while setting up the firewall in her home-lab. || Dana experienced a 30% improvement in processing time for her AI models after upgrading her server hardware. || Dana finished the initial setup of the new security protocol in her home-lab project last week. || Dana has successfully set up the test environment for the security protocol without any issues. || Dana installed a new server on January 5th. || Dana is considering automating the backup process in her home-lab project. || Dana is considering integrating a firewall into her home-lab security measures. || Dana is planning to set up a new database system using MongoDB in her home-lab. || Dana is testing the new security protocol with basic scenarios to ensure its functionality. || Dana plans to set up a backup system for the home-lab project. || Dana plans to test the system's response to unauthorized access attempts. || Dana runs a home-lab with multiple servers. || Dana's home-lab consists of five servers running Ubuntu Server 22.04 LTS. || Dana's main project in the home-lab is a web server running a custom e-commerce application. || Dana started the home-lab project in early 2024. || Dana updated firewall rules after installing the server. || Dana upgraded her server hardware to an Intel Xeon with 64GB RAM and 8TB of storage on 2026-03-21. || Dana will start working on the backup system next week.,"[""01KZ3PRAXNJ8N9RXF124YK80SY"", ""01KZ3PRR59CCXZ7P9MR9KTXZA8"", ""01KZ3PRR5BW29BYD3SF3NS1CQB"", ""01KZ3PRR575TTKJJQ13H2N3C0N"", ""01KZ3PR373XA8VQGD7QEYMQF5P"", ""01KZ3PR375ZC97585D0FGD85B0"", ""01KZ3PRAXMSBK29QM0XB79A0T7"", ""01KZ3PR376ZAE5T8QWDNFRGVMZ"", ""01KZ3PRR5A6XAQK5MS5JHWG95F"", ""01KZ3PRR5BD1F2DBS879X8V2RY"", ""01KZ3PR374EJ2E2JK193EHZT0K"", ""01KZ3PRAXSRY3GC618A0J1QCC7"", ""01KZ3PR3755WXJKF71X2NH5CRZ"", ""01KZ3PQRW580CW99V0Q389H1ED"", ""01KZ3PQRW7EZN9C5E7XMRR7QM6"", ""01KZ3PQRW839Z3939VW56C96KA"", ""01KZ3PQRWAKHQ6AY9BD2R2JGWM"", ""01KZ3PRAXRD2N31WQ18ZCWVRGM"", ""01KZ3PRR56SRC5MVWMAH5G61J7"", ""01KZ3PRAXVKRYKJQ5SCFF1E2C3""]","[0, 1, 2, 3, 4, 5, 6, 7, 8, 9, 10, 11, 12, 13, 14, 15, 16, 17, 18, 19]","[[""01KZ3PR377QC2PFAVYEM1XP652""], [""01KZ3PRAXYQDMFCWWN7QM7Y7HH""], [""01KZ3PRAXZCNVS8VN4BSGXCQJH""], [""01KZ3PRAXXE9JEV86TGW0YB3KT""], [""01KZ3PQRWCSBVMBNEW0WA5WN0X""], [""01KZ3PQRWDWG6XF89412BBWZ53""], [""01KZ3PR377QC2PFAVYEM1XP652""], [""01KZ3PQRWDARKS86BTB1F55ABE""], [""01KZ3PRAXYQDMFCWWN7QM7Y7HH""], [""01KZ3PRAY0C5SQJ1NW0X1QBBSB""], [""01KZ3PQRWCSBVMBNEW0WA5WN0X""], [""01KZ3PR378ZCG8P5QZ89YS5PJB""], [""01KZ3PQRWCRF3NPF5GKC99D1B8""], [""01KZ3PQJGTXY4XBAD1TT3ZD0PM""], [""01KZ3PQJGT11E4KVVZGXZVJ6XC""], [""01KZ3PQJGVPDN3KH9RJM039RFQ""], [""01KZ3PQJGVA0JX4T4BPN1WTXW4""], [""01KZ3PR377QC2PFAVYEM1XP652""], [""01KZ3PRAXXE9JEV86TGW0YB3KT"", ""01KZ3PRAXXXMD8A381HX2YN8DW""], [""01KZ3PR378ZCG8P5QZ89YS5PJB""]]","{""entities"": [""Dana""], ""time_constraints"": [], ""operands"": [], ""list_cardinality"": {""known"": false, ""count"": 0}, ""update_state"": """", ""gap"": null}","[{""kind"": ""KEEP"", ""candidate_id"": ""01KZ3PQRWAKHQ6AY9BD2R2JGWM"", ""source_id"": ""01KZ3PQJGVA0JX4T4BPN1WTXW4""}]",fail,现有 KEEP 只覆盖 2024 年开始项目；还应 KEEP 01KZ3PRAXMSBK29QM0XB79A0T7，覆盖 2026-01-05 新增服务器。
023-b20260803-r2-0-00121-0-00121-q2,multi-hop,train,"What specific challenges did Sam face when integrating Raft and Paxos algorithms into his prototype network, and how did he plan to proceed after addressing those challenges?","Sam faced challenges with understanding and implementing the Paxos algorithm, but managed to get it working. After addressing these challenges, he planned to integrate these algorithms into a prototype network and start testing their performance under different scenarios.","Sam implemented the Raft and Paxos algorithms in his thesis and they are working fine in simulation. || Sam faced challenges understanding the Paxos algorithm but managed to implement it. || Handling dynamic workloads efficiently is also a challenge Sam is facing. || Sam aims to have his thesis setup complete by mid-May. || Sam aims to submit the thesis by the end of 2026. || Sam discussed the basic architecture of his thesis with the assistant last month. || Sam gathered initial results from simulations comparing TCP and UDP. || Sam has tried using debugging tools but hasn't found a solution for reproducibility yet. || Sam is also considering adaptive load balancing strategies. || Sam is exploring consensus algorithms like Raft and Paxos. || Sam is facing issues with reproducibility in his project. || Sam is focusing on improving the scalability of cloud-based services using distributed systems techniques. || Sam is halfway through his experiments and has some preliminary results. || Sam is stuck on explaining the impact of different protocol choices on system performance and needs more data. || Sam is working on his thesis chapter about network protocols. || Sam plans to document every step meticulously for his project. || Sam plans to integrate the implemented algorithms into a prototype network and start testing their performance under different scenarios. || Sam plans to reach out to other researchers for advice on his project. || Sam plans to set up a controlled environment to minimize variables for his project. || Sam plans to test TCP and UDP with streaming services and file transfers. || Sam's thesis is expected to be around 100 pages, including references and appendices. || Sam will include comparisons with his earlier theoretical work on the protocols in his analysis. || The main challenge Sam faces is ensuring data consistency while maintaining high performance.","[""01KZ3MSHVJXXR3Z8CRKGKY6MCY"", ""01KZ3MSHVK5VWQW86J4GMFDJ7Z"", ""01KZ3MS0SC145ZM6JVMQV8Z6VM"", ""01KZ3MSHVPNW4ZFW46JXNF9XGD"", ""01KZ3MS0SHX9TCE7QAC2RREAKW"", ""01KZ3MSHVGVWSMTRN7CHX3QVRM"", ""01KZ3MSAF6VQ8SP5XJJ15SVGR8"", ""01KZ3MSY12NKY45G0DRTDZ1JGZ"", ""01KZ3MS0SG797GVQ8XK775CN46"", ""01KZ3MS0SFJKADH31QV5WMYZR2"", ""01KZ3MSY10QMEX4HGPT0K6JB7X"", ""01KZ3MS0S8J7P6JGKC6Q3EKN2J"", ""01KZ3MSY0Z15MZW4EJ4K9C88SK"", ""01KZ3MSAF5BRGGQ8YS0DRC5S6E"", ""01KZ3MSAF4P8R6PA2SH902S994"", ""01KZ3MSY17C68SZVF7548H1BYD"", ""01KZ3MSHVNMAJHP6YJMA2QY45W"", ""01KZ3MSY16RF20KQTPC1KXFMXR"", ""01KZ3MSY14S8XJ4NTK2SW8VDN0"", ""01KZ3MSAF9ECRB47Q33S0H45PD"", ""01KZ3MS0SJ7PAQ3RS936DQ2JWQ"", ""01KZ3MSAFA3P4Y5NJ92YSB7PF7"", ""01KZ3MS0SA5D158Z52CFNGY2DW""]","[0, 1, 2, 3, 4, 5, 6, 7, 8, 9, 10, 11, 12, 13, 14, 15, 16, 17, 18, 19, 20, 21, 22]","[[""01KZ3MSAFC49HAR38FSMTTE4PG""], [""01KZ3MSAFCPPRH5SGVB8D5AA52""], [""01KZ3MRNXXR0DWCVRPASC0AB8B""], [""01KZ3MSAFDGRJVFWCYY780KW4J""], [""01KZ3MRNXX9CR2RJ24ARWJQJBA""], [""01KZ3MSAFB0K5EJVVQ02ZZZSNW""], [""01KZ3MS0SKC1QG1PE0XTTG1BS6""], [""01KZ3MSHVQ8T4YDVSDPSB9DSQ7""], [""01KZ3MRNXXSJQTG4QWVV1NP6JB""], [""01KZ3MRNXXSJQTG4QWVV1NP6JB""], [""01KZ3MSHVQ82HA4E6VMJX0C3MK""], [""01KZ3MRNXWQATY6M4TK5XYNNYP""], [""01KZ3MSHVQ73SAQ1R60DX6RRRQ""], [""01KZ3MS0SKZNRB59QMRQHS7WC8""], [""01KZ3MS0SKRFFTP8FHMRQ63WHX""], [""01KZ3MSHVRTBGNXNB8WXV9YB5T""], [""01KZ3MSAFDWJCJCK9X8ABMZZH5""], [""01KZ3MSHVRTBGNXNB8WXV9YB5T""], [""01KZ3MSHVRMFWNJSRMH7NTJC7S""], [""01KZ3MS0SMNXVP3BZ5GPVMGVGG""], [""01KZ3MRNXYXWF9DTZX39HAXV4A""], [""01KZ3MS0SMHYJQCHQMEBY0G1FB""], [""01KZ3MRNXXH7YA4QR0CCECGMVY""]]","{""entities"": [""Paxos"", ""Raft"", ""Sam""], ""time_constraints"": [], ""operands"": [{""name"": ""after"", ""satisfied"": false}], ""list_cardinality"": {""known"": false, ""count"": 0}, ""update_state"": """", ""gap"": null}","[{""kind"": ""KEEP"", ""candidate_id"": ""01KZ3MSHVJXXR3Z8CRKGKY6MCY"", ""source_id"": ""01KZ3MSAFC49HAR38FSMTTE4PG""}]",fail,现有 KEEP 只说算法已实现；还应 KEEP 01KZ3MSHVK5VWQW86J4GMFDJ7Z、01KZ3MSHVNMAJHP6YJMA2QY45W，覆盖 Paxos 挑战和后续原型测试。
023-b20260803-r2-0-00087-0-00087-q2,multi-hop,train,"How often does Dana plan to update his home lab servers, and has he updated them since last month?","Dana plans to update his servers every month, and yes, he updated them after resolving issues with the power supply and networking hardware.","Dana plans to update his servers every month, but sometimes he gets busy and it slips to every two months. || Dana added notes on the new hardware and optimizations to the documentation. || Dana finished setting up new switches and routers last week. || Dana got the server up and running last week. || Dana has been working on the home-lab project this weekend. || Dana has fixed minor bugs in the monitoring scripts for the home-lab project. || Dana has three servers in his server farm: one for web hosting, one for file storage, and another for development purposes. || Dana is working on a home automation system and a small server farm. || Dana optimized the server performance for better data processing speeds. || Dana plans to research the use of a switch instead of a router for the home-lab project. || Dana plans to start working on the networking part of the home-lab project soon. || Dana used an Antec Focus Plus 850W power supply for the server. || The main issue with Dana's server setup was power supply compatibility.","[""01KZ3KKN3N50CZVREJ062CEFS7"", ""01KZ3KMS4E0TDT3WCBSJ2AMNCV"", ""01KZ3KMS4C1G5QG2M3BTTYEPZZ"", ""01KZ3KM1WD5CY0BA0T0H9NQ74J"", ""01KZ3KMJWC1WNBBAF8M7CVT498"", ""01KZ3KM1WK0FEJA76ZBECER2YX"", ""01KZ3KKN3KY5ME360WXJH27DD3"", ""01KZ3KKN3HBF8P8PZ68B00SDP6"", ""01KZ3KMS4CS4TJQGWBE2JX3ADB"", ""01KZ3KM1WJ8P1V5WYG0B7ZM9SQ"", ""01KZ3KM1WJBY30QS6HKV7AGDXM"", ""01KZ3KM1WHZRR2F6425D38ZZJP"", ""01KZ3KM1WFP997JK0ZQTBEQRF9""]","[0, 1, 2, 3, 4, 5, 6, 7, 8, 9, 10, 11, 12]","[[""01KZ3KKD64EWDCA5SVBKAG6NS0""], [""01KZ3KMJX3NB8M2R7HG349X45T""], [""01KZ3KMJX0M421VT1C9Z8A4KX0""], [""01KZ3KKN3Q51DVMG2AWV6F2GXG""], [""01KZ3KM1WNVVQJEM18XNF0CA39""], [""01KZ3KKN3RHTF5PMP7MBZ9S8DP""], [""01KZ3KKD636B0XQ898A6KSEQJF""], [""01KZ3KKD62YC80HHC61WW1A46Q""], [""01KZ3KMJX19Y6XQBRNT2BQZCVF""], [""01KZ3KKN3QCMGVYCS7SASP2113""], [""01KZ3KKN3QAQEY794MAVFSF0ET""], [""01KZ3KKN3QDEVSFWQ924JP5QBJ""], [""01KZ3KKN3Q51DVMG2AWV6F2GXG""]]","{""entities"": [""Dana""], ""time_constraints"": [""last month""], ""operands"": [], ""list_cardinality"": {""known"": false, ""count"": 0}, ""update_state"": ""updated"", ""gap"": null}","[{""kind"": ""KEEP"", ""candidate_id"": ""01KZ3KKN3N50CZVREJ062CEFS7"", ""source_id"": ""01KZ3KKD64EWDCA5SVBKAG6NS0""}, {""kind"": ""KEEP"", ""candidate_id"": ""01KZ3KMS4C1G5QG2M3BTTYEPZZ"", ""source_id"": ""01KZ3KMJX0M421VT1C9Z8A4KX0""}, {""kind"": ""KEEP"", ""candidate_id"": ""01KZ3KM1WHZRR2F6425D38ZZJP"", ""source_id"": ""01KZ3KKN3QDEVSFWQ924JP5QBJ""}]",fail,KEEP 01KZ3KMS4C1G5QG2M3BTTYEPZZ、01KZ3KM1WHZRR2F6425D38ZZJP 未证明解决电源和网络问题后更新了服务器。
023-b20260803-r2-0-00117-0-00117-q2,multi-hop,train,When did Sam plan to start his research on PBFT for blockchain networks and what scalability issue was he focusing on last month?,"Sam planned to start his research on PBFT for blockchain networks by the end of April 2026, and last month he was focusing on the scalability issues related to node failure rates.","Sam believes implementing a redundancy strategy will be worth the complexity. || Sam expects to complete the detailed analysis by March 15th. || Sam has been testing different algorithms with real-world data, improving performance by 15%. || Sam has chosen to study Practical Byzantine Fault Tolerance (PBFT) and its adaptation for blockchain networks. || Sam has encountered issues with node failure rates in his project. || Sam is implementing a redundancy strategy to improve the reliability of his system. || Sam is particularly interested in applying consensus protocols to real-world scenarios, especially in blockchain technology. || Sam is working on a thesis about distributed systems, focusing on fault tolerance and consensus algorithms. || Sam is working on the scalability of his distributed system project. || Sam mentioned he is focusing on optimizing the load balancing algorithms for his thesis. || Sam needs to finalize the timeline for the project presentation next month. || Sam plans to add a section detailing the improvements and compare it with the original algorithm in his thesis. || Sam plans to conduct a case study using a large-scale distributed system. || Sam plans to start coding the redundancy strategy this weekend. || Sam plans to start his research and experiments by the end of April 2026, possibly next week.","[""01KZ3MN6H14GZ38F7CWXGPQ2C5"", ""01KZ3MNDY5FF24NMJE42NER8KK"", ""01KZ3MNDY1XCWPF5Z8E9MCCE31"", ""01KZ3MMXYYW4GY66NA47VW9P11"", ""01KZ3MN6GWZ6QNYF2HWRZT7RV1"", ""01KZ3MN6GYWQJ5KFEBTTNZCASD"", ""01KZ3MMXYVVRY48KB025BXY10R"", ""01KZ3MMXYQ8Q69725BKAVAV0K9"", ""01KZ3MN6GT66VST1JFE4WQ82N5"", ""01KZ3MNDXZXD0AFD4QC9Y642Q5"", ""01KZ3MN6H56CPGP1XTT1ASRQJP"", ""01KZ3MNDY2S2V6RK123MMR84ZC"", ""01KZ3MNDY4PSYSHKZ961Q7JRM3"", ""01KZ3MN6H45WAVTY35REBQB8A4"", ""01KZ3MMXZ0KFYE7NAC9QX607JK""]","[0, 1, 2, 3, 4, 5, 6, 7, 8, 9, 10, 11, 12, 13, 14]","[[""01KZ3MMXZ34NXJDFKP9B6RWW4K""], [""01KZ3MN6MS61BVTB669X9XBG7N""], [""01KZ3MN6MRH4XBJT345DGV017B""], [""01KZ3MMPHHRNF22F35P50JZ1Y5""], [""01KZ3MMXZ327KVWYKX15A39EXD""], [""01KZ3MMXZ327KVWYKX15A39EXD""], [""01KZ3MMPHHAD4ZNB7F4N32G38Z""], [""01KZ3MMPHF9WJYCWNCB4AAZ3FV""], [""01KZ3MMXZ2NZB1ZD6THK7WMQW4""], [""01KZ3MN6MQN85RCTEWBZN2F0EC""], [""01KZ3MMXZ4MAS0C15K7A7T2DZ1""], [""01KZ3MN6MRJ5N4ASQ6NSBJW9V1""], [""01KZ3MN6MRJ5N4ASQ6NSBJW9V1""], [""01KZ3MMXZ34NXJDFKP9B6RWW4K""], [""01KZ3MMPHHJMWKXBB2G3WNQ0J1""]]","{""entities"": [""PBFT"", ""Sam""], ""time_constraints"": [""last month""], ""operands"": [], ""list_cardinality"": {""known"": false, ""count"": 0}, ""update_state"": """", ""gap"": null}","[{""kind"": ""KEEP"", ""candidate_id"": ""01KZ3MN6GWZ6QNYF2HWRZT7RV1"", ""source_id"": ""01KZ3MMXZ327KVWYKX15A39EXD""}, {""kind"": ""KEEP"", ""candidate_id"": ""01KZ3MN6GYWQJ5KFEBTTNZCASD"", ""source_id"": ""01KZ3MMXZ327KVWYKX15A39EXD""}, {""kind"": ""KEEP"", ""candidate_id"": ""01KZ3MMXZ0KFYE7NAC9QX607JK"", ""source_id"": ""01KZ3MMPHHJMWKXBB2G3WNQ0J1""}]",fail,KEEP 01KZ3MMXZ0KFYE7NAC9QX607JK 未明确绑定 PBFT，01KZ3MN6GWZ6QNYF2HWRZT7RV1 未覆盖 last month 的 scalability focus；复合答案不完整。
023-b20260803-r2-0-00019-0-00019-q2,multi-hop,train,When does the user's son's passport expire and what hotel is reserved for the upcoming trip to Italy?,The user's son's passport expires in March 2027 and the hotel reserved for the upcoming trip to Italy is the Grand Hotel Milano in Milan.,Alex’s daughter’s passport expires in April 2028. || Alex’s son’s passport expires in March 2027. || The user's birthday is on March 15th.,"[""01KZ3H5VGMZK4MF0JT0PMR1XZ3"", ""01KZ3H5VGKQCX7GQSMZ6S371NY"", ""01KZ3H5GVKPF1T9XQP4HQDEBRS""]","[0, 1, 2]","[[""01KZ3H5GVN6JKD86YE4WQFRHW5""], [""01KZ3H5GVN6JKD86YE4WQFRHW5""], [""01KZ3H51TSPZQSA57WM9H51V2C""]]","{""entities"": [""Italy""], ""time_constraints"": [], ""operands"": [], ""list_cardinality"": {""known"": false, ""count"": 0}, ""update_state"": """", ""gap"": {""kind"": ""entity"", ""entity"": ""Italy"", ""start"": null, ""end"": null, ""operand"": """", ""source_need"": ""entity:Italy""}}",[],pass,
023-b20260803-r2-0-00069-0-00069-q2,multi-hop,train,"What protocol did Sam consider switching to for improving the scalability of his thesis project, and what alternative consensus protocol did his advisor suggest looking into?","Sam considered switching to gRPC for improving the scalability of his thesis project, and his advisor suggested looking into the Raft consensus protocol.",Sam is working on a thesis related to distributed systems and is currently stuck on the scalability part. || Dr. Patel suggested revisiting the peer-to-peer communication protocol used in Sam's research due to potential inefficiencies. || Dr. Thompson suggested using a more efficient consensus protocol to address Sam's algorithm issues. || Sam discussed scalability issues with his latest data replication algorithm with his advisor Dr. Thompson last week. || Sam has a meeting with Dr. Patel next Tuesday to discuss his thesis progress. || Sam has been trying to integrate more nodes into his test network for the scalability part but hasn't succeeded. || Sam is a graduate student writing a thesis on distributed systems. || Sam is considering switching to gRPC for the peer-to-peer communication protocol due to its efficiency for RPC calls. || Sam is considering the Raft protocol for addressing the latency issues in his data replication algorithm. || Sam mentioned their thesis topic is on the impact of edge computing on network latency in distributed systems. || Sam plans to run simulations on the Raft protocol this weekend to test its performance. || Sam plans to start implementing gRPC this week. || Sam’s presentation next month will include a new section on practical applications.,"[""01KZ3K0KQAHY5SFSNMVR0NM1Y2"", ""01KZ3K0KQFTMM15RDBVFGNYMA5"", ""01KZ3K0YWNV2ENFE104W9PHQP6"", ""01KZ3K0YWM0MDKER06VFAF2F1J"", ""01KZ3K0KQHWTSS0HCP071GFZDV"", ""01KZ3K0KQDSMFNRCWPZQ818JSE"", ""01KZ3K04K663KAGVHSK5VF4DXM"", ""01KZ3K0KQGE8QAADHM2E1HS93B"", ""01KZ3K0YWQQZ1VTB7RCCDAPA48"", ""01KZ3K0669RX0FX3719NBRBM0G"", ""01KZ3K0YWR9TZM578Y0VVKXSQX"", ""01KZ3K0KQHQWYNNQDTK23VXQZ1"", ""01KZ3K0YWSFBDRWTEWFJCESNEY""]","[0, 1, 2, 3, 4, 5, 6, 7, 8, 9, 10, 11, 12]","[[""01KZ3K066CAD144T7M1FTR8RBP""], [""01KZ3K066CRTKH0178E57TSP84""], [""01KZ3K0KQKR3QE81JEJ3H9SH68""], [""01KZ3K0KQKR3QE81JEJ3H9SH68""], [""01KZ3K066DT1VS7SEWEZ00G7TF""], [""01KZ3K066CAD144T7M1FTR8RBP""], [""01KZ3K02YJFJQP0M2QDP5R6P3D""], [""01KZ3K066DTC8ZQ6BF0CC95AN5""], [""01KZ3K0KQMPD5NHRPAA7KJ1J2P""], [""01KZ3K04K81MW70PFR294ER5SF""], [""01KZ3K0KQMPD5NHRPAA7KJ1J2P""], [""01KZ3K066D2QDKWC0ZT73MBG4C""], [""01KZ3K0KQMY3VBRRWD2E8VT2D4""]]","{""entities"": [""Sam""], ""time_constraints"": [], ""operands"": [], ""list_cardinality"": {""known"": false, ""count"": 0}, ""update_state"": """", ""gap"": null}","[{""kind"": ""KEEP"", ""candidate_id"": ""01KZ3K0KQGE8QAADHM2E1HS93B"", ""source_id"": ""01KZ3K066DTC8ZQ6BF0CC95AN5""}]",fail,KEEP 01KZ3K0KQGE8QAADHM2E1HS93B 只覆盖 gRPC；候选没有明确证明 advisor 建议 Raft，复合答案不完整。
023-b20260803-r2-0-00077-0-00077-q2,multi-hop,train,When did Dana start her home-lab project and what did she say about the server model she was initially using?,Dana started her home-lab project in 2024 and she was initially using an Intel NUC 12 Pro with 16GB RAM and an SSD.,"Dana added 16GB of RAM to her server on 2025-12-18. || Dana encountered network configuration issues with the home-lab project. || Dana faced compatibility issues during the integration of Alexa with HomeAutomationAPI. || Dana got the network up and running but now faces performance bottlenecks related to storage. || Dana hopes to complete the basic configuration of the new server by next week. || Dana installed the latest OS version and configured network settings on the new server. || Dana integrated voice commands through Alexa into her HomeAutomationAPI project. || Dana is considering upgrading to NVMe drives for storage on the home-lab project. || Dana is testing a new Raspberry Pi model for handling multiple services efficiently. || Dana is using an Intel NUC 12 Pro with 16GB RAM and an SSD for her home-lab project. || Dana is working on security configurations for the new server. || Dana plans to install a database, web servers, and monitoring tools on the new server. || Dana received a new server and began setting it up on 2026-02-10. || Dana's home-lab project aims to test new software configurations and improve her DevOps skills. || Dana started her home-lab project in 2024. || Dana typically runs around 5 virtual machines on her server, including OSes like Ubuntu and Windows Server. || Dana updated the project documentation on March 8th, including recent changes and fixes. || Dana updated the security protocols in her HomeAutomationAPI project. || Dana will set up backups after installing applications on the new server.","[""01KZ3K9446NEMS80YS33PX7KWG"", ""01KZ3K9D63X6X4QDY4VDKWACBY"", ""01KZ3K9448W8B2HYYNNGDMM5ZK"", ""01KZ3K9D66VWVRJMCY5XC1RW9R"", ""01KZ3K8WCBV6W1C7KZWS04ZMY6"", ""01KZ3K8WC2T0RNYS4AV0C321BJ"", ""01KZ3K9447KA4Z189FE7R4B3WV"", ""01KZ3K9D67990Q134J26HS4DJW"", ""01KZ3K944AK78SR43XE837775T"", ""01KZ3K8KE9H1CYWBYRZ4XNS44C"", ""01KZ3K8WC5AWZ6A152PA0NKZ0C"", ""01KZ3K8WC75DWK11RV060NF85R"", ""01KZ3K8WBZC0DJ3VW5HQZJADBF"", ""01KZ3K8KE8QE5EMZT0KYXC4N9P"", ""01KZ3K8KE6SW7MJ040R7D2NASQ"", ""01KZ3K8KEAPY2SPQ3H6QNDS1EV"", ""01KZ3K9D68AHGZ4J1TM3HMVG6B"", ""01KZ3K94491CMPW82DWFDY1PNW"", ""01KZ3K8WC9CPX0NCMJBDK3N7G8""]","[0, 1, 2, 3, 4, 5, 6, 7, 8, 9, 10, 11, 12, 13, 14, 15, 16, 17, 18]","[[""01KZ3K8WCD0HE0VV364ERV5GP8"", ""01KZ3K8WCDY2XR31HMREJVCSTV""], [""01KZ3K944BP7SKRF07NGE3JW26""], [""01KZ3K8WCEFKRQQK962E6SF908""], [""01KZ3K944BNYX12GC7RSRTNVB8""], [""01KZ3K8KEDC0VMQ70TXVN1723J""], [""01KZ3K8KEC1XG9Z6B6VP7G3HRT""], [""01KZ3K8WCEZ5W9FRMDTS7G1E9A""], [""01KZ3K944BB1AGTZGFBNDH9611""], [""01KZ3K8WCEHHE5G4PQS7SH85BF""], [""01KZ3K8DAE5YTGSDXEX7ST2JSE""], [""01KZ3K8KEC1XG9Z6B6VP7G3HRT""], [""01KZ3K8KEDHDQ1168Q2JX0J7WE""], [""01KZ3K8KEC1XG9Z6B6VP7G3HRT""], [""01KZ3K8DADEKG02GBJGMKPBA2C""], [""01KZ3K8DAC6RM99N42389TW8NV""], [""01KZ3K8DAFETHJYFJ6TFT9B2G5""], [""01KZ3K944C0FVEDX17CMA83ZCD""], [""01KZ3K8WCEZ5W9FRMDTS7G1E9A""], [""01KZ3K8KEDHDQ1168Q2JX0J7WE""]]","{""entities"": [""Dana""], ""time_constraints"": [], ""operands"": [], ""list_cardinality"": {""known"": false, ""count"": 0}, ""update_state"": """", ""gap"": null}","[{""kind"": ""KEEP"", ""candidate_id"": ""01KZ3K8KE8QE5EMZT0KYXC4N9P"", ""source_id"": ""01KZ3K8DADEKG02GBJGMKPBA2C""}]",fail,现有 KEEP 只覆盖 2024 年开始；还应 KEEP 01KZ3K8KE9H1CYWBYRZ4XNS44C，覆盖 Intel NUC 12 Pro、16GB RAM 和 SSD。
023-b20260803-r2-0-00084-0-00084-q2,multi-hop,train,"Did Mei still plan to add a new vegetarian dish called tofu stir-fry with seasonal vegetables after the Easter weekend, as mentioned in the April 8th session, and does she expect a private dinner of 30 guests for January 15th as discussed in the January 7th session?",Yes,"Mei booked a private dinner for 30 on January 15th. || Mei discussed changing the reservation system with the IT guy last week and plans to schedule a meeting next month to discuss further integration. || Mei handles supplier relationships for Savor herself. || Mei has a cooking class planned for February 10th with 20 participants. || Mei mentioned planning to add a new vegetarian dish, a tofu stir-fry with seasonal vegetables, to her restaurant menu. || Mei might add more vegetarian options to the menu for the cooking class based on guest feedback. || Mei planned to introduce the new vegetarian dish after the Easter weekend. || Mei received a delivery from Green Acres Farm on 2026-01-06. || Reservations for Valentine’s Day are busy, with about half the tables booked.","[""01KZ3KGG92WJY7N09S89BCYX9N"", ""01KZ3KH3CQCNZ7JTJM0GYV64XB"", ""01KZ3KG900ZVWCGKN5QT4P0DTF"", ""01KZ3KGG94K5YWRG18W6BWAWQ9"", ""01KZ3KH3CK7VVKQPYWZXK77PG4"", ""01KZ3KGG95VR5EA8XCMS6R179W"", ""01KZ3KH3CP92JW830V13520DZ2"", ""01KZ3KGG91CXSMMV2B5GDK1TZX"", ""01KZ3KGG96R50XZ6KQVE0WPTRK""]","[0, 1, 2, 3, 4, 5, 6, 7, 8]","[[""01KZ3KG906E7638KCV68FMZDEE""], [""01KZ3KGTG2NGXQ2BYEV0B83NXB""], [""01KZ3KFRCJGCHG5Z16J2JQW7BC""], [""01KZ3KG9071CCQ5168AD2EM2ZN""], [""01KZ3KGTG1Y1WKEG0RXAFSBC7T""], [""01KZ3KG908FCFNA38SYS47DM6P""], [""01KZ3KGTG1WE5KCPRF2GKJ4HMW""], [""01KZ3KG905J5EJEAA145B8KQSM""], [""01KZ3KG908RHN4T6QE37QAFB10""]]","{""entities"": [""April"", ""Easter"", ""January"", ""Mei""], ""time_constraints"": [""april 8"", ""january 15"", ""january 7""], ""operands"": [{""name"": ""after"", ""satisfied"": false}], ""list_cardinality"": {""known"": false, ""count"": 0}, ""update_state"": ""still"", ""gap"": null}","[{""kind"": ""KEEP"", ""candidate_id"": ""01KZ3KGG92WJY7N09S89BCYX9N"", ""source_id"": ""01KZ3KG906E7638KCV68FMZDEE""}, {""kind"": ""KEEP"", ""candidate_id"": ""01KZ3KH3CK7VVKQPYWZXK77PG4"", ""source_id"": ""01KZ3KGTG1Y1WKEG0RXAFSBC7T""}]",fail,现有 KEEP 覆盖订餐和新菜，但遗漏 Easter weekend 后推出；还应 KEEP 01KZ3KH3CP92JW830V13520DZ2。
023-b20260803-r2-0-00049-0-00049-q2,multi-hop,train,"According to the sessions, how many nodes did Sam add to his prototype after the first meeting, and what was the expected performance improvement after adding these nodes?","Sam added 5 nodes to his prototype after the first meeting, and the system handled more than twice the load without any issues.","Sam had a prototype running with 10 nodes before adding 5 more nodes for testing scalability. || Ensuring consistent performance under varying loads has been the biggest challenge during the project phase. || Sam aims to explore which consensus protocols work best under various network conditions. || Sam aims to start real-world testing of the new routing protocol around June 1st. || Sam believes distributed systems are becoming more prevalent, but ensuring data consistency is challenging. || Sam has almost completed the literature review and is refining the sections on previous research. || Sam has been focusing on optimizing data distribution algorithms for his thesis. || Sam has been focusing on the implementation part of his thesis project since December 15th, 2025. || Sam has updated the thesis analysis with new data from recent tests. || Sam hopes to finish all thesis revisions by the end of April and submit it early May. || Sam implemented a new algorithm that reduces latency by 30% in simulations. || Sam intends to discuss the new algorithm's improvements with the advisor next week. || Sam is comparing Paxos and Raft as part of his thesis. || Sam is focusing on how consensus protocols can improve data consistency in distributed networks. || Sam plans to finish his thesis by the end of December 2026. || Sam plans to include the new algorithm's performance results in the next thesis draft. || Sam plans to start testing with a dataset of 1 million records next week to evaluate system performance with big data. || Sam plans to test consensus protocols using a combination of simulations and real-world data. || Sam plans to test the new routing protocol on a small scale with actual users. || Sam's thesis analysis shows a 30% improvement in throughput with the new algorithm under heavy load conditions. || Sam's thesis project involves developing a new distributed system for real-time data processing in cloud environments with three main components: a load balancer, a data distributor, and a fault-tolerant storage system. || Sam tested the new routing protocol in a lab environment to simulate different network conditions. || Sam will use GoLang for coding the simulations due to its efficiency and support for concurrent programming. || Simulations will help generalize findings, while real-world data will validate them. || The new routing protocol uses a hybrid approach combining shortest path and load balancing techniques. || The system handles more than twice the load without any issues after adding 5 more nodes.","[""01KZ3J8JZE5RXEDY8WZG7S3RSA"", ""01KZ3J8JZGRBK9CYP57W9MN76N"", ""01KZ3J85H8NQQG1A79E68DXZ6J"", ""01KZ3J8X9BF9EEBJ5DX9DADZQN"", ""01KZ3J85H7EM7K5R0AFZ1QN2PG"", ""01KZ3J96JJVYS6KBJV03XA53PR"", ""01KZ3J8X92ZG0HX5BMNVWT0RK8"", ""01KZ3J8JZANPNFDZXYKX1KWN1W"", ""01KZ3J96JCS5PCZX8Y7R34TDYB"", ""01KZ3J96JK7SK65RWFB9ETYQMK"", ""01KZ3J8X94T6J6NQ7KB7J8XYYM"", ""01KZ3J96JH58R10EJH9014WZ6G"", ""01KZ3J85H8N29FZQGJMW1SJKZF"", ""01KZ3J85H5JBHSDVYS6DHJZ9HD"", ""01KZ3J85HBR0GKCT4ATDQN64RV"", ""01KZ3J96JGJ7E5JK2QZZX2X4D9"", ""01KZ3J8JZJ94R7GXXND1SCAC63"", ""01KZ3J85H99ZWDHH9FV1CVCS05"", ""01KZ3J8X9AFCAENHHCG2EJ06H3"", ""01KZ3J96JEBP8N5HRAJFR8PMRS"", ""01KZ3J8JZC3ESJXDPJAK6Q3PDP"", ""01KZ3J8X98DMJK66ZWCJFCDG84"", ""01KZ3J85HB9CWJCN1MKP8H6BY8"", ""01KZ3J85HAZWC7MHZSCE63SQ5G"", ""01KZ3J8X96RF72GHQ32K4BY1QX"", ""01KZ3J8JZF29HPP1V79HR4NK5E""]","[0, 1, 2, 3, 4, 5, 6, 7, 8, 9, 10, 11, 12, 13, 14, 15, 16, 17, 18, 19, 20, 21, 22, 23, 24, 25]","[[""01KZ3J85HDADG902DJHC2K409S""], [""01KZ3J85HD7A4TQAP8YZW14TK8""], [""01KZ3J7R7XAHJKX517GPFGG8ND""], [""01KZ3J8JZPWTKVK6NT82ZSM026""], [""01KZ3J7R7XAHJKX517GPFGG8ND""], [""01KZ3J8X9G32A9S22Z5CJ412DR""], [""01KZ3J8JZNT9J3K41CGP5WJJPP""], [""01KZ3J85HCQ6RK1D57VWE05GB2""], [""01KZ3J8X9D3EWY35WYTMYH4K56""], [""01KZ3J8X9HCG8HWJ817WQW256F""], [""01KZ3J8JZNW0GAAP14QBRMX3EA""], [""01KZ3J8X9FNEKKC4AEBSCZ0R7A""], [""01KZ3J7R7XFBHB52777F43M7SM""], [""01KZ3J7R7WVY23QDZ971V9XBY5""], [""01KZ3J7R7YQMKVPK5MG0FEJJ90""], [""01KZ3J8X9EWN0TQVVVE2FE6T68""], [""01KZ3J85HE1X2QDE9RYJ44JNAJ""], [""01KZ3J7R7YKMCXF2WN8QM41D1J""], [""01KZ3J8JZP48R5ZNWWENV2762J""], [""01KZ3J8X9EWN0TQVVVE2FE6T68""], [""01KZ3J85HCK8SH9YJ5NESQ3MDV""], [""01KZ3J8JZPZ19TEGEC9GS52Z6N""], [""01KZ3J7R7YFVV2S1XQ937EGF3B""], [""01KZ3J7R7YKMCXF2WN8QM41D1J""], [""01KZ3J8JZPZ5A5A8G514556YQB""], [""01KZ3J85HDADG902DJHC2K409S""]]","{""entities"": [""According"", ""Sam""], ""time_constraints"": [], ""operands"": [{""name"": ""after"", ""satisfied"": false}], ""list_cardinality"": {""known"": true, ""count"": 5}, ""update_state"": """", ""gap"": null}","[{""kind"": ""KEEP"", ""candidate_id"": ""01KZ3J8JZE5RXEDY8WZG7S3RSA"", ""source_id"": ""01KZ3J85HDADG902DJHC2K409S""}, {""kind"": ""KEEP"", ""candidate_id"": ""01KZ3J8JZF29HPP1V79HR4NK5E"", ""source_id"": ""01KZ3J85HDADG902DJHC2K409S""}]",pass,
023-b20260803-r2-0-00156-0-00156-q2,multi-hop,train,When did Dana start her home-lab project and what did she add to it in the latest session?,"Dana started her home-lab project in late 2024, around December, and in the latest session, she mentioned adding more SSD storage and starting to integrate a new backup system based on cloud storage.","Alex is struggling with the latest updates for the security protocols. || Dana added more SSDs to her server for better storage. || Dana considered rolling back to the previous firmware version to resolve the network configuration issue. || Dana encountered an issue with the network configuration in the home-lab project, possibly due to the latest firmware update. || Dana faced minor issues with power supply compatibility during the RAID 5 setup. || Dana integrated a new backup system based on cloud storage. || Dana intends to install the additional SSD this weekend. || Dana is considering a Samsung 970 EVO Plus SSD for the home-lab project. || Dana is testing her server with RAID 5 configuration. || Dana maintains a home-lab to test different software configurations. || Dana plans to add an additional SSD to the home-lab for more storage space. || Dana pushed back the home-lab project deadline to June 10th. || Dana's home-lab includes three servers, five network switches, and a few routers. || Dana started the home-lab project in December 2024. || Dana works on the home-lab project every week, usually on weekends. || The team is handling their parts of the project, but there are issues with the security protocols.","[""01KZ3P32DRCD6W9PMT383XEK6T"", ""01KZ3P2QJX9P0B7GX2ADX6KXRW"", ""01KZ3P3DPFZR5YCCF0H9V494YE"", ""01KZ3P3DPDGN7E8DPXHSCKYRDG"", ""01KZ3P2QJZP3RMWVFTJX07Y2QN"", ""01KZ3P2QJZP97MH55KD5ZZF9AZ"", ""01KZ3P3DPMBZGGBVC3TQ64BBSV"", ""01KZ3P3DPPESFH0PBG36R8RAWA"", ""01KZ3P2QJYX94WQR3AAHHZSDEN"", ""01KZ3P2FBXA0F1G5571V1A7BB7"", ""01KZ3P3DPK3DZTHWP6KSZP4VJX"", ""01KZ3P32DK8DE1XF0F4YGEW6KX"", ""01KZ3P2FC01EXH4GVPST2GC6KK"", ""01KZ3P2FC1GWQMY54WWC7A1XMM"", ""01KZ3P2FC2GV0GKY6V5A41CRN8"", ""01KZ3P32DNMV4VMJ9XCYYFRP1X""]","[0, 1, 2, 3, 4, 5, 6, 7, 8, 9, 10, 11, 12, 13, 14, 15]","[[""01KZ3P2QK1KSR4Q33B9AHCRT4S""], [""01KZ3P2FC3FD9Q89BAM0YQZ18Y""], [""01KZ3P32DZV3V78SHK8JM3P0TM""], [""01KZ3P32DZ5YPAZ1MAQKD9KT0J""], [""01KZ3P2FC4SSX2N5NZXET76GC4""], [""01KZ3P2FC49CEYV74FB7REF76X""], [""01KZ3P32E0F2ANXJR2DDBY8ZCB""], [""01KZ3P32E1QRY2XK8B7HTSHSNK""], [""01KZ3P2FC3FD9Q89BAM0YQZ18Y""], [""01KZ3P2827D5Y9QPN444E15PB6""], [""01KZ3P32E02FBYCNC4BP2VAWA1""], [""01KZ3P2QK11CFHK465C6MFK9J8""], [""01KZ3P2828E04WDSHFH4A0VBGA""], [""01KZ3P28282RXBZG50KKX7W9DP""], [""01KZ3P2829HNWH8MRPFGFS8D7Q""], [""01KZ3P2QK1KSR4Q33B9AHCRT4S""]]","{""entities"": [""Dana""], ""time_constraints"": [], ""operands"": [], ""list_cardinality"": {""known"": false, ""count"": 0}, ""update_state"": ""latest"", ""gap"": null}","[{""kind"": ""KEEP"", ""candidate_id"": ""01KZ3P2QJX9P0B7GX2ADX6KXRW"", ""source_id"": ""01KZ3P2FC3FD9Q89BAM0YQZ18Y""}, {""kind"": ""KEEP"", ""candidate_id"": ""01KZ3P2QJYX94WQR3AAHHZSDEN"", ""source_id"": ""01KZ3P2FC3FD9Q89BAM0YQZ18Y""}, {""kind"": ""KEEP"", ""candidate_id"": ""01KZ3P2FC1GWQMY54WWC7A1XMM"", ""source_id"": ""01KZ3P28282RXBZG50KKX7W9DP""}]",fail,现有 KEEP 覆盖 December 2024 和 SSD，但遗漏云存储备份系统；还应 KEEP 01KZ3P2QJZP97MH55KD5ZZF9AZ。
023-b20260803-r2-0-00026-0-00026-q2,multi-hop,train,When did Priya discuss the extension of the deadline with the team members who had concerns about the initial beta release deadline?,June 7th,"Priya finalized the core features for the beta release on June 25th. || Priya had a meeting with team members on June 7th to address concerns about the deadline. || Priya is managing the release of a new software update called 'SkyBridge'. || Priya planned to finalize all features by May 5th and the soft launch was set for May 10th. || Priya plans to overhaul the mobile app interface this week. || The marketing budget is higher than expected. || The marketing campaign for the product will start on March 15th. || The official product launch is scheduled for April 1st. || There are savings in travel costs due to remote work, allowing us to stay within our initial estimates.","[""01KZ3HED306B4VZ0YFH1YXJS8C"", ""01KZ3HED31WRFMDYW1RQH54RMJ"", ""01KZ3HDP6YTBRAAP3ZTGR81EGK"", ""01KZ3HDYJDP6J2675QR9DFJJ84"", ""01KZ3HED34YR6F0N8P1VZMZ2YS"", ""01KZ3HE66X9J3KHRDR1G94SZPJ"", ""01KZ3HE66Q45KE0J6R0JBVR3ZV"", ""01KZ3HE66S1KXJXD9CMVNSZD9Q"", ""01KZ3HE66YKEXP9DJM8B72G1RN""]","[0, 1, 2, 3, 4, 5, 6, 7, 8]","[[""01KZ3HE66ZFD3QEA27DJ8PG9Z8""], [""01KZ3HE66ZAFY3R5X4QQNJ3E6M""], [""01KZ3HDC98ZGR6R2MQGHYYP62S"", ""01KZ3HDC99HPPSQD8XQ099XB5Y""], [""01KZ3HDP78EH31QKHHF2ME7YBM""], [""01KZ3HE670HZTQZF5J32KQX5V5""], [""01KZ3HDYJKG7EKA9AD7Y6PXXME""], [""01KZ3HDYJJMYGCDQSN7P5PDEN8""], [""01KZ3HDYJJMYGCDQSN7P5PDEN8""], [""01KZ3HDYJKG7EKA9AD7Y6PXXME""]]","{""entities"": [""Priya""], ""time_constraints"": [], ""operands"": [], ""list_cardinality"": {""known"": false, ""count"": 0}, ""update_state"": """", ""gap"": null}","[{""kind"": ""KEEP"", ""candidate_id"": ""01KZ3HED31WRFMDYW1RQH54RMJ"", ""source_id"": ""01KZ3HE66ZAFY3R5X4QQNJ3E6M""}]",fail,KEEP 01KZ3HED31WRFMDYW1RQH54RMJ 只证明 June 7th 处理 deadline concerns，未证明讨论了 deadline extension。
023-b20260803-r2-0-00023-0-00023-q2,multi-hop,train,"When did Dana mention she started her home-lab project, and what did she say about the number of Raspberry Pis she planned to use?","Dana mentioned she started her home-lab project about two months ago, which would be around early February, and she planned to use three Raspberry Pis.","Dana added a new server with a Ryzen 9 7950X processor in March 2026. || Dana added profiling tools to identify bottlenecks in her home-lab project. || Dana encountered a small issue with network configuration during the setup of the new server in March 2026. || Dana expects to complete the security feature additions to her home-lab project by the end of next week. || Dana finalized the network setup after tweaking the network configuration settings in March 2026. || Dana finds Prometheus and Grafana working well for detailed metrics and easy dashboard creation in March 2026. || Dana finished setting up the new hardware for her home-lab project last week. || Dana has been optimizing the code for better performance in her home-lab project. || Dana has been working on setting up a mini cloud server at home using Raspberry Pi 4s. || Dana integrated the latest TensorFlow version into her home-lab project. || Dana is considering using a smaller GPU model to address power consumption issues in her project. || Dana is exploring the use of renewable energy sources like solar panels for her home-lab project. || Dana is facing challenges with power consumption in her home-lab project. || Dana is using neural network architecture tweaks to reduce latency in her project. || Dana plans to add security features to her home-lab project, starting with installing a firewall and setting up intrusion detection systems. || Dana plans to host a local workshop for AI enthusiasts by the end of June. || Dana plans to use three Raspberry Pi 4s in her home-lab project. || Dana resolved a minor issue with the network configuration during the setup of her home-lab project. || Dana started experimenting with Prometheus and Grafana for monitoring the new server in March 2026.","[""01KZ3HARTB8T9RJ2XRCV6JRZ0H"", ""01KZ3HAD86NZV7XARVETXB762H"", ""01KZ3HARTE0TF0KVB0017DNHFJ"", ""01KZ3HA1D842XYAVTCA6JB2DRN"", ""01KZ3HARTGYGNRGY0Z6MV75YVM"", ""01KZ3HARTMXQ14MT8ZZ99X0VV8"", ""01KZ3HA1D0DMW0R1RV34SHETH3"", ""01KZ3HAD83M677E1TZ3PCXD5N7"", ""01KZ3H9R6ZVKS93D9EBZG9R4Z0"", ""01KZ3HAD80MF50JH5PQE5ER3VZ"", ""01KZ3HAD875PJ3S65GKRE7N601"", ""01KZ3HAD88J7J0SARRHEMHVAH0"", ""01KZ3HAD87P56K5MDFG2FFPZTA"", ""01KZ3HAD85APMHV5KA900PBE9Y"", ""01KZ3HA1D695SRVGHWMB35WA73"", ""01KZ3HAD894Z6Q31NJ57B6JAEX"", ""01KZ3H9R72YGWP3XE1WFSVZSHQ"", ""01KZ3HA1D3HMEVDNFEDS74YNQ0"", ""01KZ3HARTJVJS2W6MB9GKRDBMH""]","[0, 1, 2, 3, 4, 5, 6, 7, 8, 9, 10, 11, 12, 13, 14, 15, 16, 17, 18]","[[""01KZ3HAD8A2W1WCD3133YT2PA9""], [""01KZ3HA1DBBPRHHBX0ZM8NPJQ5""], [""01KZ3HAD8A0A9BWW47DPT4TZTJ""], [""01KZ3H9R76SCK5BG4D81FYT945""], [""01KZ3HAD8AP6CD86C593E9BY47""], [""01KZ3HAD8B10QAS1V21F9H4SRX""], [""01KZ3H9R75SY3RG0GTJ0CQ6YZP""], [""01KZ3HA1DAZZRMD83DZ1MRCXA5""], [""01KZ3H9HRMEV79N09MZTZFDMCJ""], [""01KZ3HA1DAZZRMD83DZ1MRCXA5""], [""01KZ3HA1DC08WXE7JWQEGZ878T""], [""01KZ3HA1DC08WXE7JWQEGZ878T""], [""01KZ3HA1DC514600RBCZ0JEQM8""], [""01KZ3HA1DBBPRHHBX0ZM8NPJQ5""], [""01KZ3H9R76TX2RZNKD9XCJB7HF""], [""01KZ3HA1DD32R7VM1A2TCE6JMY""], [""01KZ3H9HRN9FHC1PZ9C36Z8CBX""], [""01KZ3H9R75SY3RG0GTJ0CQ6YZP""], [""01KZ3HAD8BCYA1SQEHSBSVM2EM""]]","{""entities"": [""Dana"", ""Pis"", ""Raspberry""], ""time_constraints"": [], ""operands"": [], ""list_cardinality"": {""known"": false, ""count"": 0}, ""update_state"": """", ""gap"": null}","[{""kind"": ""KEEP"", ""candidate_id"": ""01KZ3H9R72YGWP3XE1WFSVZSHQ"", ""source_id"": ""01KZ3H9HRN9FHC1PZ9C36Z8CBX""}]",fail,KEEP 01KZ3H9R72YGWP3XE1WFSVZSHQ 只覆盖三台 Raspberry Pi，未覆盖约两个月前、early February 的启动时间。
023-b20260803-r2-0-00115-0-00115-q2,multi-hop,train,"According to the conversations, did the team decide to add gamification features after the initial discussion on interactive elements, and was this change communicated to the marketing team before the final launch?","Yes, the team decided to add gamification features after the initial discussion on interactive elements, and this change was communicated to the marketing team before the final launch.","Lila is concerned about the timeline for finishing all features. || Priya’s team had concerns about workload distribution. || The key members of the team include Raj as the tech lead, Sarah in marketing, and Alex handling customer support. || The team decided to add gamification features to the app. || Workload distribution issues have been addressed by redistributing tasks.","[""01KZ3MKARRVRTHWEQEQAR8G97R"", ""01KZ3MKTZYZ3H116K4JSE6PGMC"", ""01KZ3MK49ZDE8BATJE1K25KYCG"", ""01KZ3MKM991E3AQMYWQFYKQPD7"", ""01KZ3MKV006CSVV9A7WZTVBQ07""]","[0, 1, 2, 3, 4]","[[""01KZ3MK4A64YB5VKEMAMJWQ4RV""], [""01KZ3MKM9HX6GB1E3496BR606X""], [""01KZ3MJXV6D2DA6NG2C464TPXT""], [""01KZ3MKARX98RS1GYA8BAHXM99""], [""01KZ3MKM9HX6GB1E3496BR606X""]]","{""entities"": [""According""], ""time_constraints"": [], ""operands"": [{""name"": ""after"", ""satisfied"": false}, {""name"": ""before"", ""satisfied"": false}], ""list_cardinality"": {""known"": false, ""count"": 0}, ""update_state"": """", ""gap"": null}","[{""kind"": ""KEEP"", ""candidate_id"": ""01KZ3MKTZYZ3H116K4JSE6PGMC"", ""source_id"": ""01KZ3MKM9HX6GB1E3496BR606X""}, {""kind"": ""KEEP"", ""candidate_id"": ""01KZ3MKM991E3AQMYWQFYKQPD7"", ""source_id"": ""01KZ3MKARX98RS1GYA8BAHXM99""}, {""kind"": ""KEEP"", ""candidate_id"": ""01KZ3MKV006CSVV9A7WZTVBQ07"", ""source_id"": ""01KZ3MKM9HX6GB1E3496BR606X""}]",fail,KEEP 01KZ3MKM991E3AQMYWQFYKQPD7 只覆盖添加 gamification；没有 KEEP 证明上线前已通知营销团队。
023-b20260803-r2-0-00172-0-00172-q2,multi-hop,train,"What changes did Dana make to her home-lab project after upgrading to the latest Ubuntu version in April, and what issues did she encounter?",Dana added a new monitoring script that checks CPU and disk usage every hour and logs it to a database. She encountered some network latency issues when testing the connection speed between the lab and her office.,"Dana encountered network latency issues when testing the connection speed between the lab and her office after upgrading her server. || Dana also plans to set up a dedicated VLAN for better isolation in her home-lab project. || Dana considered adding multi-factor authentication for security, opting for Google Authenticator. || Dana finished the hardware setup for the new server last week. || Dana has been working on the home-lab project since January. || Dana has chosen a Raspberry Pi 4, an external USB drive, and a basic network switch for her home-lab project. || Dana integrated a new monitoring script that checks CPU and disk usage every hour and logs it to a database. || Dana integrated new server hardware into the home-lab project last month. || Dana is considering using Ubuntu Server for her home-lab project. || Dana is working on a home-lab project to learn about networking, storage, and basic system administration. || Dana plans to add more virtual machines for testing and update monitoring tools. || Dana plans to finalize the networking setup and migrate services by the end of April. || Dana plans to implement containerization next week after ensuring stability. || Dana plans to set up a firewall and implement an intrusion detection system to enhance security. || Dana plans to spend $500-$700 on hardware for her home-lab project, plus some time investment. || Dana plans to start assembling and setting up her home-lab this weekend after ensuring all components arrive. || Dana plans to test upgrading the network card to address network latency issues this week. || Dana’s new home-lab server has improved performance, particularly with the new storage system. || Dana upgraded her home-lab server to the latest Ubuntu version in March 2026.","[""01KZ3PNYQPX94WNE6VS8FD9CXR"", ""01KZ3PNYQR23EB56ZZD032S1XE"", ""01KZ3PP6W4H61NXM3M0D8C77WQ"", ""01KZ3PPFNVP0KWAAXFS5NW890R"", ""01KZ3PP6W1C1MVCNQ8Z0EPGGP5"", ""01KZ3PNH06VEEYK3WCHXPPHDM6"", ""01KZ3PNYQNVQ7CW551X52CBDTY"", ""01KZ3PP6W2HTJNVX86BAMX9WAE"", ""01KZ3PNH083QWP735SNAT2SV0Q"", ""01KZ3PNH02AQZ5278CKTJCRJGG"", ""01KZ3PPFNWVGCEX0294KJA6NZN"", ""01KZ3PP6W355NWDYHV5STE3N85"", ""01KZ3PPFNZHJSAWMJC7YWBRZ91"", ""01KZ3PP6W58FBAM246BJMZ41ME"", ""01KZ3PNH055V3J8VW21SEWT6EB"", ""01KZ3PNH07R97S8TTJV30QASNE"", ""01KZ3PNYQQGW0AAV48WTV2JECK"", ""01KZ3PNYQMZRDZZWEAHPF7JFXS"", ""01KZ3PNYQKM1QVNFW2334ZTCCC""]","[0, 1, 2, 3, 4, 5, 6, 7, 8, 9, 10, 11, 12, 13, 14, 15, 16, 17, 18]","[[""01KZ3PNH0ACMKJ9D357YQ1X223""], [""01KZ3PNH0AYTK59VN6484NPEMS""], [""01KZ3PNYQTH6B6QRH9ZKX5F5C0""], [""01KZ3PP6W7CX13RWEWYC8VG5PP""], [""01KZ3PNYQS4FQ4ZHE8X6DYTV3R""], [""01KZ3PN86H9BFH7SNP8NCYE8XN""], [""01KZ3PNH0A9F22TWEJ1WDKHSMY""], [""01KZ3PNYQS4FQ4ZHE8X6DYTV3R""], [""01KZ3PN86JJ8HM0ENFMHDVFFGT""], [""01KZ3PN86GH740X7RQ2ZHA5650""], [""01KZ3PP6W7AD3QWQ714BMAANY7""], [""01KZ3PNYQSPM8YB1CNM44G9900""], [""01KZ3PP6W8SVKXZRD8ZS3SZC89""], [""01KZ3PNYQT4H2TPY3PY6MS52R3""], [""01KZ3PN86HS07CJQH04F7W2H2T""], [""01KZ3PN86JYQZJ5EKV63S71AMW""], [""01KZ3PNH0AYTK59VN6484NPEMS""], [""01KZ3PNH09YA3QSPKJNRFYJNK0""], [""01KZ3PNH09B0EATQHN5APCC4KZ""]]","{""entities"": [""April"", ""Dana"", ""Ubuntu""], ""time_constraints"": [], ""operands"": [{""name"": ""after"", ""satisfied"": false}], ""list_cardinality"": {""known"": false, ""count"": 0}, ""update_state"": ""latest"", ""gap"": null}","[{""kind"": ""KEEP"", ""candidate_id"": ""01KZ3PNYQPX94WNE6VS8FD9CXR"", ""source_id"": ""01KZ3PNH0ACMKJ9D357YQ1X223""}, {""kind"": ""KEEP"", ""candidate_id"": ""01KZ3PNYQMZRDZZWEAHPF7JFXS"", ""source_id"": ""01KZ3PNH09YA3QSPKJNRFYJNK0""}, {""kind"": ""KEEP"", ""candidate_id"": ""01KZ3PNYQKM1QVNFW2334ZTCCC"", ""source_id"": ""01KZ3PNH09B0EATQHN5APCC4KZ""}]",fail,现有 KEEP 覆盖网络延迟但遗漏监控脚本；还应 KEEP 01KZ3PNYQNVQ7CW551X52CBDTY。
023-b20260803-r2-0-00031-0-00031-q2,multi-hop,train,"When did Sam plan to meet his advisor to discuss his progress, and what was the suggested focus for his thesis according to Dr. Johnson?",Sam planned to meet his advisor on April 11th to discuss his progress. Dr. Johnson suggested focusing more on real-world applications in his thesis.,"Sam submitted initial drafts of his thesis to his advisor last month. || Sam will have a meeting with his advisor on April 11th to discuss his thesis work. || Sam aims to complete his thesis by the end of 2027. || Sam expects to finalize the chapter of his thesis soon with new simulations. || Sam finished the section on consensus algorithms for his thesis. || Sam has adjusted his timeline to end his research phase by the end of May and start writing the draft by June. || Sam has been keeping detailed logs for his thesis work. || Sam has made adjustments to his thesis based on feedback. || Sam is considering tech giants like Google and Amazon for his case studies on distributed systems. || Sam is focusing on exploring replication strategies in the fault tolerance chapter of his thesis. || Sam is focusing on Paxos and Raft algorithms for improving fault tolerance in distributed networks. || Sam is researching how to improve fault tolerance in distributed networks using consensus algorithms. || Sam is using both theoretical models and practical simulations on his lab’s cluster for his research. || Sam is working on optimizing network protocols for his thesis. || Sam met with Dr. Johnson today and she suggested focusing more on real-world applications in his thesis. || Sam needs to gather more data for the performance metrics part of his thesis. || Sam plans to add a section on potential practical uses in his thesis. || Sam plans to integrate real-world applications into his thesis using case studies from companies that have implemented similar distributed systems. || Sam plans to start experimenting with Paxos and Raft algorithms next month. || Sam plans to use network simulation software to test different scenarios for his thesis. || Sam started working on the chapter about fault tolerance mechanisms for his thesis. || Sam wants to include smaller, innovative startups in his thesis for a broader perspective on distributed systems. || Sam will run simulations through his thesis to check for improvements.","[""01KZ3HK4B9K4VAX7BRT09E29C5"", ""01KZ3HK4B8YJ5A51JCMBS8752Y"", ""01KZ3HJV7Z2CE42TQH24FTBNVT"", ""01KZ3HKMJSQ5Q7KA4WGXKW583M"", ""01KZ3HK4B3Y149Q1E6Z82CF7BV"", ""01KZ3HKCKDK7PZVZ24PPFZZHZ0"", ""01KZ3HKMJRX9MMV05YDX3SNTQH"", ""01KZ3HKMJQ8NKJBWB27K80ED1T"", ""01KZ3HKCKAS05W01P3FEQDE3KA"", ""01KZ3HK4BB0FYSV2X93Z8P736S"", ""01KZ3HJV7W7WA305Y3SMCV5XH9"", ""01KZ3HJV7S66RNZJZWVAKW57KG"", ""01KZ3HJV80QHBFXWSZF0HA9K3Q"", ""01KZ3HKMJJS2RVXQR17PXBXQ8J"", ""01KZ3HKCK4ZAXC3C03PWR9SYYV"", ""01KZ3HKMJN4TSMNKCCPK8GRC1D"", ""01KZ3HKCK9FTZYZRGK53P8N1K5"", ""01KZ3HKCK73BN8J4G4CBHM0HTA"", ""01KZ3HJV7YC9ZN8KP1P72KW0K1"", ""01KZ3HKMJP897VXZ212DGNMHP1"", ""01KZ3HK4B6RT2KN7V73PA63WDP"", ""01KZ3HKCKC38DAK4MZ2RQZ9GYE"", ""01KZ3HKMJR4NM6C4KY0C2G8666""]","[0, 1, 2, 3, 4, 5, 6, 7, 8, 9, 10, 11, 12, 13, 14, 15, 16, 17, 18, 19, 20, 21, 22]","[[""01KZ3HJV827ZRN432Q3J0PRDZ9""], [""01KZ3HJV81HZ9J96491P9AK5T3""], [""01KZ3HJJRDY1F821Y8NJFZGSQ1""], [""01KZ3HKCKHQ7B6NA9MGF69ZE42""], [""01KZ3HJV81S148A348NDMPTY9M""], [""01KZ3HK4BG4TMFRBD3S6HK5WE2""], [""01KZ3HKCKHQ7B6NA9MGF69ZE42""], [""01KZ3HKCKHG64A9RNXBGGCRZG1""], [""01KZ3HK4BE1A2TS7JXMMA3F3BP""], [""01KZ3HJV83DZWJGG6NGWK9CP0T""], [""01KZ3HJJRC8XTHZG407JVAD895""], [""01KZ3HJJRBQ0MSY3CMNX360HZ4""], [""01KZ3HJJRECZ60NQDNSST0KFFN""], [""01KZ3HKCKGSD5775MKGPZ7QSYJ""], [""01KZ3HK4BDBJ9KM7KNF0QZQV0X""], [""01KZ3HKCKG9TFPX85DF6N4YW9D""], [""01KZ3HK4BDF9Z5J8S1NF39KYJE""], [""01KZ3HK4BDF9Z5J8S1NF39KYJE""], [""01KZ3HJJRCCCPNB9RZN8JNAWE8""], [""01KZ3HKCKG04K3K8Q0KEPH8VTC""], [""01KZ3HJV81S148A348NDMPTY9M""], [""01KZ3HK4BF9H2XVJY1Q1H22GZT""], [""01KZ3HKCKHG64A9RNXBGGCRZG1""]]","{""entities"": [""Dr"", ""Johnson"", ""Sam""], ""time_constraints"": [], ""operands"": [], ""list_cardinality"": {""known"": false, ""count"": 0}, ""update_state"": """", ""gap"": {""kind"": ""entity"", ""entity"": ""Dr"", ""start"": null, ""end"": null, ""operand"": """", ""source_need"": ""entity:Dr""}}",[],fail,gap漏标；应 KEEP 01KZ3HK4B8YJ5A51JCMBS8752Y、01KZ3HKCK4ZAXC3C03PWR9SYYV，覆盖 4 月 11 日会议及 Johnson 建议。
023-b20260803-r2-0-00051-0-00051-q2,multi-hop,train,What event is scheduled for June 15th and what was the supplier delivery date for the event supplies mentioned in different sessions?,The event scheduled for June 15th is a charity gala dinner. The supplier delivery date for the event supplies was June 10th.,"Another supplier offers sustainable seafood options. || Mei confirmed a delivery of fresh produce scheduled for the next day by noon. || One supplier specializes in organic vegetables and fruits. || The supplier should deliver event supplies by June 10th, 2026.","[""01KZ3JBG25822HF0Z23FENP6Q5"", ""01KZ3JAZYMH6BJXZF22P1WWK8F"", ""01KZ3JBG24DTQV3D1VPSQDZSRF"", ""01KZ3JBS4H347RMAWVZ2Z2GJ4H""]","[0, 1, 2, 3]","[[""01KZ3JAZYYDQFS54WWHM9W5BP5""], [""01KZ3JAP8S4745NF530T5GPAMN""], [""01KZ3JAZYYDQFS54WWHM9W5BP5""], [""01KZ3JBG2AGB7RXTTDAEREA539""]]","{""entities"": [""June""], ""time_constraints"": [""june 15""], ""operands"": [], ""list_cardinality"": {""known"": false, ""count"": 0}, ""update_state"": """", ""gap"": null}","[{""kind"": ""KEEP"", ""candidate_id"": ""01KZ3JBS4H347RMAWVZ2Z2GJ4H"", ""source_id"": ""01KZ3JBG2AGB7RXTTDAEREA539""}]",fail,KEEP 01KZ3JBS4H347RMAWVZ2Z2GJ4H 只覆盖 June 10th 交付，未覆盖 June 15th 的 charity gala dinner。
023-b20260803-r2-0-00100-0-00100-q2,multi-hop,train,How much improvement in throughput did Sam achieve after optimizing the network configuration files in his simulation environment?,20%,"Sam aims to complete the fault tolerance section of his thesis by early April. || Sam faced challenges with implementing algorithms in the distributed algorithms section of his thesis. || Sam faced challenges with network latency when simulating large-scale interactions. || Sam had a meeting with Professor Johnson about his thesis proposal last week. || Sam has almost finished setting up the simulation environment for his thesis, which can handle 100 nodes with varying loads. || Sam has been working on his thesis for about six months. || Sam has written 5000 words for his literature review draft so far. || Sam is considering using machine learning algorithms to predict and adjust replication strategies based on traffic patterns. || Sam is exploring redundancy and quorum-based methods for fault tolerance in his thesis. || Sam is studying how to optimize data replication strategies in cloud environments for his thesis. || Sam is using a time management app to keep track of his tasks and prioritize his work between research and thesis writing. || Sam is working on the fault tolerance section of his thesis, optimizing it for better performance. || Sam needs to submit his literature review draft by the end of January 2026. || Sam optimized the simulation environment by adjusting buffer sizes and reducing packet loss, improving throughput by around 20%. || Sam plans to complete his thesis by the end of this year. || Sam plans to include a new paper on consensus algorithms in his literature review. || Sam plans to move on to security measures after completing the fault tolerance section of his thesis. || Sam plans to start integrating machine learning for predictive analytics next week. || Sam will schedule another meeting with Professor Johnson to discuss his progress and get feedback before the submission deadline. || The meeting with Professor Johnson was positive regarding Sam's thesis proposal direction.","[""01KZ3M2XKW4ZDGFQG80263XVV9"", ""01KZ3M2XKR2TT4R905THKR5EGB"", ""01KZ3M2K1S3VND94KMJ7VDATFY"", ""01KZ3M36A8W5VXF4ZHNY6ZV4PB"", ""01KZ3M2K1RDWV1W4JH421XN0J1"", ""01KZ3M28924CHCGSC2N2GNE2FG"", ""01KZ3M36ACNZ9ZFTQFP28PJ818"", ""01KZ3M28943TC7299WSG6427QB"", ""01KZ3M2XKT7PP5A2ZJ7T43R6QY"", ""01KZ3M288W8SNDTJB4VSY9G5BR"", ""01KZ3M2K1YQ2F8WE62F2WAK4CF"", ""01KZ3M2XKN5Y579QMHAERCV4PD"", ""01KZ3M36ADE3HE2VWCKEQAH8GB"", ""01KZ3M2K1VRVWVZ4TTGXYPJEKX"", ""01KZ3M2893MYCA2GT4NH5GHH8X"", ""01KZ3M36AB2ZX19Y7FCMK96JJE"", ""01KZ3M2XKY7WHY1PPCKEAAR3AD"", ""01KZ3M2K1XM48FT346Z5H7W791"", ""01KZ3M36AE5D6G8RAHJCC4DAWN"", ""01KZ3M36AAKJWAN8AZWFV7NYDW""]","[0, 1, 2, 3, 4, 5, 6, 7, 8, 9, 10, 11, 12, 13, 14, 15, 16, 17, 18, 19]","[[""01KZ3M2K22PGZ2RK2JD0V1HR7F""], [""01KZ3M2K21ZYV6B079WFJ2AJHR""], [""01KZ3M2897A432J87QVTFA09EH""], [""01KZ3M2XM0S49QK1EJ3YHBQZ02""], [""01KZ3M2896RM3V1SMEC22S754A""], [""01KZ3M207P3VZRGNKQ1NAXBKMN""], [""01KZ3M2XM2PVPV26F190V8QYZF""], [""01KZ3M207PWTK7PJ377MBPVPCM""], [""01KZ3M2K22CD0EVBJF7QV2XE2W""], [""01KZ3M207NK4JD7PN31D7WPNXG""], [""01KZ3M2898HCN955W314SDTP2B""], [""01KZ3M2K20V48FQG9MBGJSB5XX""], [""01KZ3M2XM2PVPV26F190V8QYZF""], [""01KZ3M28977JBCPE70STEJYH2J""], [""01KZ3M207QFHS6N5JM5Y7JZSNA""], [""01KZ3M2XM1PH49PV7239B25VRB""], [""01KZ3M2K22PGZ2RK2JD0V1HR7F""], [""01KZ3M2898286D93N3TRMGZC7B""], [""01KZ3M2XM3Q7K7992EF5MGSTA0""], [""01KZ3M2XM07652BHEXR48GBN2X""]]","{""entities"": [""Sam""], ""time_constraints"": [], ""operands"": [{""name"": ""after"", ""satisfied"": false}], ""list_cardinality"": {""known"": true, ""count"": 20}, ""update_state"": """", ""gap"": null}","[{""kind"": ""KEEP"", ""candidate_id"": ""01KZ3M2K1VRVWVZ4TTGXYPJEKX"", ""source_id"": ""01KZ3M28977JBCPE70STEJYH2J""}]",pass,
023-b20260803-r2-0-00050-0-00050-q2,multi-hop,train,When did Dana add the new Dell R740 server to her home-lab project and why did she add it?,Dana added the new Dell R740 server on June 15th. She added it to have more resources for her virtual machines and some data analysis tasks.,"Dana added a new server, a Dell R740 with 256GB RAM, on June 15th. || Dana added an extra SSD for more storage space last week. || Dana added new modules to the codebase of the home-lab project last month. || Dana added two more servers to the home-lab project on 2025-12-27. || Dana containerized one of the services last week. || Dana currently has three servers in her lab: two running Linux and one running Windows. || Dana faced some challenges during the migration of the Windows VM but managed to complete it successfully. || Dana finished upgrading her server last week. || Dana had to tweak security settings for the newly added modules in the home-lab project. || Dana plans to migrate two older VMs to the new server: an Ubuntu server for hosting websites and a Windows machine for development. || Dana plans to set up a backup system. || Dana plans to start testing the scalability of the home-lab project next week. || Dana started her home-lab project in early 2025. || Dana uses Ansible for automation and Docker for containerization in her home-lab project. || Since the migration, Dana has made a few tweaks to the network setup and updated the firewall rules. || The new server will provide more resources for Dana's virtual machines and data analysis tasks.","[""01KZ3J9R35ZAGD3VFTCYA0VNC9"", ""01KZ3JA9F4CTZVMT9H19G9C8GP"", ""01KZ3JA1BMHV88HZ23T94A071G"", ""01KZ3JA1BFBMFSBY7MN0N4SBFH"", ""01KZ3JA9F6WF5TVNKD7ZZ0ARKZ"", ""01KZ3J9C6Z8YQXVCKPX151VWKT"", ""01KZ3J9R3B4QAVGB871WYEH1MY"", ""01KZ3JA9F23Y3PQGNYS708ZNXP"", ""01KZ3JA1BNBW29SRW659VF6AVR"", ""01KZ3J9R3APNBYB8C39TZSCRFA"", ""01KZ3JA9F6YP00P0Z9BX9J7JGG"", ""01KZ3JA1BJ9PGFEP7XCCNSPJ90"", ""01KZ3J9C6YBQVC79XM0PRTTACT"", ""01KZ3J9C71WPN5QPTVY5JK0NXE"", ""01KZ3J9R3CHAPJNAMATTCV68AP"", ""01KZ3J9R38KSKT9Y40XVB6NPXJ""]","[0, 1, 2, 3, 4, 5, 6, 7, 8, 9, 10, 11, 12, 13, 14, 15]","[[""01KZ3J9C732S1NK4VY8H8Y2MDW""], [""01KZ3JA1BQ013P1K8VJEB5MBRK""], [""01KZ3J9R3D1YB4MM4DQA1HXHHK""], [""01KZ3J9R3DESX2H7E3D3VQB0CP""], [""01KZ3JA1BQ6WNEFTFECVR9ZPN6""], [""01KZ3J96RBB14SBFRDFKA9356K""], [""01KZ3J9C74NKG4GVHMC7Q3P71V""], [""01KZ3JA1BPDJW8TSECQNSNHCQ3""], [""01KZ3J9R3DWQK8ZGZHBHKTW52X""], [""01KZ3J9C743HVP060WCTYJQJQ5""], [""01KZ3JA1BRFWN943M0KEVDAY3A""], [""01KZ3J9R3DPN1JV7JYZ8424FV1""], [""01KZ3J96RARXS6FTP9ZGAXCWNH"", ""01KZ3J96RBRPJM0Q924ADPK2KC""], [""01KZ3J96RC2FX0MEBGG37HWAFB"", ""01KZ3J96RCWM2Z63P5BNERZ8Q1""], [""01KZ3J9C75W17Z0VS5Z80XHPDT""], [""01KZ3J9C732S1NK4VY8H8Y2MDW""]]","{""entities"": [""Dana"", ""Dell"", ""R740""], ""time_constraints"": [], ""operands"": [], ""list_cardinality"": {""known"": false, ""count"": 0}, ""update_state"": """", ""gap"": null}","[{""kind"": ""KEEP"", ""candidate_id"": ""01KZ3J9R35ZAGD3VFTCYA0VNC9"", ""source_id"": ""01KZ3J9C732S1NK4VY8H8Y2MDW""}, {""kind"": ""KEEP"", ""candidate_id"": ""01KZ3J9R38KSKT9Y40XVB6NPXJ"", ""source_id"": ""01KZ3J9C732S1NK4VY8H8Y2MDW""}]",pass,
023-b20260803-r2-0-00127-0-00127-q2,multi-hop,train,"When was the beta testing phase of InnovateX going smoother than expected, and when did the team start the final review based on this information?","The beta testing phase went smoother than expected, allowing the team to start the final review on 2026-02-15.",Alex is leading the design aspect of InnovateX. || InnovateX will focus on AI-driven analytics and a user-friendly interface for data visualization. || The project is called InnovateX and we're aiming for a soft launch in August 2026. || There are 15 core team members plus some external consultants working on InnovateX.,"[""01KZ3N089REFRYR9SE23A25YHP"", ""01KZ3N089PDVDP0NCDY7SP8G30"", ""01KZ3N089JY61BYQZG067X6GXW"", ""01KZ3N089MHBYJGCWW32TKN2NJ""]","[0, 1, 2, 3]","[[""01KZ3N02RPT2MA4390NZAMM7YW""], [""01KZ3N02RNK815CGN8HGX0EAYA""], [""01KZ3N02RKSTZ2AENGJDXSNG75""], [""01KZ3N02RMW89J1F21TNZA38VY""]]","{""entities"": [""InnovateX""], ""time_constraints"": [], ""operands"": [], ""list_cardinality"": {""known"": false, ""count"": 0}, ""update_state"": """", ""gap"": {""kind"": ""entity"", ""entity"": ""InnovateX"", ""start"": null, ""end"": null, ""operand"": """", ""source_need"": ""entity:InnovateX""}}",[],pass,
023-b20260803-r2-0-00018-0-00018-q2,multi-hop,train,"When did Sam start working on his thesis project, and what specific algorithms did he discuss in his last session regarding distributed consensus?","Sam started working on his thesis project in January of the previous year, and in his last session, he discussed Practical Byzantine Fault Tolerance (PBFT) and Raft.","Managing state consistency across multiple microservices has been a challenge for Sam. || Sam aims to have a new simulation model ready by the end of the month. || Sam considered using edge computing to reduce latency in his project simulations. || Sam decided to use IoT sensor data from a local smart city initiative for his project simulations. || Sam encountered issues with network latency in his project simulations. || Sam found a 2025 paper comparing the performance of PBFT and Raft under network partitions. || Sam has read up on the Raft consensus algorithm. || Sam is considering implementing a distributed ledger for state management. || Sam is currently working on the third chapter of his thesis. || Sam is focusing on consensus algorithms for his thesis project proposal. || Sam is working on a project proposal for his thesis. || Sam is working on a thesis about improving the scalability of cloud-based services using microservices architecture. || Sam is working on a thesis chapter about distributed consensus algorithms. || Sam needs to add more details on Practical Byzantine Fault Tolerance (PBFT) and Raft in his thesis. || Sam planned to integrate real-world data into his project simulations. || Sam plans to start implementing changes to his project this week. || Sam plans to start with a basic implementation of Raft this weekend. || Sam's thesis has four chapters in total. || Sam started working on his thesis project in January last year, approximately 15 months ago. || The deadline for Sam's presentation is April 18th, 2026.","[""01KZ3H40GPV8PJ70PK3Y6W6158"", ""01KZ3H4QX1YND71T27YE8N9QYH"", ""01KZ3H4QWVAYJF2JQT2KM4AJSB"", ""01KZ3H4QWY91NAY3NP764FTWGX"", ""01KZ3H4QWS3YEG5RHMYTZWAHX8"", ""01KZ3H51N35PVN7DZJ2HRSYWF1"", ""01KZ3H4AM4X7V584RAJB8YEYFM"", ""01KZ3H40GQAB0G44T562QXQRTJ"", ""01KZ3H40GNBM9PFJJRZCR4P9RR"", ""01KZ3H4AM3K7VJG1SRE5N9GTXB"", ""01KZ3H4AM2W6F3AQG3QVDAYW5Y"", ""01KZ3H40GG7T6WER9K7ZKW0JQ5"", ""01KZ3H51MWH3T4AET88WNFYEYQ"", ""01KZ3H51MYYEX7MMNF6E1ACRZ0"", ""01KZ3H4QWXR7YFMKMDD8HKPQ13"", ""01KZ3H4QX0PDCH54HHF6M0P2F5"", ""01KZ3H4AM5CA617FXC31R7YMEW"", ""01KZ3H40GNX9XFQR88Z9EGS1C3"", ""01KZ3H40GM8CEDK8RTZG1VNEM9"", ""01KZ3H51N5ZHSPF3Z7J8XD2EQW""]","[0, 1, 2, 3, 4, 5, 6, 7, 8, 9, 10, 11, 12, 13, 14, 15, 16, 17, 18, 19]","[[""01KZ3H3MNH9V75N51WWX6RKG4M""], [""01KZ3H4AM7YWE7T87RDEWNZ0J3""], [""01KZ3H4AM6WA0CERNP45BTQYTY""], [""01KZ3H4AM7VQJKGKBC7TQAY07D""], [""01KZ3H4AM6DTTJFC1K35TPDR61""], [""01KZ3H4QX3PNTYEAGQGD01TZEM""], [""01KZ3H40GR99BBZ98HH39TRRZ6""], [""01KZ3H3MNH9V75N51WWX6RKG4M""], [""01KZ3H3MNGC74TT7D1QZR4TQ51""], [""01KZ3H40GR2KPTAH2DYAQSDHYS""], [""01KZ3H40GQQ0E07EAFSD6JA3RJ""], [""01KZ3H3MNFJ5ATJA9D3G69E8A6""], [""01KZ3H4QX2FWHAG6GBHDX4C6XE""], [""01KZ3H4QX32R5F85FR5F062GXM""], [""01KZ3H4AM7MYPY9V092ASD8JX7""], [""01KZ3H4AM7YWE7T87RDEWNZ0J3""], [""01KZ3H40GR99BBZ98HH39TRRZ6""], [""01KZ3H3MNGC74TT7D1QZR4TQ51""], [""01KZ3H3MNGC74TT7D1QZR4TQ51""], [""01KZ3H4QX4SP22ZGC3S2JCYWNQ""]]","{""entities"": [""Sam""], ""time_constraints"": [], ""operands"": [], ""list_cardinality"": {""known"": false, ""count"": 0}, ""update_state"": """", ""gap"": {""kind"": ""entity"", ""entity"": ""Sam"", ""start"": null, ""end"": null, ""operand"": """", ""source_need"": ""entity:Sam""}}",[],pass,
023-b20260803-r2-0-00181-0-00181-q2,multi-hop,train,"When is the health inspection for Mei's restaurant scheduled, and when is the seafood platter available?","The health inspection is scheduled for June 15th, and the seafood platter will be available starting Saturday.",Mei can accommodate the group in the main dining area. || Mei is adding a new seafood platter and a vegetarian pasta dish to the menu. || Mei needs to restock some ingredients by the end of this week. || Mei owns a restaurant called 'Savor' in downtown. || Mei received a booking request for a group of 15 for a private dinner on April 21st.,"[""01KZ3Q05A0274ZGSWPDK0B3MYH"", ""01KZ3Q05A2A8BK2WK99Y25C48Q"", ""01KZ3Q05A18EPBYPJ8RY1WJTYP"", ""01KZ3PZX6XV5QSWH3NPCQGFHAC"", ""01KZ3Q059YA6T3XKKJMAH6RYDT""]","[0, 1, 2, 3, 4]","[[""01KZ3PZX70MF3X9K6N35HJBE0T""], [""01KZ3PZX71Q2NTD7A5C6TKQCR1""], [""01KZ3PZX70T8S1YMWJTEC10WJA""], [""01KZ3PZVBS19S47SB9AHJR95WM""], [""01KZ3PZX70MF3X9K6N35HJBE0T""]]","{""entities"": [""Mei's""], ""time_constraints"": [], ""operands"": [], ""list_cardinality"": {""known"": false, ""count"": 0}, ""update_state"": """", ""gap"": {""kind"": ""entity"", ""entity"": ""Mei's"", ""start"": null, ""end"": null, ""operand"": """", ""source_need"": ""entity:Mei's""}}",[],pass,
023-b20260803-r2-0-00058-0-00058-q2,multi-hop,train,"How many servers does Dana currently have in her home-lab project, and which operating systems are they running according to her updates in June and March?","Dana currently has three servers. One runs Ubuntu for the web server, another with CentOS for the database, and the third one has Windows Server for file storage.","Dana aims to have her personal cloud storage solution done by the end of July. || Dana configured the network and storage for the home-lab setup. || Dana finished setting up the server with Ubuntu 22.04 in December. || Dana found a suitable SSD and extra RAM for her home-lab server upgrade. || Dana has been testing new hardware for her home-lab project. || Dana has been working on setting up a mini data center at home for six months. || Dana has heard of Ansible but hasn't tried it yet for automation. || Dana hopes to have alerts fully configured by the end of January. || Dana is considering adding a backup system to her home-lab setup using a NAS with external hard drives. || Dana needs Raspberry Pi units for edge computing tasks in the home-lab setup. || Dana plans to add a Kubernetes cluster for containerization in the home-lab setup. || Dana plans to configure alerts for critical issues in the home-lab setup. || Dana plans to install Ubuntu on her home-lab server this weekend. || Dana plans to move out in September. || Dana plans to start implementing Prometheus and Grafana next week. || Dana plans to use Prometheus for metrics and Grafana for visualization in the home-lab setup. || Dana's home lab includes three servers: one running Ubuntu, another with CentOS, and a third with Windows Server. || Dana started a personal cloud storage solution project this month. || Dana struggles with balancing load between the servers during peak times and managing updates. || Dana upgraded her server to an SSD last week. || Dana will use Kubernetes 1.22 for the home-lab setup.","[""01KZ3JKV3C5E38FRTGYMPAYNAA"", ""01KZ3JKJPK7GSNV2W245BSRPT0"", ""01KZ3JKJPHARM5VX32DDRXWPEC"", ""01KZ3JM1D7C549ETF2G25YW0E5"", ""01KZ3JM1D6KHX47CZ3EVNCARTV"", ""01KZ3JK1068G2P48D036HN51SJ"", ""01KZ3JK10AZMK29NT2PG4DB9HY"", ""01KZ3JKJPQP8MYQSJDS0RB7235"", ""01KZ3JM1DAEH8Z6E19FX9HQ9GN"", ""01KZ3JKJPRXY2RCWKR0P91ZM52"", ""01KZ3JKJPSCATBF95MAJE80865"", ""01KZ3JKJPPN5QRTNT6NPTZDK2C"", ""01KZ3JM1D91QC1WFBENF3Q7NP8"", ""01KZ3JKV3GWQ2SG4MKHA05HS5W"", ""01KZ3JKJPPWD9RPR1W3KGXJC7F"", ""01KZ3JKJPN5DH7R59S6GK290XN"", ""01KZ3JK107CBXA5JPR7CD3BKVJ"", ""01KZ3JKV397VEE4AAHG9Z9CJRB"", ""01KZ3JK109YE14JGZ71GH0EJP3"", ""01KZ3JKV387ZZMQ2V1PWT1E5DK"", ""01KZ3JKJPT4KDM6N1TESD9S0HE""]","[0, 1, 2, 3, 4, 5, 6, 7, 8, 9, 10, 11, 12, 13, 14, 15, 16, 17, 18, 19, 20]","[[""01KZ3JKJPWM0SN95XVQ5APZJQ9""], [""01KZ3JK10BK5KHXVCMJ189YH7V""], [""01KZ3JK10BK5KHXVCMJ189YH7V""], [""01KZ3JKV3KWYDTVYQDQ35AHE92""], [""01KZ3JKV3JP4Q5N89H0FQEE95V""], [""01KZ3JJSJX296V0MCSQE0ABQ6X""], [""01KZ3JJSJXY5ZQDTQPX2BH9PB8""], [""01KZ3JK10C9GRYQ33KMD15TAQE""], [""01KZ3JKV3NN64741B40K4T4D9J""], [""01KZ3JK10DM9A0F9AHDJ0NXSFA""], [""01KZ3JK10DJ40KPZSB0TA2T4A2""], [""01KZ3JK10CQ1MKEZV39WZDQD7P""], [""01KZ3JKV3MYNJ41669SFCTMPAZ""], [""01KZ3JKJPX3GRR86TYP8PRMPY1""], [""01KZ3JK10C9GRYQ33KMD15TAQE""], [""01KZ3JK10CQ1MKEZV39WZDQD7P""], [""01KZ3JJSJWBR1ZQNBQCSJHBHYR""], [""01KZ3JKJPWGJ42NP4BW52QQ9TE""], [""01KZ3JJSJXYDA5G0WC8BX2ZQCF""], [""01KZ3JKJPV0P1XE9A2N0278AK3""], [""01KZ3JK10D040GAQ2APBHCDMK9""]]","{""entities"": [""Dana"", ""June"", ""March""], ""time_constraints"": [], ""operands"": [], ""list_cardinality"": {""known"": true, ""count"": 0}, ""update_state"": ""currently"", ""gap"": null}","[{""kind"": ""KEEP"", ""candidate_id"": ""01KZ3JK107CBXA5JPR7CD3BKVJ"", ""source_id"": ""01KZ3JJSJWBR1ZQNBQCSJHBHYR""}, {""kind"": ""KEEP"", ""candidate_id"": ""01KZ3JKV387ZZMQ2V1PWT1E5DK"", ""source_id"": ""01KZ3JKJPV0P1XE9A2N0278AK3""}]",fail,KEEP 01KZ3JK107CBXA5JPR7CD3BKVJ 只覆盖三台服务器及 OS，未覆盖 web/database/file-storage 用途。
023-b20260803-r2-0-00144-0-00144-q2,multi-hop,train,What changes did Dana make to her home-lab setup after upgrading her server hardware?,"Dana updated her operating system to the latest version, installed new security patches, added support for a new virtualization platform, and optimized the resource allocation scripts.","Dana added support for a new virtualization platform and optimized the resource allocation scripts in her home-lab project. || Dana completed the server hardware upgrade by February 18, 2026. || Dana faced a challenge with the new platform's API during the implementation of her home-lab project. || Dana is setting up a small server to host personal websites and run development tools. || Dana noticed significant performance improvements after upgrading her server hardware. || Dana plans to integrate more automation tools and add monitoring capabilities in the next phase of her home-lab project. || Dana plans to use Ubuntu Server 22.04 LTS as the operating system. || Dana prefers LTS versions of Ubuntu for stability and longer support periods. || Dana's new server includes an Intel Core i9 CPU, 64GB of RAM, and a new NVMe SSD. || Dana updated her operating system and installed new security patches during the server hardware upgrade. || Dana upgraded her server hardware on 2026-02-15. || Dana will begin by setting up CI/CD pipelines and automating routine tasks in the next phase of her home-lab project.","[""01KZ3NMM70K44A7TVKAND88SF5"", ""01KZ3NMAWA95NJAW3RP7ZTJVSH"", ""01KZ3NMM755HKHSJKKBG3HVTQK"", ""01KZ3NKTF01GAT4HD5JN1XY2Z8"", ""01KZ3NMAWBKW2KCAD45HFMG0XT"", ""01KZ3NMM78A3VB0DHMYEM5D40G"", ""01KZ3NKTF5XVNERRVYT0N69XAX"", ""01KZ3NKTF6YDF8JH4R4SSZ5VBC"", ""01KZ3NMAW8QQDQJSYH75E0523A"", ""01KZ3NMAWCGVJS1RWVJCPPB3KB"", ""01KZ3NMAW6N9T27A6210BVW1SV"", ""01KZ3NMM79PGGKDZT3TFVPCQEN""]","[0, 1, 2, 3, 4, 5, 6, 7, 8, 9, 10, 11]","[[""01KZ3NMAWDJ0JG4QSNNXP83G19""], [""01KZ3NM3JFV11YNK13H86FQ4DN""], [""01KZ3NMAWDJ16BA6D6ABDPKX7J""], [""01KZ3NKGZFGBAGR8D82VJBPKGC""], [""01KZ3NM3JFKTVWDKA9QVW4H1JJ""], [""01KZ3NMAWESVWPVV2PWS66ZD8Q""], [""01KZ3NKGZGSDY52DBRK4W0H6WG""], [""01KZ3NKGZGBV7W75CCCA6M953J""], [""01KZ3NM3JEVRHPW5G5PK29QT09""], [""01KZ3NM3JFAKVFCZE97YBW9T9F""], [""01KZ3NM3JEVRHPW5G5PK29QT09""], [""01KZ3NMAWE04KND3309J1E9Y7C""]]","{""entities"": [""Dana""], ""time_constraints"": [], ""operands"": [{""name"": ""after"", ""satisfied"": false}], ""list_cardinality"": {""known"": false, ""count"": 0}, ""update_state"": """", ""gap"": null}","[{""kind"": ""KEEP"", ""candidate_id"": ""01KZ3NMM755HKHSJKKBG3HVTQK"", ""source_id"": ""01KZ3NMAWDJ16BA6D6ABDPKX7J""}, {""kind"": ""KEEP"", ""candidate_id"": ""01KZ3NMAWCGVJS1RWVJCPPB3KB"", ""source_id"": ""01KZ3NM3JFAKVFCZE97YBW9T9F""}]",fail,现有 KEEP 只覆盖 OS 和安全补丁；还应 KEEP 01KZ3NMM70K44A7TVKAND88SF5，覆盖虚拟化平台和资源脚本优化。
023-b20260803-r2-0-00162-0-00162-q2,multi-hop,train,When did Dana start her home-lab project and what kind of tasks does she plan to perform with her Raspberry Pis?,"Dana started her home-lab project about six months ago, around July 2025, and plans to use the Raspberry Pis for basic web server testing, IoT projects, and learning about network setups.","Dana added an SSD for redundancy in the data storage setup. || Dana added logging to the new server to catch potential problems early. || Dana currently has three Raspberry Pi 4s in her home lab. || Dana encountered networking issues, particularly with firewall configurations, during her server setup. || Dana found the server hardware she chose to be powerful and stable for her needs. || Dana got the new server up and running on 2026-03-21. || Dana has been working on a home-lab project since July 2025. || Dana integrated a basic image recognition AI model into her server setup. || Dana intends to train a model for image recognition using home photos. || Dana needs more data sets for the AI project. || Dana optimized some firewall rules for the new server. || Dana plans to expand her home lab with more Raspberry Pi 4s. || Dana plans to set up a small AI model training environment. || Dana plans to use her Raspberry Pi 4s for web server testing, IoT projects, and learning network setups. || Dana resolved issues with the Raspberry Pi cluster by replacing the power supply on 2026-01-10. || Dana's goal is to set up a small-scale cloud environment and experiment with virtualization technologies. || Dana set up a new server in her home-lab last week. || Dana updated the monitoring scripts to check the new server regularly. || Dana updated the software to the latest version in the home-lab project.","[""01KZ3PABGNPD62KTX41RJAGQXR"", ""01KZ3PA1FVDQ8QCMJRBEFACE6J"", ""01KZ3P9MHYFEVZK9WNC5JXAXKS"", ""01KZ3P9V1FY69DYR3Y3JDZM12K"", ""01KZ3P9V1GQXRJXFTPWEE8QT48"", ""01KZ3PA1FQ307ENETMCTB2GJ81"", ""01KZ3P9MHVCXJQZVK375QHTV6G"", ""01KZ3P9V1EEV3A132DQS4B8XZ8"", ""01KZ3PABGS3YT1HQYFEEKWDMBN"", ""01KZ3PABGSTCB2R28BJ9EC0BGP"", ""01KZ3PA1FT85H6F6HTMP3WTNNK"", ""01KZ3P9MJ0GWN8K0QS2GH947HQ"", ""01KZ3PABGRN769S4EQRPSB7QZ3"", ""01KZ3P9MJ1X7G9JBXJAEVAJSWT"", ""01KZ3PABGKKPCS3AEPZBS477FH"", ""01KZ3P9MJ314DQ0Y557V8RR0C8"", ""01KZ3P9V1CQ1VFCRC38ADNB6YJ"", ""01KZ3PA1FSXF3J7QNAEXXS24MQ"", ""01KZ3PABGPX79MY35BR049RWVD""]","[0, 1, 2, 3, 4, 5, 6, 7, 8, 9, 10, 11, 12, 13, 14, 15, 16, 17, 18]","[[""01KZ3PA1FW2RP2EDZ6ANXKDPXD"", ""01KZ3PA1FW4GF6Y3WW52E54Q47""], [""01KZ3P9V1J8GWTDVEM1KMD85D1""], [""01KZ3P9APP08AX5ZNMV8R402SW""], [""01KZ3P9MJ5SJ33HA7RFCYG962H""], [""01KZ3P9MJ6NPDKC7HKPMV0NFT6""], [""01KZ3P9V1HCWV9KB2ZKG6DMT9D""], [""01KZ3P9APQZ8Y5J7CF4C1GDMZP""], [""01KZ3P9MJ5MCFNV0SYA89F3YP2""], [""01KZ3PA1FX3CBXW40KTWXNB374"", ""01KZ3PA1FXZNGJ9QCYT9VY3GGN""], [""01KZ3PA1FX5C1MGK2GJF2PQ4HH"", ""01KZ3PA1FX6SFP327X5Q0JSBBQ""], [""01KZ3P9V1J9RXJNVGNJPNNJBQV""], [""01KZ3P9APP08AX5ZNMV8R402SW""], [""01KZ3PA1FW85D2054K93KKHPE0"", ""01KZ3PA1FXCRQJ3ZHRQ6F1Z0SA""], [""01KZ3P9APPY9JZFHBG6BG3KX7V""], [""01KZ3PA1FW7JMDA0SY25ZFTRQD"", ""01KZ3PA1FW9NKVJ5CN1GS0F89J""], [""01KZ3P9APQ04K94JZHKS6MCG80""], [""01KZ3P9MJ4CHSSBNR9K6486R5F""], [""01KZ3P9V1HTFJ6NFGZBW84K805""], [""01KZ3PA1FW4GF6Y3WW52E54Q47""]]","{""entities"": [""Dana"", ""Pis"", ""Raspberry""], ""time_constraints"": [], ""operands"": [], ""list_cardinality"": {""known"": false, ""count"": 0}, ""update_state"": """", ""gap"": {""kind"": ""entity"", ""entity"": ""Dana"", ""start"": null, ""end"": null, ""operand"": """", ""source_need"": ""entity:Dana""}}",[],fail,gap漏标；应 KEEP 01KZ3P9MHVCXJQZVK375QHTV6G、01KZ3P9MJ1X7G9JBXJAEVAJSWT，覆盖 July 2025 及三类 Raspberry Pi 任务。
023-b20260803-r2-0-00153-0-00153-q3,open-domain,train,What is the new launch date for the NovaTech project after recent updates?,"February 18th, 2026",Alex will handle coding and testing for the 'NovaTech' project. || Jamie will manage marketing campaigns for the 'NovaTech' project. || Sam will focus on customer outreach for the 'NovaTech' project. || The project 'NovaTech' is scheduled for launch on 2026-06-15.,"[""01KZ3NZA2EXPW0YT0V66WFJQ9D"", ""01KZ3NZA2GVB0JHTFEJPS662HH"", ""01KZ3NZA2HWV9Y00TFG9WRVDSV"", ""01KZ3NZA2DRRWCT55DKCNXAJWB""]","[0, 1, 2, 3]","[[""01KZ3NZ1PD1SVC591HF4AH432D""], [""01KZ3NZ1PD1SVC591HF4AH432D""], [""01KZ3NZ1PD1SVC591HF4AH432D""], [""01KZ3NZ1PCAAN2FCFN95RXZ0DY""]]","{""entities"": [""NovaTech""], ""time_constraints"": [], ""operands"": [{""name"": ""after"", ""satisfied"": false}], ""list_cardinality"": {""known"": false, ""count"": 0}, ""update_state"": ""recent"", ""gap"": {""kind"": ""entity"", ""entity"": ""NovaTech"", ""start"": null, ""end"": null, ""operand"": """", ""source_need"": ""entity:NovaTech""}}",[],pass,
023-b20260803-r2-0-00060-0-00060-q3,open-domain,train,What is the current status of Sam's thesis project on distributed systems?,"Sam is working on the chapter about fault tolerance in distributed networks and has revised the introduction. He has also found several new papers on fault-tolerant protocols that he plans to include in the literature review section. His experiments with simulations show promising results, and he is currently writing up the findings.","assistant offered assistance with Sam's thesis on distributed systems on 2026-05-26 || Sam completed the literature review and found interesting papers on fault-tolerant protocols. || Sam found several new papers on the topic of fault tolerance in distributed networks. || Sam has been working on the chapter about fault tolerance in distributed networks for his thesis. || Sam has revised the introduction of his thesis. || Sam has run all the simulations for the experiments, and the results look promising. || Sam intends to meet with Dr. Patel for feedback on the methodology chapter. || Sam is using NetProfiler to gather data for his thesis. || Sam is working on a distributed system project with Dr. Thompson. || Sam needs to evaluate his project using performance metrics like latency and throughput. || Sam plans to start drafting sections this week. || Sam's system's performance varies under different network conditions. || Sam should compare his system's performance with theoretical models or benchmarks. || Sam should focus on practical applications and real-world implications for his thesis. || Sam should plot the data for a clearer visualization. || The latency increases by 5 milliseconds for every 100 additional requests. || The new papers Sam found will be included in the literature review section of his thesis. || Throughput peaks at around 2000 requests per second before dropping.","[""01KZ3JNQ6DPYC1AR72EFYAGXZ8"", ""01KZ3JP7XGMF6WR1FTHXVVDW7Z"", ""01KZ3JNXNM24Q30EBKQ0TZ0VNW"", ""01KZ3JNXNHNWA97J2NQD5ZQ8PR"", ""01KZ3JNXNJQR0S1RC2N78J8E2X"", ""01KZ3JP7XP97X6BQCQJAS59XFP"", ""01KZ3JP7XN4AKY9ZGVVX8YE7Y1"", ""01KZ3JPP4DD4JZHRQB77XYSB5H"", ""01KZ3JPP494AP2782FRFHE0017"", ""01KZ3JPP4BTCNQEH3A8JTN5T5X"", ""01KZ3JP7XKVF31NS6KWSXX8JEC"", ""01KZ3JPP4NR1BAYCT5XZD0FEPA"", ""01KZ3JPP4JF1TWW9YKFVRH9PTW"", ""01KZ3JPP4KWYZE2XHGRKSTRQCS"", ""01KZ3JPP4HJA5PMYZ56Y0C4P7K"", ""01KZ3JPP4FEXPBXRKXDVJN8PV6"", ""01KZ3JNXNN4B96JMEYFNYP2PQ5"", ""01KZ3JPP4GACET20HNKXXNNYDT""]","[0, 1, 2, 3, 4, 5, 6, 7, 8, 9, 10, 11, 12, 13, 14, 15, 16, 17]","[[""01KZ3JNNV5MENDH25VN6AZ6D8C""], [""01KZ3JNXNPNBFP93TATX0BBGHH""], [""01KZ3JNQ6H31ES8M94BQXS7XGX""], [""01KZ3JNQ6GSQFVTDYEE20KWNE8""], [""01KZ3JNQ6GZ45RN21CFT71AASR""], [""01KZ3JNXNRP8FCTAGZ7NGXBZ0E""], [""01KZ3JNXNRYA6S98SGWHA71WEH""], [""01KZ3JP7XTSEACNNCFE4AR8R6V""], [""01KZ3JP7XRKHKKNW9NVD376JRM""], [""01KZ3JP7XSKS1YSA4WS03C6217""], [""01KZ3JNXNQAM62JRC15MTCMBA8""], [""01KZ3JP7XW0BPDEQVWV3CFAS00""], [""01KZ3JP7XWNKBSJE19JRXV66SA""], [""01KZ3JP7XW0BPDEQVWV3CFAS00""], [""01KZ3JP7XWNKBSJE19JRXV66SA""], [""01KZ3JP7XWNKBSJE19JRXV66SA""], [""01KZ3JNQ6JWK3A52NG6CBSHE0C""], [""01KZ3JP7XWNKBSJE19JRXV66SA""]]","{""entities"": [""Sam's""], ""time_constraints"": [], ""operands"": [], ""list_cardinality"": {""known"": false, ""count"": 0}, ""update_state"": ""current"", ""gap"": null}","[{""kind"": ""KEEP"", ""candidate_id"": ""01KZ3JNXNN4B96JMEYFNYP2PQ5"", ""source_id"": ""01KZ3JNQ6JWK3A52NG6CBSHE0C""}]",fail,KEEP 01KZ3JNXNN4B96JMEYFNYP2PQ5 只覆盖新论文纳入综述；还缺 01KZ3JNXNHNWA97J2NQD5ZQ8PR、01KZ3JNXNJQR0S1RC2N78J8E2X、01KZ3JP7XP97X6BQCQJAS59XFP 等当前进展。
023-b20260803-r2-0-00168-0-00168-q3,open-domain,train,Did you mention last month that the chef was planning to introduce a new menu item featuring local ingredients?,"Yes, he is. The new dish will be a vegetable paella using the fresh produce from their new supplier.",The chef plans to introduce a new menu item featuring local ingredients.,"[""01KZ3PHFMVARXX7X6ZBYYHNMT6""]",[0],"[[""01KZ3PH72GFR6EGY1H681ZCSPZ""]]","{""entities"": [], ""time_constraints"": [""last month""], ""operands"": [], ""list_cardinality"": {""known"": false, ""count"": 0}, ""update_state"": """", ""gap"": null}","[{""kind"": ""KEEP"", ""candidate_id"": ""01KZ3PHFMVARXX7X6ZBYYHNMT6"", ""source_id"": ""01KZ3PH72GFR6EGY1H681ZCSPZ""}]",fail,KEEP 01KZ3PHFMVARXX7X6ZBYYHNMT6 只泛称本地食材新菜，未覆盖 vegetable paella 和新供应商鲜蔬；应为 gap。
023-b20260803-r2-0-00155-0-00155-q3,open-domain,train,How many computers are currently in Dana's home-lab?,Three,"After implementing the new power optimization feature, Dana observed a 20% reduction in power consumption on sunny days. || Dana added a new feature to the home-lab system that optimizes power usage based on weather conditions last week. || Dana added a new server to her home-lab, improving network speed significantly. || Dana intends to set up a basic chatbot for home automation tasks. || Dana is a software engineer. || Dana is considering adding a solar panel system and has received quotes but is still evaluating the best option. || Dana plans to add AI models to her home-lab for local training before moving to a cloud service. || Dana plans to install the solar panel system by the end of the year to ensure proper setup before winter. || Dana plans to start working on the chatbot project next week after finalizing the architecture. || Dana started using Docker for containerization, simplifying application deployment. || Dana upgraded the monitoring tool to the latest version, making it more responsive.","[""01KZ3P21CZHWH7HMHR5JSX49PJ"", ""01KZ3P21CXJX8MV0KNTWCV6G07"", ""01KZ3P1T7D9YH464TAZ9CV7JMD"", ""01KZ3P1T7NQ43FMZMAFBREW3SH"", ""01KZ3P1DFAF42FXP820M4RHRKN"", ""01KZ3P21D05M909S6F5567SS8Q"", ""01KZ3P1T7K9MPC9GVMEJSP9Z9A"", ""01KZ3P21D2YCP7JB3GMPBA49Q5"", ""01KZ3P1T7PPC9A52MDN9F11Z2F"", ""01KZ3P1T7JMWCVPVPYBMTZ6XHJ"", ""01KZ3P1T7GK2X1AAJGPAHGFESZ""]","[0, 1, 2, 3, 4, 5, 6, 7, 8, 9, 10]","[[""01KZ3P1T7SYAPTYN2ZEV11J8FF""], [""01KZ3P1T7RQXFZ9D2RNMJN4GTN""], [""01KZ3P1DFHFG6A4GMZVRFVF3T6""], [""01KZ3P1DFM7CSKQR59TNQ8PCXJ""], [""01KZ3P14HYDJT63HPHXQGFKATX""], [""01KZ3P1T7TBHFTX01YSAN99DH1""], [""01KZ3P1DFKM6629X6TEYPCN3GM""], [""01KZ3P1T7VG6K51EAPZGYSBJQK""], [""01KZ3P1DFMWM2A1AKH67C31HCZ""], [""01KZ3P1DFJ51J1ENMKF23QAJBZ""], [""01KZ3P1DFJ51J1ENMKF23QAJBZ""]]","{""entities"": [""Dana's""], ""time_constraints"": [], ""operands"": [], ""list_cardinality"": {""known"": true, ""count"": 0}, ""update_state"": ""currently"", ""gap"": {""kind"": ""entity"", ""entity"": ""Dana's"", ""start"": null, ""end"": null, ""operand"": """", ""source_need"": ""entity:Dana's""}}",[],pass,
023-b20260803-r2-0-00164-0-00164-q3,open-domain,train,What specific security changes did Dana make to her home-lab server after their last discussion?,She updated the firewall rules to allow only necessary inbound connections and enabled multi-factor authentication for all admin accounts.,"Dana encountered slower login times after implementing multi-factor authentication during her home-lab project. || Dana has almost completed updating all development environments to work with the new server hardware. || Dana is a software engineer. || Dana is considering using Docker for containerization but hasn't decided on the exact version yet. || Dana optimized the security measures of her home-lab project by updating firewall rules and enabling multi-factor authentication. || Dana ordered a solar panel kit on 2026-04-26. || Dana plans to integrate a new monitoring tool and possibly start testing containerization for services this month. || Dana plans to upgrade her server hardware starting this week. || Dana tested the new security configurations using penetration testing tools such as Nmap and Metasploit. || Dana upgraded the server hardware last week, including increased RAM and better SSDs. || Dana will make a detailed budget this weekend. || Dana will use spreadsheets to track the projects.","[""01KZ3PCEC33A82B51ADA1M782X"", ""01KZ3PC7DJ9YB2M8GV01JGEYK9"", ""01KZ3PBYTN6Z72QJ978W6HEMJX"", ""01KZ3PC7DMBETZPHNJX5KZKJD7"", ""01KZ3PCEC0DWSMETD6V4BNRGY7"", ""01KZ3PCTCYTHYD6DES3XTW7VBW"", ""01KZ3PC7DKSMCKK9KJ6CTJQCDB"", ""01KZ3PCTD3VXG8F0CQQZ5CXYF8"", ""01KZ3PCEC1669FNEVMANE2A8TC"", ""01KZ3PC7DHP8Z8CKQ0KR2XF9K4"", ""01KZ3PCTD6Y6PZA7NWH5X24CGH"", ""01KZ3PCTDDJDTS0EBZV2ARYSHY""]","[0, 1, 2, 3, 4, 5, 6, 7, 8, 9, 10, 11]","[[""01KZ3PC7DPEC78AJ82RRKJ47Y5""], [""01KZ3PBYTYE9Z1NJV3QYFH67WJ""], [""01KZ3PBRB0NF5GBTCN2WDHDNHK""], [""01KZ3PBYTZBX7AC59P6G6GM5XS""], [""01KZ3PC7DNDZW0FDEG9W027BZP""], [""01KZ3PCEC4J6NER2C35QR21XED"", ""01KZ3PCEC4YY8QPW0NNA1BDWK2""], [""01KZ3PBYTZRKQEDGGM7KPN91P0""], [""01KZ3PCEC54B04DVCRKS2BW9BR"", ""01KZ3PCEC5NYC91SRWDVHFED78"", ""01KZ3PCEC5R4X8P5QGC3S7FK40""], [""01KZ3PC7DNY7RW42JKWSG74SZ1""], [""01KZ3PBYTXYZT7PN4S1J3K87KE""], [""01KZ3PCEC5NYC91SRWDVHFED78""], [""01KZ3PCEC648QXCN7KPGHS8F5W""]]","{""entities"": [""Dana""], ""time_constraints"": [], ""operands"": [{""name"": ""after"", ""satisfied"": false}], ""list_cardinality"": {""known"": false, ""count"": 0}, ""update_state"": """", ""gap"": {""kind"": ""entity"", ""entity"": ""Dana"", ""start"": null, ""end"": null, ""operand"": """", ""source_need"": ""entity:Dana""}}",[],pass,
023-b20260803-r2-0-00079-0-00079-q3,open-domain,train,When was the original target date for the finalization of UI and marketing elements for the QuickSync project?,Mid-March,Priya's team is launching a new feature called 'QuickSync' for their cloud storage service. || The design and UX teams are progressing well with the UI almost ready for final approval by this Friday.,"[""01KZ3KAR1ETHRWZMKBV0CM8SAE"", ""01KZ3KB0TSMCDS2FDGR41W1G4T""]","[0, 1]","[[""01KZ3KACAXGBG2XAWTB0M8H2DM""], [""01KZ3KAR1PMNFMZE8HRNH0H8TG""]]","{""entities"": [""QuickSync"", ""UI""], ""time_constraints"": [], ""operands"": [], ""list_cardinality"": {""known"": false, ""count"": 0}, ""update_state"": """", ""gap"": {""kind"": ""entity"", ""entity"": ""QuickSync"", ""start"": null, ""end"": null, ""operand"": """", ""source_need"": ""entity:QuickSync""}}",[],pass,
023-b20260803-r2-0-00126-0-00126-q3,open-domain,train,When did Sam mention the deadline for his thesis submission?,March 15th,"Dr. Lee suggested refinements to the experimental design during the meeting. || Dr. Thompson is Sam's thesis advisor and has been supportive. || Initial results of Sam's project are promising. || Sam added new sections on fault tolerance and network latency to his thesis. || Sam and Dr. Lee had a meeting to discuss the project yesterday. || Sam completed a simulation with a 10-node network last week. || Sam has been focusing on the experimental setup for the project. || Sam has been testing a consensus algorithm with various network topologies. || Sam hopes to complete his thesis by December 2027. || Sam is considering using asynchronous communication patterns to improve message passing efficiency. || Sam is currently studying Paxos and Raft for his thesis. || Sam is working on a project with Dr. Lee about network latency in distributed systems. || Sam is working on a thesis about distributed systems. || Sam noticed latency issues in his simulations, especially under high load conditions. || Sam plans to have five chapters in his thesis: introduction, background, Paxos, Raft, and conclusion. || Sam plans to have preliminary findings by mid-July. || Sam's thesis focuses on improving data consistency in distributed databases using consensus algorithms. || Sam's thesis submission deadline is March 15th. || Sam should have some concrete data by the end of the current week. || Sam tested a new algorithm for load balancing and found it worked better than the previous one. || Sam updated his thesis bibliography with five new entries. || Sam will review the final draft of his thesis with the assistant a week before the deadline. || The project deadline is set for April 15th. || There is a delay in Sam's research due to unexpected bugs in the simulation software.","[""01KZ3MZHCGWTXRTF1Z28BBDD62"", ""01KZ3MZ10MXH9XD5WT7V4HKN12"", ""01KZ3MZHCB0M064Y1G066NDW4P"", ""01KZ3N02HSA8NJ5W4KMQT602SR"", ""01KZ3MZHCFASG10MCEA7SF158T"", ""01KZ3MZTCTXWZ8ZEM89WBZM9MH"", ""01KZ3MZHCAYTH1XCXD21DKAWTB"", ""01KZ3MZTCRVR53GM3MY9R1TS3H"", ""01KZ3MZ10K9X2SE9EC3F8FCN13"", ""01KZ3MZTCYTP4KWGFRX6N18YVZ"", ""01KZ3MZ10HM84VQ9CJXYPZVSN5"", ""01KZ3MZHC8B5X7SDCV2ADSMWPC"", ""01KZ3MZ10DNKZ2VTSMFX33K6EG"", ""01KZ3MZTCXJDTNQRK9W8B5VNQ8"", ""01KZ3MZ10JEHJFXDKTBTJGS8X5"", ""01KZ3MZHCC6MYCDC52GX2432YA"", ""01KZ3MZ10F1P6TRF364CNJ67B0"", ""01KZ3N02HXNNJRYPXMCJ221MQN"", ""01KZ3MZHCDKVKX7CTT2PCYFHFS"", ""01KZ3N02HTJ6GXCCW0CSYFM62G"", ""01KZ3N02HW4Q9RX4QG7RMFFVPH"", ""01KZ3MZTCZZ3PQYP5X49BARHE5"", ""01KZ3MZTCYFB7EWFX5ZQ6V040T"", ""01KZ3MZHCEDKB522A7SJCGJ5R9""]","[0, 1, 2, 3, 4, 5, 6, 7, 8, 9, 10, 11, 12, 13, 14, 15, 16, 17, 18, 19, 20, 21, 22, 23]","[[""01KZ3MZ10Q9NC5RDX1J055W4XW""], [""01KZ3MYPB70H623HB709XHFXF4""], [""01KZ3MZ10PZ104K7MHZFYG5VCW""], [""01KZ3MZTD1SBMH42QZHJPDMVSR""], [""01KZ3MZ10Q9NC5RDX1J055W4XW""], [""01KZ3MZHCJ5T03W5THBHZNK40T""], [""01KZ3MZ10PZ104K7MHZFYG5VCW""], [""01KZ3MZHCJ5T03W5THBHZNK40T""], [""01KZ3MYPB6N6J605DSHYXR1S5W""], [""01KZ3MZHCJB5NHKCW2MYRKR2E0""], [""01KZ3MYPB5F11C9BG804C8XC6D""], [""01KZ3MZ10NGDNR6Q87WREZPXT6""], [""01KZ3MYPB360AJP9ZJMXSAM4AD""], [""01KZ3MZHCJB5NHKCW2MYRKR2E0""], [""01KZ3MYPB6EC7JB5WG2KAJS8FW""], [""01KZ3MZ10PVVF7YMFNXWFBNEGF""], [""01KZ3MYPB4QHQ0FWHEXK1Y2DDK""], [""01KZ3MZTD3RWQD1PD0PNMKDEQ7""], [""01KZ3MZ10PS9B36NVFEHYE0SJY""], [""01KZ3MZTD2KAH2MC1W3B36NRZ6""], [""01KZ3MZTD2T4QKV0FZ5TP3JWXG""], [""01KZ3MZHCK9RG9TCZQSR2FE230""], [""01KZ3MZHCJVA2T0HK6FANWZQSQ"", ""01KZ3MZHCKGBP6QR9HJHGDWZ2M""], [""01KZ3MZ10QG7GHJXHKK4VCQNHP""]]","{""entities"": [""Sam""], ""time_constraints"": [], ""operands"": [], ""list_cardinality"": {""known"": false, ""count"": 0}, ""update_state"": """", ""gap"": null}","[{""kind"": ""KEEP"", ""candidate_id"": ""01KZ3N02HXNNJRYPXMCJ221MQN"", ""source_id"": ""01KZ3MZTD3RWQD1PD0PNMKDEQ7""}]",pass,
023-b20260803-r2-0-00019-0-00019-q3,open-domain,train,What is the current status of Sarah's birthday dinner plans for July 15th?,Sarah's birthday dinner is planned for July 15th at a new Italian restaurant.,Sarah's birthday is planned for July 15th.,"[""01KZ3H62SMP5GZH79T0VBAXX4S""]",[0],"[[""01KZ3H5VGPC82JKN950934XPG0""]]","{""entities"": [""July"", ""Sarah's""], ""time_constraints"": [""july 15""], ""operands"": [], ""list_cardinality"": {""known"": false, ""count"": 0}, ""update_state"": ""current"", ""gap"": null}","[{""kind"": ""KEEP"", ""candidate_id"": ""01KZ3H62SMP5GZH79T0VBAXX4S"", ""source_id"": ""01KZ3H5VGPC82JKN950934XPG0""}]",fail,KEEP 01KZ3H62SMP5GZH79T0VBAXX4S 只给 July 15th，未覆盖 birthday dinner 及 new Italian restaurant。
023-b20260803-r2-0-00165-0-00165-q3,open-domain,train,What are the expected completion dates for Sam's thesis according to the latest conversation?,Sam is aiming to complete his thesis by the end of March.,"Sam aims to complete his thesis by the end of March. || Sam has updated the case study section of his thesis to include the latest findings from the PAX system project. || Sam is facing challenges with simulating network failures in his thesis. || Sam is using ns-3 for network simulation in his thesis. || Sam is working on a thesis focused on fault tolerance in distributed systems. || Sam aims to complete the major parts of the thesis by the end of next year, providing sufficient time for analysis and writing. || Sam discussed his thesis project on distributed systems with the assistant last month. || Sam faced issues with data consistency when integrating new PAX metrics into his analysis. || Sam found the TPC-H and TPC-C benchmarks useful for his thesis project. || Sam has outlined his thesis chapters and set preliminary deadlines. || Sam has run into challenges with performance metrics in his thesis project. || Sam has started reading papers on distributed system resilience. || Sam implemented a more robust synchronization protocol to resolve data consistency issues. || Sam intends to start with a literature review and possibly conduct small-scale experiments to understand the hybrid storage strategy better. || Sam is studying private clouds due to their better control over security and compliance, particularly relevant for finance and healthcare industries. || Sam is unsure whether to focus more on latency or throughput for his thesis project. || Sam is working on a thesis about optimizing data distribution in cloud environments, specifically focusing on improving data access times and reducing latency. || Sam plans to implement a hybrid storage strategy combining local and distributed storage solutions to optimize data distribution in private clouds. || Sam plans to meet with Dr. Lee next week to get tips on ns-3. || Sam plans to meet with his advisor next week to discuss the thesis updates. || Sam’s first chapter is planned to be completed by the end of February. || The assistant recalled discussing benchmarking tools TPC-H and TPC-C with Sam.","[""01KZ3PE5H2M1SCAM0Q64JM8KC6"", ""01KZ3PE5GVC4W7YVNMGP8975V2"", ""01KZ3PDV340N1A75BGM1VQPTHE"", ""01KZ3PDV350MWG41W7WH66FQME"", ""01KZ3PDV33Z11KDZTYWB6TMXWR"", ""01KZ3PD3A0B0MZ2JSE0ZHCJ6HQ"", ""01KZ3PDGMQFMWB49D2B732ESB5"", ""01KZ3PE5H059MTQ3AFTDSJG9MZ"", ""01KZ3PDGMVMVM54GBCNSAKYA6Y"", ""01KZ3PDV39XJJ15NF8FF51G594"", ""01KZ3PDGMR2NCGS0ZMAG1S77BJ"", ""01KZ3PDV383RYCEMQ32TPMNR05"", ""01KZ3PE5H1KXGZQ0QJ604WD4KN"", ""01KZ3PD3A066527W2T4R06H3CZ"", ""01KZ3PD39Y7XRCZFMTZKDYCXHY"", ""01KZ3PDGMW3C1Z80AWV44AV9TY"", ""01KZ3PD39W4HV7BX3MWVK2J3SV"", ""01KZ3PD39ZG6V4RW8V4QT4WWWD"", ""01KZ3PDV37T7T9TEQJGNTHH6A6"", ""01KZ3PE5H27D746D729S3RQET6"", ""01KZ3PDV3AP0GGQFPF4G8FZAE2"", ""01KZ3PDGMT17BV2T7ZWXHCW3DV""]","[0, 1, 2, 3, 4, 5, 6, 7, 8, 9, 10, 11, 12, 13, 14, 15, 16, 17, 18, 19, 20, 21]","[[""01KZ3PDV3CV6JN0WQ3AVEW3RBD""], [""01KZ3PDV3BXN0SN44H9DFDAA9X""], [""01KZ3PDGMZAMMDFTDF7HD4GW98""], [""01KZ3PDGN0PG66VS5PE8WM7XC1""], [""01KZ3PDGMZS7DDPZTJ0M66BP4W""], [""01KZ3PCTKB35TZE0RZBFZWQSMY""], [""01KZ3PD3A1YCW7TXY176Q30B85""], [""01KZ3PDV3BR7EXKJAPFY0FHN2D""], [""01KZ3PD3A22C9XW1JKPVR8EQSN"", ""01KZ3PD3A2MV91QJH9Y2P4K1BX""], [""01KZ3PDGN064SB7001TW0QRVJW""], [""01KZ3PD3A1FBFKFSA2Z31CD4Z0""], [""01KZ3PDGN0CHGNWMPCQWEEN3ZZ""], [""01KZ3PDV3BR7EXKJAPFY0FHN2D""], [""01KZ3PCTK9Q7FC6XEXM2P1KWZM""], [""01KZ3PCTK8VFF24N2JC2T8776J""], [""01KZ3PD3A22C9XW1JKPVR8EQSN""], [""01KZ3PCTK7TEWHNJ32DKWCY3W9""], [""01KZ3PCTK9S1Q48VRCZ1FF4YH1""], [""01KZ3PDGN0CHGNWMPCQWEEN3ZZ""], [""01KZ3PDV3CPSTXKFPX7GQW9KG2""], [""01KZ3PDGN064SB7001TW0QRVJW""], [""01KZ3PD3A2MV91QJH9Y2P4K1BX""]]","{""entities"": [""Sam's""], ""time_constraints"": [], ""operands"": [], ""list_cardinality"": {""known"": false, ""count"": 0}, ""update_state"": ""latest"", ""gap"": null}","[{""kind"": ""KEEP"", ""candidate_id"": ""01KZ3PE5H2M1SCAM0Q64JM8KC6"", ""source_id"": ""01KZ3PDV3CV6JN0WQ3AVEW3RBD""}]",pass,
023-b20260803-r2-0-00106-0-00106-q3,open-domain,train,When is Lily's birthday party?,Lily's birthday party is on June 20th.,"Alex's friend Mike's daughter, Lily, is having a birthday party on June 20th, 2026. || Alex's friend Mike's daughter, Lily, will host her birthday party at her house.","[""01KZ3M94CTD8GC65QNF2AYFPTT"", ""01KZ3M94CVBCFPB6MGBFYPYNVK""]","[0, 1]","[[""01KZ3M8RDDSG4MSB7AN76CM051""], [""01KZ3M8RDDSG4MSB7AN76CM051""]]","{""entities"": [""Lily's""], ""time_constraints"": [], ""operands"": [], ""list_cardinality"": {""known"": false, ""count"": 0}, ""update_state"": """", ""gap"": null}","[{""kind"": ""KEEP"", ""candidate_id"": ""01KZ3M94CTD8GC65QNF2AYFPTT"", ""source_id"": ""01KZ3M8RDDSG4MSB7AN76CM051""}, {""kind"": ""KEEP"", ""candidate_id"": ""01KZ3M94CVBCFPB6MGBFYPYNVK"", ""source_id"": ""01KZ3M8RDDSG4MSB7AN76CM051""}]",pass,
023-b20260803-r2-0-00088-0-00088-q3,open-domain,train,Is Alex's sister still planning to visit and celebrate her birthday in Paris on July 10th?,"Yes, Alex's sister is still planning to visit and celebrate her birthday in Paris on July 10th.",Alex confirmed the flight details for the family vacation to Hawaii. || Alex is coordinating a family trip to Europe planned for July 2026. || Alex is planning a family trip to Italy in August. || Alex will keep an eye on flight prices and book everything by mid-July.,"[""01KZ3KN940RDTM4MW86GQ3KTAN"", ""01KZ3KN38QJQTGY5HR4KNT0W9J"", ""01KZ3KNHQP3SCCBQD0YFNBR2PY"", ""01KZ3KNHQYWQR9NKK1CKF8MH4S""]","[0, 1, 2, 3]","[[""01KZ3KN391W7W5X880QRK7AVCT""], [""01KZ3KMS6ZVNZD7GGYQ3N6KGJY""], [""01KZ3KN945N2QZ2JDDSJE2HWK1""], [""01KZ3KN94740SP2SNY5SPJGMHT""]]","{""entities"": [""Alex's"", ""July"", ""Paris""], ""time_constraints"": [""july 10""], ""operands"": [], ""list_cardinality"": {""known"": false, ""count"": 0}, ""update_state"": ""still"", ""gap"": {""kind"": ""time_range"", ""entity"": """", ""start"": null, ""end"": null, ""operand"": """", ""source_need"": ""time:july 10""}}",[],pass,
023-b20260803-r2-0-00162-0-00162-q3,open-domain,train,How many Raspberry Pi 4s does Dana currently have in his home lab?,Dana currently has three Raspberry Pi 4s in his home lab.,"Dana added an SSD for redundancy in the data storage setup. || Dana added logging to the new server to catch potential problems early. || Dana currently has three Raspberry Pi 4s in her home lab. || Dana encountered networking issues, particularly with firewall configurations, during her server setup. || Dana found the server hardware she chose to be powerful and stable for her needs. || Dana got the new server up and running on 2026-03-21. || Dana has been working on a home-lab project since July 2025. || Dana integrated a basic image recognition AI model into her server setup. || Dana intends to train a model for image recognition using home photos. || Dana needs more data sets for the AI project. || Dana optimized some firewall rules for the new server. || Dana plans to expand her home lab with more Raspberry Pi 4s. || Dana plans to set up a small AI model training environment. || Dana plans to use her Raspberry Pi 4s for web server testing, IoT projects, and learning network setups. || Dana resolved issues with the Raspberry Pi cluster by replacing the power supply on 2026-01-10. || Dana's goal is to set up a small-scale cloud environment and experiment with virtualization technologies. || Dana set up a new server in her home-lab last week. || Dana updated the monitoring scripts to check the new server regularly. || Dana updated the software to the latest version in the home-lab project.","[""01KZ3PABGNPD62KTX41RJAGQXR"", ""01KZ3PA1FVDQ8QCMJRBEFACE6J"", ""01KZ3P9MHYFEVZK9WNC5JXAXKS"", ""01KZ3P9V1FY69DYR3Y3JDZM12K"", ""01KZ3P9V1GQXRJXFTPWEE8QT48"", ""01KZ3PA1FQ307ENETMCTB2GJ81"", ""01KZ3P9MHVCXJQZVK375QHTV6G"", ""01KZ3P9V1EEV3A132DQS4B8XZ8"", ""01KZ3PABGS3YT1HQYFEEKWDMBN"", ""01KZ3PABGSTCB2R28BJ9EC0BGP"", ""01KZ3PA1FT85H6F6HTMP3WTNNK"", ""01KZ3P9MJ0GWN8K0QS2GH947HQ"", ""01KZ3PABGRN769S4EQRPSB7QZ3"", ""01KZ3P9MJ1X7G9JBXJAEVAJSWT"", ""01KZ3PABGKKPCS3AEPZBS477FH"", ""01KZ3P9MJ314DQ0Y557V8RR0C8"", ""01KZ3P9V1CQ1VFCRC38ADNB6YJ"", ""01KZ3PA1FSXF3J7QNAEXXS24MQ"", ""01KZ3PABGPX79MY35BR049RWVD""]","[0, 1, 2, 3, 4, 5, 6, 7, 8, 9, 10, 11, 12, 13, 14, 15, 16, 17, 18]","[[""01KZ3PA1FW2RP2EDZ6ANXKDPXD"", ""01KZ3PA1FW4GF6Y3WW52E54Q47""], [""01KZ3P9V1J8GWTDVEM1KMD85D1""], [""01KZ3P9APP08AX5ZNMV8R402SW""], [""01KZ3P9MJ5SJ33HA7RFCYG962H""], [""01KZ3P9MJ6NPDKC7HKPMV0NFT6""], [""01KZ3P9V1HCWV9KB2ZKG6DMT9D""], [""01KZ3P9APQZ8Y5J7CF4C1GDMZP""], [""01KZ3P9MJ5MCFNV0SYA89F3YP2""], [""01KZ3PA1FX3CBXW40KTWXNB374"", ""01KZ3PA1FXZNGJ9QCYT9VY3GGN""], [""01KZ3PA1FX5C1MGK2GJF2PQ4HH"", ""01KZ3PA1FX6SFP327X5Q0JSBBQ""], [""01KZ3P9V1J9RXJNVGNJPNNJBQV""], [""01KZ3P9APP08AX5ZNMV8R402SW""], [""01KZ3PA1FW85D2054K93KKHPE0"", ""01KZ3PA1FXCRQJ3ZHRQ6F1Z0SA""], [""01KZ3P9APPY9JZFHBG6BG3KX7V""], [""01KZ3PA1FW7JMDA0SY25ZFTRQD"", ""01KZ3PA1FW9NKVJ5CN1GS0F89J""], [""01KZ3P9APQ04K94JZHKS6MCG80""], [""01KZ3P9MJ4CHSSBNR9K6486R5F""], [""01KZ3P9V1HTFJ6NFGZBW84K805""], [""01KZ3PA1FW4GF6Y3WW52E54Q47""]]","{""entities"": [""Dana"", ""Pi"", ""Raspberry""], ""time_constraints"": [], ""operands"": [], ""list_cardinality"": {""known"": true, ""count"": 4}, ""update_state"": ""currently"", ""gap"": null}","[{""kind"": ""KEEP"", ""candidate_id"": ""01KZ3P9MHYFEVZK9WNC5JXAXKS"", ""source_id"": ""01KZ3P9APP08AX5ZNMV8R402SW""}, {""kind"": ""KEEP"", ""candidate_id"": ""01KZ3P9MJ0GWN8K0QS2GH947HQ"", ""source_id"": ""01KZ3P9APP08AX5ZNMV8R402SW""}]",pass,
023-b20260803-r2-0-00070-0-00070-q3,open-domain,train,When is Sarah's birthday this year?,Sarah’s birthday is on March 28th.,Alex and Sarah plan a small dinner at home for Sarah’s birthday. || Alex plans to take Sarah to a cozy French restaurant for her birthday. || Sarah loves cooking and wants to try authentic sushi and ramen. || Sarah’s birthday is on June 20th. || Sarah’s birthday is on March 28th.,"[""01KZ3K1RT8N4C7CZ3H9A5FXE78"", ""01KZ3K17CEMF0P3PSR1Q180ZVP"", ""01KZ3K1RTB31KB5MFWBJGVRVMN"", ""01KZ3K17CDEHW7TVJC6P9J3EY9"", ""01KZ3K1RT42GHFEFBWK6MASF6B""]","[0, 1, 2, 3, 4]","[[""01KZ3K1DBVVNQG8JSKGPDZW71E""], [""01KZ3K106VQ10MPYNAY46DC1YS""], [""01KZ3K1DBVVNQG8JSKGPDZW71E""], [""01KZ3K106VG7Y6ZK72R68TMXYX""], [""01KZ3K1DBVVNQG8JSKGPDZW71E""]]","{""entities"": [""Sarah's""], ""time_constraints"": [""this year""], ""operands"": [], ""list_cardinality"": {""known"": false, ""count"": 0}, ""update_state"": """", ""gap"": null}","[{""kind"": ""KEEP"", ""candidate_id"": ""01KZ3K1RT42GHFEFBWK6MASF6B"", ""source_id"": ""01KZ3K1DBVVNQG8JSKGPDZW71E""}]",pass,
023-b20260803-r2-0-00081-0-00081-q3,open-domain,train,Did you tell me last month that you were considering a longer stay for the Paris trip?,"Yes, we thought about staying for two weeks instead of just one week.","Alex and their family plan to visit vineyards outside Paris during the trip. || Alex is considering a two-week stay for the Paris trip instead of one week. || Alex is planning a trip to Paris in August. || Alex was considering a longer stay for the Paris trip. || They are visiting Paris, Rome, and Barcelona.","[""01KZ3KDA4WFQR9PYJSJ5Y1868M"", ""01KZ3KDA4V9T1FTRJ70GGH73BW"", ""01KZ3KDA4Q3H1S5JMDMF78S2ZH"", ""01KZ3KDA4S9Y4ENAN8732B3GAC"", ""01KZ3KCWFTPHPE4689BTX8HZ7P""]","[0, 1, 2, 3, 4]","[[""01KZ3KCWG0GW6VWT95RJ471XJ9""], [""01KZ3KCWG0XX0179EGQTPYK8EK""], [""01KZ3KCWG0HRR8YK2CW4X9CEQ0""], [""01KZ3KCWG0XX0179EGQTPYK8EK""], [""01KZ3KCJD2AD923Z8RTPGNE19S""]]","{""entities"": [""Paris""], ""time_constraints"": [""last month""], ""operands"": [], ""list_cardinality"": {""known"": false, ""count"": 0}, ""update_state"": """", ""gap"": null}","[{""kind"": ""KEEP"", ""candidate_id"": ""01KZ3KDA4V9T1FTRJ70GGH73BW"", ""source_id"": ""01KZ3KCWG0XX0179EGQTPYK8EK""}, {""kind"": ""KEEP"", ""candidate_id"": ""01KZ3KDA4S9Y4ENAN8732B3GAC"", ""source_id"": ""01KZ3KCWG0XX0179EGQTPYK8EK""}]",pass,
023-b20260803-r2-0-00047-0-00047-q3,open-domain,train,What protocol has Sam implemented to reduce latency in his distributed system simulations?,Sam implemented a new algorithm that optimizes message passing to reduce latency.,"Managing security groups and network configurations was also a challenge for Sam during his setup with AWS. || Sam has completed the literature review and is in the experimental phase of his thesis on distributed systems. || Sam has encountered issues with the distributed simulation setup. || Sam has made progress on his thesis with distributed system simulations. || Sam implemented an algorithm to reduce latency in node communication. || Sam is gathering more data for his thesis case studies. || Sam is testing three main protocols: TCP, UDP, and a custom protocol he developed. || Sam is using AWS for his cloud environment due to its robust infrastructure and wide range of services. || Sam needs to ensure the system can handle increased load as more nodes are added. || Sam observed diminishing returns in scalability with increased node numbers. || Sam plans to discuss potential optimizations for better scalability in his thesis. || Sam plans to explore fault tolerance next by integrating his protocol with existing load balancers. || Sam plans to publish his findings at a conference this summer. || Sam plans to start implementing changes in his simulation this week. || Sam plans to use gRPC for inter-node communication in his simulation. || Sam prefers to work independently on setting up his development environment. || Sam's custom protocol shows a 20% reduction in latency compared to TCP under high load conditions. || Sam's thesis topic is unknown. || Sam updated his project timeline to reflect the decision to use gRPC. || Sam will meet with his advisor on Friday to discuss the next steps. || Setting up multiple instances and ensuring proper communication was a challenge for Sam during his setup with AWS.","[""01KZ3J5EZHV60DA48HTTTX3TA8"", ""01KZ3J5EZCA6MDZEWT8Q4JG16Q"", ""01KZ3J67GAVC3A0NE109T21ZQT"", ""01KZ3J5S32TAR5X3A9F2HK0B2X"", ""01KZ3J5S34S2DHZQBW5Q78TYR0"", ""01KZ3J5S35AYYJHTDH3P0MAX10"", ""01KZ3J5EZD83HXVBDFZN0KEX9Y"", ""01KZ3J5EZFC555DTVH5BHJYY4R"", ""01KZ3J67GHZKXH9SYPSEMQ4AWW"", ""01KZ3J5S3651BB95DNYHESTJSK"", ""01KZ3J5S37ED4REG7B9BY1FW5X"", ""01KZ3J5EZKA51B3WQT3EWCK5ZN"", ""01KZ3J5EZKSJJVZDVJZA3SS8FP"", ""01KZ3J67GFXPY3BXKA7QW4VY8K"", ""01KZ3J67GCZ7VTX1AW6RNC87G1"", ""01KZ3J67GHY5XT10MNDA7957RA"", ""01KZ3J5EZJQZ7SAF3M396TAV5A"", ""01KZ3J51FBJ7HHVA3NDWHA90B0"", ""01KZ3J67GEYXTTC8QRNZF06NXD"", ""01KZ3J67GGV6F12YWXZB263BJQ"", ""01KZ3J5EZG59J7Q26FH29CCE5X""]","[0, 1, 2, 3, 4, 5, 6, 7, 8, 9, 10, 11, 12, 13, 14, 15, 16, 17, 18, 19, 20]","[[""01KZ3J51FEXBQVK9FFHAW219KB""], [""01KZ3J51FDHYG2VGM88Y1B9W7X""], [""01KZ3J5S38ATGX0EMXW88PXJSB""], [""01KZ3J5EZM15ZS8DM8WYFV82WJ""], [""01KZ3J5EZMME4VR8DW44MYSAXQ""], [""01KZ3J5EZNN4C122DYMJP76FDZ""], [""01KZ3J51FEWJDSBJR383WHKT3G""], [""01KZ3J51FEWJDSBJR383WHKT3G""], [""01KZ3J5S3BMN1Z818CHDZ4J2CA""], [""01KZ3J5EZNJK57ZRSFPF3Z6AJA""], [""01KZ3J5EZP0YEKBH21CFAYCMW1""], [""01KZ3J51FG081YQ6P72WVAMA71""], [""01KZ3J51FG081YQ6P72WVAMA71""], [""01KZ3J5S3AQPDAYPE18R87MHNR""], [""01KZ3J5S39A9XHMW4T0J4CSBMQ""], [""01KZ3J5S3AJ26R3ZCE5CGCW3G0""], [""01KZ3J51FFGK94DMW8GA60C0Q1""], [""01KZ3J50M0XHG25X3HS35SDDAV""], [""01KZ3J5S39SXWM9PMYDTBW94AH""], [""01KZ3J5S3A5VD24VM7CWMGSZS6""], [""01KZ3J51FEXBQVK9FFHAW219KB""]]","{""entities"": [""Sam""], ""time_constraints"": [], ""operands"": [], ""list_cardinality"": {""known"": false, ""count"": 0}, ""update_state"": """", ""gap"": null}","[{""kind"": ""KEEP"", ""candidate_id"": ""01KZ3J5S35AYYJHTDH3P0MAX10"", ""source_id"": ""01KZ3J5EZNN4C122DYMJP76FDZ""}]",fail,KEEP 01KZ3J5S35AYYJHTDH3P0MAX10 只说收集数据；应 KEEP 01KZ3J5S34S2DHZQBW5Q78TYR0，覆盖已实现的降延迟算法。
023-b20260803-r2-0-00050-0-00050-q3,open-domain,train,When did Dana add a new Dell R740 server to her home-lab project and why?,Dana added a new Dell R740 server on June 15th to have more resources for her virtual machines and some data analysis tasks.,"Dana added a new server, a Dell R740 with 256GB RAM, on June 15th. || Dana added an extra SSD for more storage space last week. || Dana added new modules to the codebase of the home-lab project last month. || Dana added two more servers to the home-lab project on 2025-12-27. || Dana containerized one of the services last week. || Dana currently has three servers in her lab: two running Linux and one running Windows. || Dana faced some challenges during the migration of the Windows VM but managed to complete it successfully. || Dana finished upgrading her server last week. || Dana had to tweak security settings for the newly added modules in the home-lab project. || Dana plans to migrate two older VMs to the new server: an Ubuntu server for hosting websites and a Windows machine for development. || Dana plans to set up a backup system. || Dana plans to start testing the scalability of the home-lab project next week. || Dana started her home-lab project in early 2025. || Dana uses Ansible for automation and Docker for containerization in her home-lab project. || Since the migration, Dana has made a few tweaks to the network setup and updated the firewall rules. || The new server will provide more resources for Dana's virtual machines and data analysis tasks.","[""01KZ3J9R35ZAGD3VFTCYA0VNC9"", ""01KZ3JA9F4CTZVMT9H19G9C8GP"", ""01KZ3JA1BMHV88HZ23T94A071G"", ""01KZ3JA1BFBMFSBY7MN0N4SBFH"", ""01KZ3JA9F6WF5TVNKD7ZZ0ARKZ"", ""01KZ3J9C6Z8YQXVCKPX151VWKT"", ""01KZ3J9R3B4QAVGB871WYEH1MY"", ""01KZ3JA9F23Y3PQGNYS708ZNXP"", ""01KZ3JA1BNBW29SRW659VF6AVR"", ""01KZ3J9R3APNBYB8C39TZSCRFA"", ""01KZ3JA9F6YP00P0Z9BX9J7JGG"", ""01KZ3JA1BJ9PGFEP7XCCNSPJ90"", ""01KZ3J9C6YBQVC79XM0PRTTACT"", ""01KZ3J9C71WPN5QPTVY5JK0NXE"", ""01KZ3J9R3CHAPJNAMATTCV68AP"", ""01KZ3J9R38KSKT9Y40XVB6NPXJ""]","[0, 1, 2, 3, 4, 5, 6, 7, 8, 9, 10, 11, 12, 13, 14, 15]","[[""01KZ3J9C732S1NK4VY8H8Y2MDW""], [""01KZ3JA1BQ013P1K8VJEB5MBRK""], [""01KZ3J9R3D1YB4MM4DQA1HXHHK""], [""01KZ3J9R3DESX2H7E3D3VQB0CP""], [""01KZ3JA1BQ6WNEFTFECVR9ZPN6""], [""01KZ3J96RBB14SBFRDFKA9356K""], [""01KZ3J9C74NKG4GVHMC7Q3P71V""], [""01KZ3JA1BPDJW8TSECQNSNHCQ3""], [""01KZ3J9R3DWQK8ZGZHBHKTW52X""], [""01KZ3J9C743HVP060WCTYJQJQ5""], [""01KZ3JA1BRFWN943M0KEVDAY3A""], [""01KZ3J9R3DPN1JV7JYZ8424FV1""], [""01KZ3J96RARXS6FTP9ZGAXCWNH"", ""01KZ3J96RBRPJM0Q924ADPK2KC""], [""01KZ3J96RC2FX0MEBGG37HWAFB"", ""01KZ3J96RCWM2Z63P5BNERZ8Q1""], [""01KZ3J9C75W17Z0VS5Z80XHPDT""], [""01KZ3J9C732S1NK4VY8H8Y2MDW""]]","{""entities"": [""Dana"", ""Dell"", ""R740""], ""time_constraints"": [], ""operands"": [], ""list_cardinality"": {""known"": false, ""count"": 0}, ""update_state"": """", ""gap"": null}","[{""kind"": ""KEEP"", ""candidate_id"": ""01KZ3J9R35ZAGD3VFTCYA0VNC9"", ""source_id"": ""01KZ3J9C732S1NK4VY8H8Y2MDW""}, {""kind"": ""KEEP"", ""candidate_id"": ""01KZ3J9R38KSKT9Y40XVB6NPXJ"", ""source_id"": ""01KZ3J9C732S1NK4VY8H8Y2MDW""}]",pass,
023-b20260803-r2-0-00163-0-00163-q3,open-domain,train,When did Mei start using the new organic vegetable supplier?,June 1st,Mei decided to have a small stage near the main entrance for the band setup. || Mei had a busy day at the restaurant on 2026-05-21. || Mei has reserved 180 chairs and tables for the event on June 15th. || Mei is looking for a new supplier for organic dairy products on 2026-05-21. || Mei mentioned they have a big event coming up on June 15th with a local band. || Mei needs to adjust the menu based on customer feedback for the summer season on 2026-05-21. || Mei owns a small Italian restaurant in the city center. || Mei started a new supplier for organic vegetables on June 1st. || Mei started seeing more bookings for the summer season on 2026-05-21. || Mei wants to ensure the acoustics are good and the stage looks professional for the band setup. || Mei will discuss menu options with the assistant this weekend on 2026-05-21.,"[""01KZ3PBR5YZBCBYDFD03KKNJMX"", ""01KZ3PBFVH52YHQQVAS8N0T6WG"", ""01KZ3PBR5X5SYW4VWB5BB3464G"", ""01KZ3PBFW21T4PMQS74Y0S4P22"", ""01KZ3PBR5V2KAWBGWHVS0X1YSP"", ""01KZ3PBFVYQKNVW86BNW0CRF18"", ""01KZ3PARSYK0Y7DRJJMY4QQNWF"", ""01KZ3PB0K12BTQFWCR0QSCNGCC"", ""01KZ3PBFVXG6SJR429KDJDJ38A"", ""01KZ3PBR5ZAYBCZ67Z4GSFHVY6"", ""01KZ3PBFW0YJ37NDHXZ2RB53C7""]","[0, 1, 2, 3, 4, 5, 6, 7, 8, 9, 10]","[[""01KZ3PBFW6QMSP2CGZ7G5VTBH6""], [""01KZ3PB0KDP51BPQJCTZY3BJEQ""], [""01KZ3PBFW56GJRKNB74M0EZNX7""], [""01KZ3PB0KHPKTDYC81R5KBEENA""], [""01KZ3PBFW4QFQ4CFHTEK4C32B0""], [""01KZ3PB0KGD837GZG4WVK4E87G""], [""01KZ3PABNPJFVVNXHJG1GPHFWA""], [""01KZ3PARTA85ZJ3QEZADKSF6KZ""], [""01KZ3PB0KGD837GZG4WVK4E87G""], [""01KZ3PBFW7CEVRSK24Z8AM4J3T""], [""01KZ3PB0KHS3BH98R6QHVX9YQ9""]]","{""entities"": [""Mei""], ""time_constraints"": [], ""operands"": [], ""list_cardinality"": {""known"": false, ""count"": 0}, ""update_state"": """", ""gap"": null}","[{""kind"": ""KEEP"", ""candidate_id"": ""01KZ3PB0K12BTQFWCR0QSCNGCC"", ""source_id"": ""01KZ3PARTA85ZJ3QEZADKSF6KZ""}]",pass,
023-b20260803-r2-0-00005-0-00005-q3,open-domain,train,What is the new launch date for the EcoClean device after accommodating the stakeholders' needs?,February 22nd,Stakeholders have requested more time to prepare their content. || The launch date has been moved to February 22nd to accommodate stakeholders.,"[""01KZ3GPD2YJJF4DMBH7HKJPSYK"", ""01KZ3GPD2ZAZY7BNPP1THJV0GT""]","[0, 1]","[[""01KZ3GP6X4MV6DPCH37DSRB0FJ""], [""01KZ3GP6X5HW9N07TDZEZC9PMW"", ""01KZ3GP6X5YXG4VCRDN8J5F4XS""]]","{""entities"": [""EcoClean""], ""time_constraints"": [], ""operands"": [{""name"": ""after"", ""satisfied"": false}], ""list_cardinality"": {""known"": false, ""count"": 0}, ""update_state"": """", ""gap"": null}","[{""kind"": ""KEEP"", ""candidate_id"": ""01KZ3GPD2ZAZY7BNPP1THJV0GT"", ""source_id"": ""01KZ3GP6X5HW9N07TDZEZC9PMW""}]",pass,
023-b20260803-r2-0-00073-0-00073-q3,open-domain,train,Did you plan any special activities for Jamie's 12th birthday party next week?,No special activities were mentioned for Jamie's 12th birthday party next week.,Jamie's 12th birthday party is being planned for next week. || Jamie will turn 12 next week.,"[""01KZ3K55XT8XP0XQSA3TDNMN8E"", ""01KZ3K55XSRHP2BKSEHK6RSB5E""]","[0, 1]","[[""01KZ3K4Y2TG9E39NHD933E9H7N""], [""01KZ3K4Y2TG9E39NHD933E9H7N""]]","{""entities"": [""Jamie's""], ""time_constraints"": [""next week""], ""operands"": [], ""list_cardinality"": {""known"": false, ""count"": 0}, ""update_state"": """", ""gap"": null}","[{""kind"": ""KEEP"", ""candidate_id"": ""01KZ3K55XT8XP0XQSA3TDNMN8E"", ""source_id"": ""01KZ3K4Y2TG9E39NHD933E9H7N""}, {""kind"": ""KEEP"", ""candidate_id"": ""01KZ3K55XSRHP2BKSEHK6RSB5E"", ""source_id"": ""01KZ3K4Y2TG9E39NHD933E9H7N""}]",fail,KEEP 01KZ3K55XT8XP0XQSA3TDNMN8E、01KZ3K55XSRHP2BKSEHK6RSB5E 只证明派对和年龄，未明确否定特殊活动；应为 gap。
023-b20260803-r2-0-00134-0-00134-q3,open-domain,train,When did you say you wanted to start packing for the trip to Japan?,by the end of May,Alex's family is traveling to Japan starting on April 15th.,"[""01KZ3N8V7BC4208HXD5XB3CHZW""]",[0],"[[""01KZ3N8JQ8P0EMW98TGC2T7CMK""]]","{""entities"": [""Japan""], ""time_constraints"": [], ""operands"": [], ""list_cardinality"": {""known"": false, ""count"": 0}, ""update_state"": """", ""gap"": {""kind"": ""entity"", ""entity"": ""Japan"", ""start"": null, ""end"": null, ""operand"": """", ""source_need"": ""entity:Japan""}}",[],pass,
023-b20260803-r2-0-00012-0-00012-q3,open-domain,train,When is Sarah's birthday this year?,Sarah’s birthday is on June 17th.,Sarah and her kids are suggested to join Alex on the trip. || Sarah’s birthday is on June 17th.,"[""01KZ3GXXRFHKW4P0VKYD0852AA"", ""01KZ3GXPNQB363W0VKAWR9JR9K""]","[0, 1]","[[""01KZ3GXPNT9M0BBNADVR6YA35W""], [""01KZ3GXFV3VNYB642SVPZ16H8C"", ""01KZ3GXFV4X7ZJWPP64F7FQVAN""]]","{""entities"": [""Sarah's""], ""time_constraints"": [""this year""], ""operands"": [], ""list_cardinality"": {""known"": false, ""count"": 0}, ""update_state"": """", ""gap"": null}","[{""kind"": ""KEEP"", ""candidate_id"": ""01KZ3GXPNQB363W0VKAWR9JR9K"", ""source_id"": ""01KZ3GXFV3VNYB642SVPZ16H8C""}]",pass,
023-b20260803-r2-0-00179-0-00179-q3,open-domain,train,What are the key milestones for the FitTrack project as of the latest update?,Key milestones include initial beta testing by mid-May and final testing by mid-June before the launch.,"FitTrack aims to launch in April 2026. || Key milestones for FitTrack include finalizing design, completing backend development, and finishing beta testing by March. || Priya is working on a new fitness app called FitTrack. || Some team members for FitTrack prefer remote work while others prefer in-person meetings. || The team for FitTrack consists of 10 members. || The team for FitTrack includes 3 developers, 2 designers, 2 marketers, and 3 project managers.","[""01KZ3PXY5BFRG504YF8ZZE5762"", ""01KZ3PXY5GC66TJBPMDE23K7A2"", ""01KZ3PXY58E2N6KXJ48YZ4ZAXG"", ""01KZ3PXY5FE2ZHKN75V7Y12FR8"", ""01KZ3PXY5C1T81F5NZ9V7MZS3K"", ""01KZ3PXY5E6GBTE5P0FXNQQA25""]","[0, 1, 2, 3, 4, 5]","[[""01KZ3PXM0W23Y4YX8GP9MWA969""], [""01KZ3PXM0X745PK8393DX3CGW4""], [""01KZ3PXM0VQ7TPE6628BKTYKS8""], [""01KZ3PXM0XWFZ4YWMSQ07XF7MR""], [""01KZ3PXM0WTPZS1K03RNYG9G8B""], [""01KZ3PXM0XWFZ4YWMSQ07XF7MR""]]","{""entities"": [""FitTrack""], ""time_constraints"": [], ""operands"": [], ""list_cardinality"": {""known"": false, ""count"": 0}, ""update_state"": ""latest"", ""gap"": {""kind"": ""entity"", ""entity"": ""FitTrack"", ""start"": null, ""end"": null, ""operand"": """", ""source_need"": ""entity:FitTrack""}}",[],pass,
023-b20260803-r2-0-00025-0-00025-q3,open-domain,train,What is Sam's current progress on his thesis submission timeline?,Sam aims to have a draft ready by the end of this year and will revise and finalize it next summer.,"A presentation for the project is scheduled for next month. || Alex, a new intern, started working at the lab a couple of weeks ago. || Alex completed their part of the project, assisting with the experimental setup for the case studies. || Alex has been helping with coding tasks and contributing useful insights. || Ensuring the system can handle unexpected failures gracefully is a major challenge for the project. || Sam aims to have a draft of his thesis ready by the end of 2026. || Sam and Dr. Lee are focusing on implementing fault tolerance mechanisms. || Sam finished the first module last Friday. || Sam has a few more days to work on the project before midterm exams start. || Sam is finalizing simulation results and tweaking slides for the presentation. || Sam is focusing on improving fault tolerance mechanisms in distributed systems. || Sam is using a combination of redundancy and automated failover procedures to improve resilience. || Sam is working on a project with Dr. Lee. || Sam mentioned the preliminary research phase was completed by mid-January. || Sam needs to finalize the methodology section before starting data collection. || Sam needs to finish the literature review by February 25th to meet the initial phase deadline. || Sam planned to start the implementation in February. || Sam plans to revise and finalize his thesis next summer after having a draft ready by the end of 2026. || Sam plans to start collecting data for case studies next month. || Sam’s research methodology includes both simulation and real-world testing with a case study of a popular distributed system. || Sam's supervisor remains supportive and available. || Sam's thesis is about optimizing data distribution in distributed systems. || Sam’s thesis is expected to be around 80-90 pages long. || The initial phase of the project with Dr. Lee has been completed.","[""01KZ3HDC0F58JSFVXKC3GQMNCX"", ""01KZ3HDC0HTRKGWD7S5CXQ6S6J"", ""01KZ3HCPTPJJ061G6PCEHTZY8W"", ""01KZ3HDC0JMZR2KX5YJX6B2DZC"", ""01KZ3HDC0EPW9D6J3T55FV0GHH"", ""01KZ3HCFNPD4423AX39JSZE9VJ"", ""01KZ3HDC0DCQ9WS24F271Y71HH"", ""01KZ3HCYWGS2HQVPKJQTWDE0ZR"", ""01KZ3HCYWHB43DKZ12B93BB30K"", ""01KZ3HDC0GNFKC0EJQX7E0JYWE"", ""01KZ3HCFNN2E9Q8JXPJ70RFVRE"", ""01KZ3HDC0E9FC30KZ9G7DGXDRF"", ""01KZ3HDC08YA1WQTKC9DK85DHV"", ""01KZ3HCYWBGDRKJWDHKG89R0H0"", ""01KZ3HCYWM5XTSWPME3Z2NT9FQ"", ""01KZ3HCPTMAS6PG7HGGF3YA0CF"", ""01KZ3HCYWDK3ZCX7PGS59X9RPJ"", ""01KZ3HCFNRMGCEVPV7R0T706EX"", ""01KZ3HCYWJBXJHF384SM4KRKGA"", ""01KZ3HCFNTRB3876RAKJEWQVH3"", ""01KZ3HCPTTY4GFR201CGWWZC82"", ""01KZ3HCFNM05903TWTT8B2C7MA"", ""01KZ3HCFNS923ZSFKR8K0X21RJ"", ""01KZ3HDC0BA968K51TZJTP6BJ2""]","[0, 1, 2, 3, 4, 5, 6, 7, 8, 9, 10, 11, 12, 13, 14, 15, 16, 17, 18, 19, 20, 21, 22, 23]","[[""01KZ3HCYWNZN6QKS8EYHHCQPRH""], [""01KZ3HCYWPQZQ1CT38K5FFRSQ3""], [""01KZ3HCFNWVPPBYFETZ2QDSAMZ""], [""01KZ3HCYWPQZQ1CT38K5FFRSQ3""], [""01KZ3HCYWN42CBMZSKMYTFXZ0F""], [""01KZ3HC4V9BXGX45K7Q767SG6X""], [""01KZ3HCYWNWVQC86H6FDWJ5QHV""], [""01KZ3HCPTW2YR7NKCTB3RD56ET""], [""01KZ3HCPTWTCAXZSMKR54NNG44""], [""01KZ3HCYWNZN6QKS8EYHHCQPRH""], [""01KZ3HC4V8KF6V45ER8PENQTEW""], [""01KZ3HCYWNJ7WFBKM0S60ZFX8K""], [""01KZ3HCYWMTXS95TEARX8YC9ST""], [""01KZ3HCPTV6Y2DF8R6HVAZTX3P""], [""01KZ3HCPTWTCAXZSMKR54NNG44""], [""01KZ3HCFNW68X0G7FT3XWXQD3X""], [""01KZ3HCPTV6Y2DF8R6HVAZTX3P""], [""01KZ3HC4V9BXGX45K7Q767SG6X""], [""01KZ3HCPTWTCAXZSMKR54NNG44""], [""01KZ3HC4VA66Z24TD14EM3FFVC""], [""01KZ3HCFNY8TJP4RRRQR9DFJ4J""], [""01KZ3HC4V8EZ4EMMW4JDYVVP6T""], [""01KZ3HC4V9HME8KZGCPYBC32RV""], [""01KZ3HCYWNWVQC86H6FDWJ5QHV""]]","{""entities"": [""Sam's""], ""time_constraints"": [], ""operands"": [], ""list_cardinality"": {""known"": false, ""count"": 0}, ""update_state"": ""current"", ""gap"": null}","[{""kind"": ""KEEP"", ""candidate_id"": ""01KZ3HCFNRMGCEVPV7R0T706EX"", ""source_id"": ""01KZ3HC4V9BXGX45K7Q767SG6X""}]",pass,
023-b20260803-r2-0-00034-0-00034-q3,open-domain,train,What is the new flight date for the family trip to Japan?,The new flight date is March 10th.,The family plans to go on a trip to Japan in April this year. || Alex is planning a trip to Japan with an updated flight date of March 10th. || Alex will send the updated itinerary to the family by the end of this week. || The budget for the trip is set at $5000 per person. || The family trip to Japan is scheduled for June 15th to June 20th. || The family will have a traditional Japanese tea ceremony for Mom's birthday.,"[""01KZ3HPHQGH8KDAW5S1AGBJHYQ"", ""01KZ3HQ0Y44FXW6HRQ23B8RHS7"", ""01KZ3HQ0Y91E96A7FYSYAHSVGT"", ""01KZ3HPHQKW7501JF83Q3QTBVG"", ""01KZ3HPRGB6DPDN12S7P84E74Q"", ""01KZ3HQ0Y8RTBAE18FCRX9N5HK""]","[0, 1, 2, 3, 4, 5]","[[""01KZ3HP59Y6RQNPFT2G945H0V4"", ""01KZ3HP59ZKXPVMQ57E6QB46T8""], [""01KZ3HPRGEFC5E5MZ8439DY673"", ""01KZ3HPRGEFKYWVXAK3HVXS2KX""], [""01KZ3HPRGFKY1EMECB2S1SFAZE""], [""01KZ3HP59Y6RQNPFT2G945H0V4"", ""01KZ3HP59ZKXPVMQ57E6QB46T8""], [""01KZ3HPHQQT3XK0RGWHG8VHWTF""], [""01KZ3HPRGEE9FPXNA14CFD4QEN""]]","{""entities"": [""Japan""], ""time_constraints"": [], ""operands"": [], ""list_cardinality"": {""known"": false, ""count"": 0}, ""update_state"": """", ""gap"": null}","[{""kind"": ""KEEP"", ""candidate_id"": ""01KZ3HQ0Y8RTBAE18FCRX9N5HK"", ""source_id"": ""01KZ3HPRGEE9FPXNA14CFD4QEN""}]",fail,KEEP 01KZ3HQ0Y8RTBAE18FCRX9N5HK 是茶道活动；应 KEEP 01KZ3HQ0Y44FXW6HRQ23B8RHS7，覆盖 March 10th。
023-b20260803-r2-0-00157-0-00157-q3,open-domain,train,Is your sister still planning to join the family trip to Paris next month?,"Yes, that's right.","Alex and family will travel to Paris in June and Vienna in July. || Alex finalized the family trip to Paris for July 15th, lasting 10 days.","[""01KZ3P47TFQFRX6MB5DEM9TYMF"", ""01KZ3P3MSJWSR40AW8MS2E9JEW""]","[0, 1]","[[""01KZ3P3X3FTWF1NBQAGS9P9XME""], [""01KZ3P3E0N88331G8F3D40W31A""]]","{""entities"": [""Paris""], ""time_constraints"": [""next month""], ""operands"": [], ""list_cardinality"": {""known"": false, ""count"": 0}, ""update_state"": ""still"", ""gap"": {""kind"": ""time_range"", ""entity"": """", ""start"": null, ""end"": null, ""operand"": """", ""source_need"": ""time:next month""}}",[],pass,
023-b20260803-r2-0-00032-0-00032-q0,single-hop,validation,When is Alex's sister's birthday this year?,June 23rd,Alex asked the assistant to check for flight and hotel deals for his trip to Japan. || Alex hopes the rest of the team will join him for the beach house trip. || Alex is planning a family trip to Japan in March. || Alex is planning a vacation trip to Japan with his kids in June. || Alex needs reminders for his trip to Japan and his sister’s birthday. || Alex plans to have a small dinner at home to celebrate Sarah's birthday. || Alex prefers to travel to Japan the first week of June. || Alex's big project deadline is on May 9th. || The assistant agreed to find flight and hotel options for Alex’s trip to Japan. || The beach house rental is finalized and they will stay from May 10th to May 18th.,"[""01KZ3HM77T4VDF6W4NTJB3TC91"", ""01KZ3HMTHS8GJ0WYX3K53KR477"", ""01KZ3HMK2QRTT5P2WJMASWTN5Y"", ""01KZ3HM77EH13GCWXFKQQZMGJD"", ""01KZ3HM77RCPSBN1Q29GK19F55"", ""01KZ3HMTHJWEEM7Z85JNSG934D"", ""01KZ3HM77QGM97P9A0RHZ8M23M"", ""01KZ3HMTHRFQ85HWCH2TCD9S07"", ""01KZ3HM77WD3ET7DA0ZPT7E978"", ""01KZ3HMTHN2JKZQQDWPWEFE656""]","[0, 1, 2, 3, 4, 5, 6, 7, 8, 9]","[[""01KZ3HKMSBFBMDSE62VBHRM5QG""], [""01KZ3HMK3828ZTCQKCA5ZE4W3J""], [""01KZ3HM780894DT5WT23NBD2CS""], [""01KZ3HKMSA2CHJY74073RWKZ22""], [""01KZ3HKMSBRYD0M0SJKH282MA0""], [""01KZ3HMK37P9VVRSFCVM4XP65Y""], [""01KZ3HKMSBFJGMFNDMYG5JGFBX""], [""01KZ3HMK38R3Q2W5S2MR8P1746""], [""01KZ3HKMSBFBMDSE62VBHRM5QG""], [""01KZ3HMK38K3ANS1QJPQ35FGS6""]]","{""entities"": [""Alex's""], ""time_constraints"": [""this year""], ""operands"": [], ""list_cardinality"": {""known"": false, ""count"": 0}, ""update_state"": """", ""gap"": {""kind"": ""time_range"", ""entity"": """", ""start"": null, ""end"": null, ""operand"": """", ""source_need"": ""time:this year""}}",[],pass,
023-b20260803-r2-0-00180-0-00180-q0,single-hop,validation,When is Mom's birthday during the Paris trip?,Mom's birthday is on the 8th of March.,"Alex and their party are traveling to Paris from March 5th to March 10th. || Alex is planning a trip to Paris with the kids starting on July 15, 2026. || Alex's mother's birthday is on March 8th in Paris. || Le Comptoir du Relais is planned for Alex's mother's birthday lunch in Paris.","[""01KZ3PZV93FERRKPWA7Z1DQ8T1"", ""01KZ3PZ2SP75EMYTMQDE7RWCK9"", ""01KZ3PZV96B81SCER9T7HQ42Z3"", ""01KZ3PZV97BVSQ1GDW36XJ6HFB""]","[0, 1, 2, 3]","[[""01KZ3PZMDYCQ32E0DK8CZJS0YX""], [""01KZ3PYPDE454PGDSH00S7WT5F""], [""01KZ3PZMDYCQ32E0DK8CZJS0YX""], [""01KZ3PZMDZC0Y7ZGGS175ZZFTJ""]]","{""entities"": [""Mom's"", ""Paris""], ""time_constraints"": [], ""operands"": [], ""list_cardinality"": {""known"": false, ""count"": 0}, ""update_state"": """", ""gap"": null}","[{""kind"": ""KEEP"", ""candidate_id"": ""01KZ3PZV93FERRKPWA7Z1DQ8T1"", ""source_id"": ""01KZ3PZMDYCQ32E0DK8CZJS0YX""}, {""kind"": ""KEEP"", ""candidate_id"": ""01KZ3PZV96B81SCER9T7HQ42Z3"", ""source_id"": ""01KZ3PZMDYCQ32E0DK8CZJS0YX""}]",pass,
023-b20260803-r2-0-00124-0-00124-q0,single-hop,validation,What was the expected completion date for Sam's first draft of his thesis by the end of April?,end of April,"Sam plans to include detailed results from the scalability tests in the chapter on distributed algorithms in his thesis next week. || Increasing the number of nodes from 50 to 100 improved throughput by 20%. || Sam believes the findings highlight the need for optimizing both throughput and latency simultaneously. || Sam completed a chapter on the performance benchmarks of his distributed system model last week. || Sam has been running simulations to test the scalability of the system with positive results. || Sam implemented a new algorithm that reduces communication overhead significantly, improving performance. || Sam intends to gather more data points to validate the improvements during the next phase of testing. || Sam is evaluating the system's scalability using response time, throughput, memory usage, and network latency as key metrics. || Sam is working on a thesis about the impact of different synchronization techniques in distributed databases. || Sam observed reduced network latency with a new algorithm after optimizing data flow. || Sam plans to explore fault tolerance mechanisms next due to the increasing complexity of distributed systems. || Sam plans to test the optimized algorithm under more realistic conditions, such as varying network loads, starting next week. || Sam's optimized algorithm aligns with his original hypotheses. || Sam will document every step meticulously for his thesis. || Scaling up to 100 nodes resulted in a slight increase in latency, but it was within acceptable limits.","[""01KZ3MXDCKP6DM2QXJBC2MCGD8"", ""01KZ3MXMS4DJDMFC06G792HNKG"", ""01KZ3MXMS6YANZZFRBX1AYBSST"", ""01KZ3MXMS0FQH0B3CGERBEMTQ2"", ""01KZ3MXDCF6E5SN4597JHQKT46"", ""01KZ3MXDCKH8Z89Q38SXBAA89S"", ""01KZ3MX4SV9905Z0Z3Y60VGPZK"", ""01KZ3MXDCH59YRJ1F34MYTS763"", ""01KZ3MWTG0Y42SSXJE6PGE4TYJ"", ""01KZ3MX4SQSMBRYM1GV5Q4RF16"", ""01KZ3MXMS7AEVNXWJWY7QFVK22"", ""01KZ3MX4SV3GXC2GN8CD90G0X3"", ""01KZ3MX4SSBZ8RFTF2G7M2XMDM"", ""01KZ3MX4SWCN23899C0PZ4136D"", ""01KZ3MXMS5S2VAGXVV8D1ZWBKX""]","[0, 1, 2, 3, 4, 5, 6, 7, 8, 9, 10, 11, 12, 13, 14]","[[""01KZ3MX4SYXA45J066HGFK5AR3""], [""01KZ3MXDCM2THRP5XXE3A934Q3""], [""01KZ3MXDCNSH80N35TFJT2ZH3Y""], [""01KZ3MXDCM2THRP5XXE3A934Q3""], [""01KZ3MX4SXM7HPVNB5GRK5PGZ1""], [""01KZ3MX4SX8EGJSETR9Q7GMA30""], [""01KZ3MWTGDD83DKB9BJD76FDT3""], [""01KZ3MX4SXYZSQYDF33H3EJ8XK""], [""01KZ3MWGY0WR6AENAQ6NAZ2CNH""], [""01KZ3MWTGBJHTCV3H9YZ0GZ4PF""], [""01KZ3MXDCNY8T9AEW92T0PKKPY""], [""01KZ3MWTGDD83DKB9BJD76FDT3""], [""01KZ3MWTGCPBDJ0TDG9JABFQA2""], [""01KZ3MWTGEF2PVQHK1XTGD38PQ""], [""01KZ3MXDCNNKARNFFXBHMZ5HEH""]]","{""entities"": [""April"", ""Sam's""], ""time_constraints"": [], ""operands"": [], ""list_cardinality"": {""known"": false, ""count"": 0}, ""update_state"": """", ""gap"": {""kind"": ""entity"", ""entity"": ""April"", ""start"": null, ""end"": null, ""operand"": """", ""source_need"": ""entity:April""}}",[],pass,
023-b20260803-r2-0-00089-0-00089-q0,single-hop,validation,Did Sam mention the biggest challenge in his research was balancing performance and fault tolerance?,Yes,Balancing performance and fault tolerance is considered the biggest challenge in Sam's research. || Sam completed the section on the impact of different network topologies on performance last week. || Sam finished the section on fault tolerance in distributed systems yesterday. || Sam found that ring networks perform worse under high load compared to mesh networks. || Sam has been refining the algorithm to handle network delays in his thesis. || Sam has read a paper by Dr. Zhang on consensus algorithms. || Sam hopes to submit his thesis by the end of March. || Sam is a graduate student. || Sam is exploring different algorithms and their impact on system reliability for his next chapter. || Sam is writing a thesis on distributed systems. || Sam plans to discuss network partitioning strategies in the next chapter of his thesis. || Sam plans to integrate findings from Dr. Zhang’s paper with his own experiments. || The deadline for Sam's first chapter submission is February 15th.,"[""01KZ3KP19XQ4R4NMDSZ5A8324M"", ""01KZ3KP19T4929XW24JPHVPHE5"", ""01KZ3KP9Z34TVMKR5Q0YW5S368"", ""01KZ3KP19WGSCRQCWY0RYPXNMK"", ""01KZ3KP19RFV7GPWYYN6V903RS"", ""01KZ3KP9Z8S9RN7H5523RDGWDP"", ""01KZ3KP9ZAJYB5ABZZMTWJY1VV"", ""01KZ3KNS2VZ4VE6C51ZGHPTSPB"", ""01KZ3KP9Z7JW62M3CPE6Z2FVA6"", ""01KZ3KNS2XEBZN9BVWV0A0FM52"", ""01KZ3KP9Z5CB61GX07SXN54NS3"", ""01KZ3KP9Z9WRJ4JFCY53YRW03R"", ""01KZ3KP19V0GFBCA053Y30970C""]","[0, 1, 2, 3, 4, 5, 6, 7, 8, 9, 10, 11, 12]","[[""01KZ3KNS6CZ4075MSFAD9Y5PVQ""], [""01KZ3KNS6BTJPAA2256C14FRK8""], [""01KZ3KP19YT6WF7PF1Q34492CR""], [""01KZ3KNS6BY7NT4RK91PFX07SN""], [""01KZ3KNS6A5N8XXT38JNBY8KMV""], [""01KZ3KP19ZA1YKW71CKC0JAVD0""], [""01KZ3KP19ZWWDGAEXTNB38P2RW""], [""01KZ3KNPPY9QD28ZJZNFCYK3SQ""], [""01KZ3KP19YB0YY99FZE85Y6AZH""], [""01KZ3KNPPY9QD28ZJZNFCYK3SQ""], [""01KZ3KP19Y3M0MMNXTE06YBYPF""], [""01KZ3KP19ZA1YKW71CKC0JAVD0""], [""01KZ3KNS6B1SC50XZVDTSC8AYZ""]]","{""entities"": [""Sam""], ""time_constraints"": [], ""operands"": [], ""list_cardinality"": {""known"": false, ""count"": 0}, ""update_state"": """", ""gap"": {""kind"": ""entity"", ""entity"": ""Sam"", ""start"": null, ""end"": null, ""operand"": """", ""source_need"": ""entity:Sam""}}",[],fail,gap漏标；应 KEEP 01KZ3KP19XQ4R4NMDSZ5A8324M，候选明确肯定最大挑战命题。
023-b20260803-r2-0-00171-0-00171-q0,single-hop,validation,What was the initial launch date for the EcoPack project mentioned in the first session?,"June 15, 2026",EcoPack is launching on 2026-06-15,"[""01KZ3PMXD35SFJQ8Y5QMMAPBPQ""]",[0],"[[""01KZ3PMKDC11AT20CAWYHJBRWV"", ""01KZ3PMKDCNYKSVV6GZ04HCPGQ""]]","{""entities"": [""EcoPack""], ""time_constraints"": [], ""operands"": [], ""list_cardinality"": {""known"": false, ""count"": 0}, ""update_state"": """", ""gap"": null}","[{""kind"": ""KEEP"", ""candidate_id"": ""01KZ3PMXD35SFJQ8Y5QMMAPBPQ"", ""source_id"": ""01KZ3PMKDC11AT20CAWYHJBRWV""}]",pass,
023-b20260803-r2-0-00173-0-00173-q0,single-hop,validation,What are the confirmed dates for the Paris trip?,July 15th to July 22nd,Alex finalized the family trip dates for July 15th to July 22nd.,"[""01KZ3PQ8FVY2VZJDZ7GMZHAMBM""]",[0],"[[""01KZ3PPZRETSHVDZM9RKP89QWV""]]","{""entities"": [""Paris""], ""time_constraints"": [], ""operands"": [], ""list_cardinality"": {""known"": false, ""count"": 0}, ""update_state"": """", ""gap"": null}","[{""kind"": ""KEEP"", ""candidate_id"": ""01KZ3PQ8FVY2VZJDZ7GMZHAMBM"", ""source_id"": ""01KZ3PPZRETSHVDZM9RKP89QWV""}]",pass,
023-b20260803-r2-0-00038-0-00038-q0,single-hop,validation,When did Sam plan to have preliminary findings ready for his thesis on consensus algorithms?,Sam planned to have preliminary findings ready by mid-June.,"Sam considered including real-world examples like Raft and Practical Byzantine Fault Tolerance in his thesis. || Sam plans to finalize the Paxos algorithm section of his thesis by March 1st. || Sam started researching case studies for his thesis. || Dr. Johnson agreed to review Sam's thesis draft by February 28th. || Sam encountered difficulties with the simulation tools for his thesis. || Sam found a promising open-source library called Scalib for large-scale simulations. || Sam is focusing on the scalability aspects of his thesis. || Sam is working on a thesis about the impact of consensus algorithms in blockchain networks. || Sam plans to extend his work by exploring the impact of different node configurations on system performance. || Sam's advisor suggested using open-source and commercial tools to address the scalability issues. || Testing the Scalib library has shown significant improvements in running simulations with over 10,000 nodes.","[""01KZ3HV3TGDMGPFKJT09CE4XA4"", ""01KZ3HV3T7KAS3WX3STW5RD2XC"", ""01KZ3HV3TE45KZ4QRQPBAYX3E8"", ""01KZ3HV3TBBH11K6A2CWQEBBYQ"", ""01KZ3HVZJZXCDRY07N7ES08ZR3"", ""01KZ3HVZK2GHP8NE9QGN2G0WJV"", ""01KZ3HVZJYN8PT98PJVDA76HH5"", ""01KZ3HTV3CS2C93RSCSQ30CFQ9"", ""01KZ3HVZK4J52SV6JRKQ2Q5B10"", ""01KZ3HVZK1P7AJC43T4PN68B62"", ""01KZ3HVZK3Z7NMVW46BHD60HW7""]","[0, 1, 2, 3, 4, 5, 6, 7, 8, 9, 10]","[[""01KZ3HTV3JJE6CK2WDZ16PC28V""], [""01KZ3HTV3H8DENSYMD023FBYZS"", ""01KZ3HTV3JAZ144REDVKFGXVCR""], [""01KZ3HTV3JVMDQGRC5D0FJJKW2""], [""01KZ3HTV3JAZ144REDVKFGXVCR"", ""01KZ3HTV3JNF5DGMTMCZ03S520""], [""01KZ3HVJNTNHZ78PP3SGE43HY5""], [""01KZ3HVJNVXYEKF6PCSVE7PNY0""], [""01KZ3HVJNT5MEJQMBCV7GRCHEJ""], [""01KZ3HTJ7C36A17RSDZKKEKH0P""], [""01KZ3HVJNWHZ8Z6S3HRYRGVKFB""], [""01KZ3HVJNTDAEGC8VJKGXP93E2""], [""01KZ3HVJNVQPAFJYQXNTA3W0TE"", ""01KZ3HVJNVXH3AMR8GZD04DNGN""]]","{""entities"": [""Sam""], ""time_constraints"": [], ""operands"": [], ""list_cardinality"": {""known"": false, ""count"": 0}, ""update_state"": """", ""gap"": {""kind"": ""entity"", ""entity"": ""Sam"", ""start"": null, ""end"": null, ""operand"": """", ""source_need"": ""entity:Sam""}}",[],pass,
023-b20260803-r2-0-00160-0-00160-q0,single-hop,validation,When did Dana start the project to add a new server to her home lab?,March 2025,Dana added a new Raspberry Pi to her network on 2023-05-15. || Dana installed a new OS on her home-lab server but encountered network configuration issues. || Dana is excited about testing machine learning models on the new setup. || Dana is using an external USB drive for backup solutions. || Dana needs to prepare a presentation on her home-lab project for the following week. || Dana plans to finish upgrading the network setup by the end of July 2026. || Dana plans to have the backup solution ready by the end of this week. || Dana started the home-lab project in March 2025. || Dana suspects the network issue on her home-lab server might be due to a DNS problem. || Dana updated the firewall rules on her Raspberry Pi yesterday.,"[""01KZ3P7D76AVVFP5Q3G2Y7M2CS"", ""01KZ3P77CBK4K7BKVPCE08PQ2G"", ""01KZ3P7PDGRPS9RXJ6YGXXMFJ0"", ""01KZ3P7D7909J9PNNN8JSFMR5G"", ""01KZ3P77CGB4PZQ0P06HXWFKN4"", ""01KZ3P7PDE9QDKMQMT874WVZT5"", ""01KZ3P7D7AJPE4AQN916P63HWK"", ""01KZ3P7PD60SQ1V321JPQK1HKE"", ""01KZ3P77CDTKGZTJDQK1RZ1MGX"", ""01KZ3P7D78BBN3BY40GVYCEMPS""]","[0, 1, 2, 3, 4, 5, 6, 7, 8, 9]","[[""01KZ3P77CJPS13Q7X494GJ0K6E""], [""01KZ3P70KD4A74QSWCR13AGJTB""], [""01KZ3P7D7C1E8N4M2G39MXF7K6""], [""01KZ3P77CM1W1GBB7YHPPJMGES""], [""01KZ3P70KEVNJWJVEDR566Z60Z""], [""01KZ3P7D7CMSE13Q2KR3Y2HPNW""], [""01KZ3P77CM1W1GBB7YHPPJMGES""], [""01KZ3P7D7BBYP0JEGTYQWDNJEZ""], [""01KZ3P70KDWJNWJVEQ5DGBMBGP""], [""01KZ3P77CK4JCG7WVFP4V7JZHY""]]","{""entities"": [""Dana""], ""time_constraints"": [], ""operands"": [], ""list_cardinality"": {""known"": false, ""count"": 0}, ""update_state"": """", ""gap"": null}","[{""kind"": ""KEEP"", ""candidate_id"": ""01KZ3P7PD60SQ1V321JPQK1HKE"", ""source_id"": ""01KZ3P7D7BBYP0JEGTYQWDNJEZ""}]",pass,
023-b20260803-r2-0-00095-0-00095-q0,single-hop,validation,When did Dana start her home-lab project?,Dana started her home-lab project about a year ago.,Dana added a column for code reviews in Trello to improve workflow. || Dana added a new GPU for rendering tasks and an SSD for faster storage access to her home-lab's server. || Dana added a second access point to improve Wi-Fi coverage. || Dana chose the new hardware to better handle database loads and support more virtual machines. || Dana considered trying mesh systems for better Wi-Fi coverage. || Dana faced challenges with the Wi-Fi range in her home-lab project and upgraded the router. || Dana has implemented a new feature for remote monitoring and will have a beta version ready by the end of the week. || Dana is a software engineer working on a mini data center in her garage. || Dana is considering adding more servers for redundancy and scalability to her home-lab. || Dana is considering implementing encryption for the data at rest due to data sensitivity. || Dana might look into getting a faster switch and a separate network segment for critical services to upgrade her network infrastructure. || Dana plans to start the network upgrades over the weekend next week. || Dana reduced the server load time by about 30%. || Dana’s team is staying motivated and they are close to finishing the next phase of the project. || Dana upgraded the server hardware to the latest model on or after 2026-04-15. || Dana uses Trello for project task management and tracking. || Dana will run load tests using the same scripts with a larger dataset to simulate real-world usage. || The assistant advised Dana to implement encryption for the data at rest to enhance security and compliance.,"[""01KZ3KWYT09Z1ME6VGTET2ZZNN"", ""01KZ3KW7YD7QPJ3DJ6BKV28JFZ"", ""01KZ3KWYSXGFFNW1FSAE80NEP1"", ""01KZ3KWJ3P0SDT36BWSHDQPSFR"", ""01KZ3KWYSY0TGBRE73J8RBFKX0"", ""01KZ3KWYSTHQP6ZSTHP19APHET"", ""01KZ3KWJ3SCZ9KTB916PK7PB5T"", ""01KZ3KVZAV200PNQW99XTE1YKW"", ""01KZ3KW7YF9PTP90D0AD1JY7GS"", ""01KZ3KWJ3VVWMMY4AG7VQCXAZS"", ""01KZ3KW7YH15JE239P7RWP7A0P"", ""01KZ3KW7YJYGBKPNCMFFT75QYT"", ""01KZ3KW7YA7K5QYJXD3NMX9K8B"", ""01KZ3KWYT18VRK7BJV2XQGNR9Y"", ""01KZ3KWJ3NW8ZHP0R5JN47SR1M"", ""01KZ3KWYSZ6M0W8V6NWSPTY0Z4"", ""01KZ3KWJ3R9NZENHE7F4MQ03KZ"", ""01KZ3KWJ3WC4N2H8XR6X6977NW""]","[0, 1, 2, 3, 4, 5, 6, 7, 8, 9, 10, 11, 12, 13, 14, 15, 16, 17]","[[""01KZ3KWJ3YXWZ20GBWED1RADKK""], [""01KZ3KVZB4R4PEN5ANR1ZFNT23""], [""01KZ3KWJ3YY8W4V3157VSRBAVM""], [""01KZ3KW7YM0KZZTAHG1DGMZPR1""], [""01KZ3KWJ3YY8W4V3157VSRBAVM""], [""01KZ3KWJ3XCEWGXBYDHEM4AJGR""], [""01KZ3KW7YPD4APP0535T8Z429Z""], [""01KZ3KVPTTW95603YF4BNT17P6""], [""01KZ3KVZB4R4PEN5ANR1ZFNT23""], [""01KZ3KW7YQ5C9FGT51N8DC2PSZ""], [""01KZ3KVZB4R4PEN5ANR1ZFNT23""], [""01KZ3KVZB5AC1CDMN2T5QVV20D""], [""01KZ3KVZB4R4PEN5ANR1ZFNT23""], [""01KZ3KWJ3ZHK5ZXES4E5TMYG0J""], [""01KZ3KW7YM3WR6DHDPZZ5SYCP7""], [""01KZ3KWJ3YXWZ20GBWED1RADKK""], [""01KZ3KW7YNFZ508BV2CZQDDXV4""], [""01KZ3KW7YQ5C9FGT51N8DC2PSZ""]]","{""entities"": [""Dana""], ""time_constraints"": [], ""operands"": [], ""list_cardinality"": {""known"": false, ""count"": 0}, ""update_state"": """", ""gap"": null}","[{""kind"": ""KEEP"", ""candidate_id"": ""01KZ3KWYSTHQP6ZSTHP19APHET"", ""source_id"": ""01KZ3KWJ3XCEWGXBYDHEM4AJGR""}]",fail,KEEP 01KZ3KWYSTHQP6ZSTHP19APHET 只讲 Wi-Fi/路由器，不含项目约一年前开始的信息。
023-b20260803-r2-0-00091-0-00091-q0,single-hop,validation,When did Dana get the first server online for her home-lab project?,2025-09-15,Dana added two new servers to her home-lab last week. || Dana and a friend plan to start a side project on an IoT system for monitoring home energy usage next week. || Dana finished setting up a new server for additional storage capacity on 2026-01-14. || Dana got the first server online in September 2025. || Dana has a home-lab project. || Dana has been working on integrating a new server into her network since 2026-04-19. || Dana is a software engineer. || Dana is considering upgrading to a faster internet plan to address the bandwidth issue. || Dana is facing a bandwidth bottleneck while integrating the new server. || Dana is planning to check for configuration tweaks before upgrading the internet plan. || Dana plans to implement two-factor authentication next week. || Dana plans to integrate the new servers by the end of May 2026. || Dana plans to start working on the data backup system this weekend. || Dana started using a new monitoring tool to manage her home-lab project. || Dana updated firewall rules yesterday to better secure the network. || Dana wants to set up the new servers for a distributed database system and machine learning experiments. || Feedback from the beta testers of Dana’s home-lab setup was generally positive. || The home-lab project was discussed initially on 2025-09-15.,"[""01KZ3KRH1X4X2N4ARZHTFXSFKY"", ""01KZ3KRH27XQCG9AC44J6NE56N"", ""01KZ3KR66K7XDZWXRKAPKWPV6W"", ""01KZ3KR66T4EVR0YEQQY2PSVQV"", ""01KZ3KQHM05XR2SMVG45V9VT2S"", ""01KZ3KQS2NJ66E7DW089G5WTK7"", ""01KZ3KQHKYTCM0HZFNS0DQ5Z3P"", ""01KZ3KQS2QJCBR3GETE5T3GG6K"", ""01KZ3KQS2PX097D21KM6KA5TRP"", ""01KZ3KQS2R6D0S0B0RHKPRJWW9"", ""01KZ3KR66XFYX2NNBFQPVFFE82"", ""01KZ3KRH20RNP76A28WYDZJ2HQ"", ""01KZ3KR66ZTQRG6NR4CEG6CFF6"", ""01KZ3KQS2SWNXWAY9HYKP6B8NF"", ""01KZ3KR66WHDMDSGR4ZHEFQRCR"", ""01KZ3KRH224NQ5DHAFNQ34PF9J"", ""01KZ3KRH25BYZFQWAV3HPDGSY3"", ""01KZ3KR66Q41AKCSGY58E1223J""]","[0, 1, 2, 3, 4, 5, 6, 7, 8, 9, 10, 11, 12, 13, 14, 15, 16, 17]","[[""01KZ3KR671Z339WZR98HG9Y8J4""], [""01KZ3KR675D83WMZVA8S1GGFFS""], [""01KZ3KQS2STTRWT43FB93VF6Q9"", ""01KZ3KQS2TAFNTSAV4C8KTN7DJ""], [""01KZ3KQS2TX2YA6PT43MVF9DHA""], [""01KZ3KQEHZB8GPWVHVDWTMB184""], [""01KZ3KQHM26FSW57FYDQ83M7TF""], [""01KZ3KQEHZB8GPWVHVDWTMB184""], [""01KZ3KQHM49ZWVJNE8GVGRRVPT""], [""01KZ3KQHM31B8VZZ36GFT0GNBP""], [""01KZ3KQHM409FHA32XSZ7AKBHS""], [""01KZ3KQS2TVZQ0P2YA594J7PJS""], [""01KZ3KR671Z339WZR98HG9Y8J4""], [""01KZ3KQS2TMRR854C6YJR4N3BC""], [""01KZ3KQHM5A80YHJGSTM2S2MVA""], [""01KZ3KQS2TVZQ0P2YA594J7PJS""], [""01KZ3KR672WDTCA5E86ZWC7YKT""], [""01KZ3KR673JMS2RT8ZHC2ANMBW""], [""01KZ3KQS2TAFNTSAV4C8KTN7DJ"", ""01KZ3KQS2TX2YA6PT43MVF9DHA""]]","{""entities"": [""Dana""], ""time_constraints"": [], ""operands"": [], ""list_cardinality"": {""known"": false, ""count"": 0}, ""update_state"": """", ""gap"": null}","[{""kind"": ""KEEP"", ""candidate_id"": ""01KZ3KR66Q41AKCSGY58E1223J"", ""source_id"": ""01KZ3KQS2TAFNTSAV4C8KTN7DJ""}]",fail,KEEP 01KZ3KR66Q41AKCSGY58E1223J 的日期属于项目首次讨论，不是首台服务器上线；应为 gap。
023-b20260803-r2-0-00083-0-00083-q0,single-hop,validation,What specific systems did Sam compare in his thesis chapter about distributed databases?,"Cassandra, Redis, and MongoDB","Sam aims to finish the methodology section by the end of this month. || Sam decided to compare three main distributed system architectures: client-server, peer-to-peer, and hybrid. || Sam finished the literature review last week. || Sam has been focusing on a chapter about consensus algorithms for his thesis. || Sam implemented a new protocol that reduces the number of messages needed by almost 20% for the Paxos algorithm. || Sam is considering integrating the new protocol with other consensus algorithms like Raft. || Sam is currently focusing on the methodology section of the thesis. || Sam is working on the chapter about distributed databases for his thesis. || Sam plans to start collecting data for experiments after finishing the methodology section. || Sam plans to wrap up the current chapter by the end of this month. || Sam's thesis topic is about the impact of renewable energy policies on local economies. || Sam tested the new protocol under various network scenarios—high latency, low bandwidth, and high packet loss. || Sam will then start on the section about fault tolerance in distributed systems. || The preliminary setup for Sam's experiments is complete.","[""01KZ3KFE7H2V73K24M8E6Y1FDX"", ""01KZ3KFE7GR4SJ8C3814SXMFQA"", ""01KZ3KFE7E97EWCV2N2N48X0SZ"", ""01KZ3KFR6HB3NQYXCM1G1CNZJT"", ""01KZ3KFR6KKNRRSSRVMT8XQG2X"", ""01KZ3KFR6PF088HZ56WCNJVNCS"", ""01KZ3KFE7FMDZJN9NZ2CK1FENX"", ""01KZ3KF23Y54AVVE55G1RZDFZQ"", ""01KZ3KFE7H3HGBYGCRY1BDMSQC"", ""01KZ3KFR6R4P4ZE4CXPG2Q7R1J"", ""01KZ3KETDXYP1RTCCFM1CMHHBX"", ""01KZ3KFR6NHY5QNQAEKY4W3X7R"", ""01KZ3KFR6RSCQ8SWBR27VW2VWJ"", ""01KZ3KFE7JFAV3F57RQMWPY7S3""]","[0, 1, 2, 3, 4, 5, 6, 7, 8, 9, 10, 11, 12, 13]","[[""01KZ3KF246JSJJG8HJ6CED8CA6""], [""01KZ3KF246JSJJG8HJ6CED8CA6""], [""01KZ3KF2462YVH79RBDGPFQ0GZ""], [""01KZ3KFE7JXHX8BD2CFNR5J0J8""], [""01KZ3KFE7KEJHWDC4V9T1C95QP""], [""01KZ3KFE7M0BCMT3FVM4J40G0X""], [""01KZ3KF2462YVH79RBDGPFQ0GZ""], [""01KZ3KETDY2H971D07J81GE3FG""], [""01KZ3KF246JSJJG8HJ6CED8CA6""], [""01KZ3KFE7MXGEQHX66HNN21AEK""], [""01KZ3KES5DV8H3F0H2C98MTATJ""], [""01KZ3KFE7KX74EAV853GYJ0R3K""], [""01KZ3KFE7MXGEQHX66HNN21AEK""], [""01KZ3KF247P36QKMBFF44FN9KT""]]","{""entities"": [""Sam""], ""time_constraints"": [], ""operands"": [{""name"": ""compare"", ""satisfied"": false}], ""list_cardinality"": {""known"": false, ""count"": 0}, ""update_state"": """", ""gap"": {""kind"": ""entity"", ""entity"": ""Sam"", ""start"": null, ""end"": null, ""operand"": """", ""source_need"": ""entity:Sam""}}",[],pass,
023-b20260803-r2-0-00041-0-00041-q0,single-hop,validation,When did Dana start her home-lab project?,2024,"Dana added a new server, a Raspberry Pi 4 with 8GB of RAM, for running additional tests. || Dana added two new routers to her home-lab network last month to optimize its speed. || Dana aims to integrate the new machine learning model by the end of June 2026. || Dana encountered issues with the compatibility of the new model with the existing framework during the update. || Dana encountered latency issues with certain applications during the initial setup of her new routers. || Dana expects her new SSD to arrive in the next couple of days. || Dana has been tweaking firewall rules to better protect against DDoS attacks on the network security system. || Dana hopes to have her network setup fine-tuned by next week. || Dana is planning to set up a continuous integration/continuous deployment pipeline for the project. || Dana is purchasing a new SSD to expand her home-lab's storage capacity this month. || Dana plans to seek help from tech friends online if she doesn't resolve the latency issues by next week. || Dana plans to use the new server for testing a new virtualization setup, running containers and comparing performance to existing virtual machines. || Dana resolved the compatibility issue by modifying the framework’s configuration files. || Dana's home-lab consists of three servers: one for development, one for testing, and one for production. || Dana started her home-lab project in 2024. || Dana updated the data preprocessing pipeline to handle larger datasets more efficiently. || Dana updated the database schema to include more detailed logging for troubleshooting purposes. || Dana uses Docker, Kubernetes, and Jenkins in her home-lab. || Dana wants to improve her knowledge of security best practices and integrate machine learning tools for automation in her home-lab. || Dana will start installing her new SSD after it arrives. || Dana will start setting up the new virtualization setup by the end of next week. || Managing the load between the servers during peak testing periods is a challenge for Dana. || Their next meeting to discuss the home-lab project is scheduled for February 22, 2026.","[""01KZ3HZE4ZT9J0FBSSWSZZ4Q8J"", ""01KZ3HZ2HPSBB7GVRW93GPFE07"", ""01KZ3HYKJYZ4C33Z4W2AA2K1BS"", ""01KZ3HYKK0PTBWS289R82X038G"", ""01KZ3HZ2HRPAF1D8V9QGWWBC2V"", ""01KZ3HZ2HYA1MVB1532KRVBTCQ"", ""01KZ3HZE4XD85MWNWD61TP7XD6"", ""01KZ3HZ2HTZ8CYV52TG5QWD82Z"", ""01KZ3HYKK2FCA8BJR8GKEEBF7Z"", ""01KZ3HZ2HWP19KTZ2THJX62HDA"", ""01KZ3HZ2HW4YZ73Q24SNX8DCN3"", ""01KZ3HZE5014EJGQRJJ4E2ERH2"", ""01KZ3HYKK1C3X5SBW6GFEVW4B4"", ""01KZ3HY90H0SH2CC0T0EGAX9EX"", ""01KZ3HY90EA19W0WB6VV7DA45H"", ""01KZ3HYKJV95QWFXDCNHEN93BQ"", ""01KZ3HZE52FNXJETQ342KFGJRV"", ""01KZ3HY90MQKEKK5XWY8BC11M2"", ""01KZ3HY90R81B5A8FZ4EYXM65K"", ""01KZ3HZ2J0F58BS8MV6HHACJFP"", ""01KZ3HZE51H0QXW06AGH6R1QJK"", ""01KZ3HY90PZPNX3NJKQRK0D7VC"", ""01KZ3HY90TW60F0DKGHV728HG1""]","[0, 1, 2, 3, 4, 5, 6, 7, 8, 9, 10, 11, 12, 13, 14, 15, 16, 17, 18, 19, 20, 21, 22]","[[""01KZ3HZ2J3W2M7BN8Y8NWJ47Z4""], [""01KZ3HYKK4RRJ8WZKP4EMR9RDW""], [""01KZ3HY90XSZX1HDM03WEY2KET""], [""01KZ3HY90Y3WTE4H9GY5YRW46V""], [""01KZ3HYKK4RRJ8WZKP4EMR9RDW""], [""01KZ3HYKK5BPFBJD667H9C9NGM""], [""01KZ3HZ2J2P32HBECTM4MM9VGG""], [""01KZ3HYKK4SCTCXZS4V8Y1DNH5""], [""01KZ3HY90Z4P16PXNGK42CS3T3""], [""01KZ3HYKK5BPFBJD667H9C9NGM""], [""01KZ3HYKK4SCTCXZS4V8Y1DNH5""], [""01KZ3HZ2J4MX4PE4ZVZSJQ7WQK""], [""01KZ3HY90YXDQDZ6F2K742TM73""], [""01KZ3HY0AQTB947QG9MKHMZECS""], [""01KZ3HY0AP8FCJANVN7X5J9ENT""], [""01KZ3HY90WK0Y39MZ52HP6XVD4""], [""01KZ3HZ2J52ZCTRKBE8YGJZY9A""], [""01KZ3HY0AQGA4H9T06HYXC7Q0S""], [""01KZ3HY0AR016DDZ8Z52WVHDXM""], [""01KZ3HYKK5BPFBJD667H9C9NGM""], [""01KZ3HZ2J43DSN11SMD1GMTSN8""], [""01KZ3HY0ARGJ1FGEJZYJ2PFGNV""], [""01KZ3HY0ARPFX6HA8DN4MYDXMQ""]]","{""entities"": [""Dana""], ""time_constraints"": [], ""operands"": [], ""list_cardinality"": {""known"": false, ""count"": 0}, ""update_state"": """", ""gap"": null}","[{""kind"": ""KEEP"", ""candidate_id"": ""01KZ3HY90EA19W0WB6VV7DA45H"", ""source_id"": ""01KZ3HY0AP8FCJANVN7X5J9ENT""}]",pass,
023-b20260803-r2-0-00113-0-00113-q0,single-hop,validation,"When is the birthday party for Sarah’s niece, Lily?",March 4th,"Lily’s birthday party is on Saturday, March 4th.","[""01KZ3MHK8QS8D05691PAW6TR9A""]",[0],"[[""01KZ3MHA1Q40KHJNRGPB4R12QW""]]","{""entities"": [""Lily"", ""Sarah""], ""time_constraints"": [], ""operands"": [], ""list_cardinality"": {""known"": false, ""count"": 0}, ""update_state"": """", ""gap"": null}","[{""kind"": ""KEEP"", ""candidate_id"": ""01KZ3MHK8QS8D05691PAW6TR9A"", ""source_id"": ""01KZ3MHA1Q40KHJNRGPB4R12QW""}]",pass,
023-b20260803-r2-0-00170-0-00170-q0,single-hop,validation,What is the date of the family trip to Japan?,June 15th to 25th,The family plans to arrive at the hotel by 4 PM on June 15th to set up for Tom's birthday party. || The family plans to visit a local market before Tom's birthday party. || The family trip to Japan is from July 15th to 25th. || The family trip to Japan is planned for June 15th. || Tom's birthday falls on June 15th during the family trip to Japan.,"[""01KZ3PMK6JBQ8V3AAX3AV29068"", ""01KZ3PMK6K21YZMQ3EWKDM6THV"", ""01KZ3PKCZ12S433MBQCVSGTH0X"", ""01KZ3PMK6EW0PXJPHJHHCW53K8"", ""01KZ3PMK6GF9M2NC8F8RYGEBXB""]","[0, 1, 2, 3, 4]","[[""01KZ3PM7A0MMPDG3D0R4RZAJAR""], [""01KZ3PM7A069HP3AEVMFJMEDZP""], [""01KZ3PK304A6WBSPDMG5H69SMG"", ""01KZ3PK304NPF5R3KWZ3ARA39S""], [""01KZ3PM79Z3KEDP67M9N6AN9C6""], [""01KZ3PM79ZXH020WWNYGJMF1VM""]]","{""entities"": [""Japan""], ""time_constraints"": [], ""operands"": [], ""list_cardinality"": {""known"": false, ""count"": 0}, ""update_state"": """", ""gap"": null}","[{""kind"": ""KEEP"", ""candidate_id"": ""01KZ3PKCZ12S433MBQCVSGTH0X"", ""source_id"": ""01KZ3PK304A6WBSPDMG5H69SMG""}, {""kind"": ""KEEP"", ""candidate_id"": ""01KZ3PMK6GF9M2NC8F8RYGEBXB"", ""source_id"": ""01KZ3PM79ZXH020WWNYGJMF1VM""}]",fail,KEEP 01KZ3PKCZ12S433MBQCVSGTH0X 是 July 15th–25th，01KZ3PMK6GF9M2NC8F8RYGEBXB 只是生日日期；均不覆盖 June 15th–25th。
023-b20260803-r2-0-00184-0-00184-q0,single-hop,validation,When is the corporate event that Mei confirmed a booking for?,January 12th,"Blue Sea Foods has provided satisfactory service since switching suppliers. || Mei confirmed a big group booking for Friday, January 12th. || Mei got a new booking for July 15th from a group of 12. || Mei is considering contacting the local fishmonger as a backup supplier. || Mei is planning to introduce a new vegetarian dish next week. || Mei mentioned they had a busy weekend with the new menu. || Mei needs to find an alternative supplier due to the seafood delay. || Mei needs to secure some tables for a wedding reception on August 1st. || Mei needs to switch vegetable suppliers before the end of June. || Mei plans to finalize the new menu items this week, including vegetarian options. || Mei prefers organic and locally sourced vegetables for her restaurant. || Mei received a big booking for a corporate event on July 15th. || Mei’s supplier for the seafood has been experiencing delays. || Mei switched to a new supplier, Blue Sea Foods, due to an issue with fish last month.","[""01KZ3Q33XYTS35C9CK9B2ETVCW"", ""01KZ3Q33XTR5S90EMB5ENSP13H"", ""01KZ3Q2XKVG2RMNZA33CTKMQYV"", ""01KZ3Q3D8Q5ZPXTDBTC3RQGT8G"", ""01KZ3Q33XZN94NKQYFQ3W9TAE9"", ""01KZ3Q3K6PW2PKFHHKDYKVSSY4"", ""01KZ3Q3D8PBMJGV0VZPZMGZPGE"", ""01KZ3Q2XKX1TC373SN55539SX0"", ""01KZ3Q2XKZ2XBA8QBNBQMFKP6K"", ""01KZ3Q3D8R031MXJEQEDDP9F1P"", ""01KZ3Q2XKY8QVQ83DZD6ASAF3G"", ""01KZ3Q3D8JXGFMEK43B0GZ0TR3"", ""01KZ3Q3D8M76WR6AZDJ4B889AW"", ""01KZ3Q33XW4ADP1AB49DWTK8Z2""]","[0, 1, 2, 3, 4, 5, 6, 7, 8, 9, 10, 11, 12, 13]","[[""01KZ3Q2XM1668XM9HMK5Q2Z26P"", ""01KZ3Q2XM1MAHWERSJMRD9YV2C""], [""01KZ3Q2XM0B5PWGW1DFNCV76DD""], [""01KZ3Q2Q4C2EQZ5KDDTCRPH4GY""], [""01KZ3Q33Y1916ZQTA4SC0FHWJA""], [""01KZ3Q2XM1M1FQK3VW1WB4QY6S""], [""01KZ3Q3D8SX56Y0ZKDDDMA66YW""], [""01KZ3Q33Y0M2NG6YZR0DHR8KW1""], [""01KZ3Q2Q4DVXEA754N7KKK354S""], [""01KZ3Q2Q4E7T4CN8GJC2CBDHKN"", ""01KZ3Q2Q4EDTPAC3JQ4YY2A86F""], [""01KZ3Q33Y12P5T6YC1EXZNSH2Z""], [""01KZ3Q2Q4DQN4NH98R73KYMT31""], [""01KZ3Q33Y09APT2TRXEA9NNG68""], [""01KZ3Q33Y05HTYRYE2AM2W87YE""], [""01KZ3Q2XM067MC1TZD47KWNFZ2""]]","{""entities"": [""Mei""], ""time_constraints"": [], ""operands"": [], ""list_cardinality"": {""known"": false, ""count"": 0}, ""update_state"": """", ""gap"": null}","[{""kind"": ""KEEP"", ""candidate_id"": ""01KZ3Q33XTR5S90EMB5ENSP13H"", ""source_id"": ""01KZ3Q2XM0B5PWGW1DFNCV76DD""}]",pass,
023-b20260803-r2-0-00002-0-00002-q0,single-hop,validation,When did you start your HomeNet project?,March 2024,Dana's project is called 'HomeNet'. || Dana started the HomeNet project in March 2024.,"[""01KZ3GJ5E52M265EVNB9SBBJ6M"", ""01KZ3GJ5E6Z3088WR2F20AF9EG""]","[0, 1]","[[""01KZ3GJ01EWZCVXV123VMF9KN4""], [""01KZ3GJ01ETMFE3PG8D1M8DBX5""]]","{""entities"": [""HomeNet""], ""time_constraints"": [], ""operands"": [], ""list_cardinality"": {""known"": false, ""count"": 0}, ""update_state"": """", ""gap"": null}","[{""kind"": ""KEEP"", ""candidate_id"": ""01KZ3GJ5E6Z3088WR2F20AF9EG"", ""source_id"": ""01KZ3GJ01ETMFE3PG8D1M8DBX5""}]",pass,
023-b20260803-r2-0-00008-0-00008-q0,single-hop,validation,What are the top three priorities for the QuickSync launch?,"Ensuring the software is stable and bug-free, making sure all marketing materials are ready, and having a smooth user experience during beta testing.",Priya is working on the launch of a new software feature called 'QuickSync'.,"[""01KZ3GS59MCTBZV713V26JWED5""]",[0],"[[""01KZ3GRWPDC2CCERBWQ131HKMJ""]]","{""entities"": [""QuickSync""], ""time_constraints"": [], ""operands"": [], ""list_cardinality"": {""known"": false, ""count"": 0}, ""update_state"": """", ""gap"": {""kind"": ""entity"", ""entity"": ""QuickSync"", ""start"": null, ""end"": null, ""operand"": """", ""source_need"": ""entity:QuickSync""}}",[],pass,
023-b20260803-r2-0-00066-0-00066-q0,single-hop,validation,What is the provisional title of Sam's thesis on distributed systems?,Enhancing Fault Tolerance in Distributed Databases through Advanced Consistency Protocols,"Sam's thesis is provisionally titled 'Enhancing Fault Tolerance in Distributed Databases through Advanced Consistency Protocols'. || Dr. Elena Volkov and Dr. Richard Peterson are Sam's primary advisors. || Sam aims to finish the first draft of his thesis by the end of July. || Sam intends to start implementing his thesis model this weekend. || Sam is struggling with the methodology part of his thesis. || Sam is working on a thesis about fault tolerance in distributed databases. || Sam is working on the performance evaluation section of his thesis. || Sam needs to clean up and preprocess the dataset before starting the implementation. || Sam optimized the data distribution algorithms for his thesis, reducing latency by 20%. || Sam plans to implement a deep learning model to predict system latency for his thesis. || Sam plans to present his preliminary findings at the International Conference on Distributed Systems in September 2026. || Sam tested the new algorithm and found it performs better under high load conditions.","[""01KZ3JX0GGR05YDXGNKMB07QVD"", ""01KZ3JX0GJ5MQJBXGWMEB671E9"", ""01KZ3JX6XM0J1MY5G12NKGA8D8"", ""01KZ3JXPB0AGH0WFN875K4YCH1"", ""01KZ3JXPAVJV3AEHQ8D5C7E5K6"", ""01KZ3JX0GDNYVJ2WPERP861VG8"", ""01KZ3JXPAR6HZ3KYCBDWPD1K95"", ""01KZ3JXPB2JTS7ZTRHNF12C6J7"", ""01KZ3JX6XH64J33FEQ7XVYTWEF"", ""01KZ3JXPAXT3SRCPSJ2DPQX1NS"", ""01KZ3JX0GN6RKJSG5A1PB4PRT9"", ""01KZ3JX6XK7PDP5A8W4XHN71D2""]","[0, 1, 2, 3, 4, 5, 6, 7, 8, 9, 10, 11]","[[""01KZ3JWNHGFAX7VSV540KT6A31""], [""01KZ3JWNHHTHDX7TRN0TWXHQ90""], [""01KZ3JX0GTD1YS5N6W0XAA5KPP""], [""01KZ3JXEFD8FYSBEP7ZND5EVAY""], [""01KZ3JXEFCDARPJ6Q6S9P3RM6D""], [""01KZ3JWNHFKQ2JHHVC116PHXJD""], [""01KZ3JXEFCAGE8MTHXT5XJYTGA""], [""01KZ3JXEFD8FYSBEP7ZND5EVAY""], [""01KZ3JX0GR973A90QCD0HV83K2""], [""01KZ3JXEFDHCZSES1NNN46G32Q""], [""01KZ3JWNHHGBE3XQVS75Q172ZM""], [""01KZ3JX0GRQKQHD7C0HXR8AVQN""]]","{""entities"": [""Sam's""], ""time_constraints"": [], ""operands"": [], ""list_cardinality"": {""known"": false, ""count"": 0}, ""update_state"": """", ""gap"": null}","[{""kind"": ""KEEP"", ""candidate_id"": ""01KZ3JX0GGR05YDXGNKMB07QVD"", ""source_id"": ""01KZ3JWNHGFAX7VSV540KT6A31""}]",pass,
023-b20260803-r2-0-00085-0-00085-q0,single-hop,validation,Did you start using the new supplier Green Fields Produce a couple of weeks ago?,Yes,Supplier can deliver all needed supplies by Friday. || Supplier experienced a delay in delivering some ingredients last week.,"[""01KZ3KHJPG6B208EJBTE4JRW8K"", ""01KZ3KHJPH3KEYM7W6J2RA7AQ5""]","[0, 1]","[[""01KZ3KHBQVXJS8TVP1EQWDPJNT""], [""01KZ3KHBQVXJS8TVP1EQWDPJNT""]]","{""entities"": [""Fields"", ""Green"", ""Produce""], ""time_constraints"": [], ""operands"": [], ""list_cardinality"": {""known"": false, ""count"": 0}, ""update_state"": """", ""gap"": {""kind"": ""entity"", ""entity"": ""Fields"", ""start"": null, ""end"": null, ""operand"": """", ""source_need"": ""entity:Fields""}}",[],pass,
023-b20260803-r2-0-00183-0-00183-q1,temporal,validation,When did Dana start working on the e-commerce platform project?,"Dana started working on the e-commerce platform project about two months ago, around 2026-03-20.","Dana began working on her e-commerce platform project about two months ago, around 2026-03-20. || Dana has added new GPUs to optimize the hardware setup. || Dana has been testing the new AI model with data sets from her previous projects. || Dana has five Linux servers set up in her home lab. || Dana hasn't started the network upgrade yet, waiting for the new server to arrive. || Dana is considering using Prometheus for monitoring. || Dana is self-funding her home-lab project and using refurbished hardware to keep costs down. || Dana is using her own funds for the project. || Dana is working on a simple e-commerce platform using Docker containers and Kubernetes in her home lab. || Dana is working on integrating a new AI model into her home-lab project. || Dana mentioned she was working on upgrading her home-lab's network infrastructure. || Dana might apply for grants if the project goes well. || Dana plans to switch to a more robust networking setup to handle a new server. || Dana plans to update the documentation for recent changes this weekend. || Dana plans to upgrade her network infrastructure by adding a second switch and possibly a small router. || Dana's main goals are to test containerization and microservices architecture in her home lab. || Dana’s team does not have new members yet, but she is reaching out to candidates next week. || Dana updated her server to Ubuntu 22.04 LTS. || Dana will configure the switches and routers to support the new server once it arrives. || The new AI model shows improvements in performance, particularly in image recognition.","[""01KZ3Q1VMW7RT00BC3NB8K7J66"", ""01KZ3Q2GW10R7JSBBMSV94SXEC"", ""01KZ3Q2GVZWEARY6B9VKJ5XW8A"", ""01KZ3Q1VMN2P06RJKX4G03QERK"", ""01KZ3Q27Y9WR9Y7CDE0H6CT3KK"", ""01KZ3Q2PZX5JB2PNWZKMRFRRP1"", ""01KZ3Q2PZZ5XK862NT64CXQPPK"", ""01KZ3Q27YD69N9DTSQM1W0VC34"", ""01KZ3Q1VMTA6BX9YVNEF2FHS6C"", ""01KZ3Q2GVYQZNA6DZK7T1BTTCT"", ""01KZ3Q27Y1YKY80PSE6J0Q9B4H"", ""01KZ3Q27YE9HGEEFNXZA97WVMH"", ""01KZ3Q27Y3CFW47QJEVJ6AZJ8K"", ""01KZ3Q2GW285NJFGVPX9G9Y2E8"", ""01KZ3Q2PZYDBWE2YEGJGN98EAR"", ""01KZ3Q1VMQA5QZEQMZTTZ3AHD6"", ""01KZ3Q2GW3E548ENX67Y1TY9HJ"", ""01KZ3Q2PZV1VX42Z9YZ803HJ7T"", ""01KZ3Q27YB7X5TA2ANP4J40AYC"", ""01KZ3Q2GW087KJDZQCD7B7P4WW""]","[0, 1, 2, 3, 4, 5, 6, 7, 8, 9, 10, 11, 12, 13, 14, 15, 16, 17, 18, 19]","[[""01KZ3Q1M6C429EPD6AKZJTJ7QJ""], [""01KZ3Q27YKXC41QHW0XYY7XXS8""], [""01KZ3Q27YHTJGF39XKMD2YGGKC""], [""01KZ3Q1M6B948D7DGJAM19GDDK""], [""01KZ3Q1VN0PTP4YJ2JJV8JHB30""], [""01KZ3Q2GW4WQYYZH6N50VBQK9W""], [""01KZ3Q2GW5GMFNGE60DZK2ST9W""], [""01KZ3Q1VN1T8X2KYV3M6B1Z6D0""], [""01KZ3Q1M6CQS6KGYA9D68PEJ21""], [""01KZ3Q27YGGM241ZPRSBTSX1B2""], [""01KZ3Q1VMYHRGCQF175CPFGAHJ""], [""01KZ3Q1VN1T8X2KYV3M6B1Z6D0""], [""01KZ3Q1VMZTP381N48SWQJKKHH""], [""01KZ3Q27YKGGFFZBYXZZ5SCNVN""], [""01KZ3Q2GW5FRGJ54Q0240XQMZQ""], [""01KZ3Q1M6BKCV6DF0D63ZPEKVG""], [""01KZ3Q27YMKXEYYXQR80GSX9Y5""], [""01KZ3Q2GW4EYCG1WREDD8QCZYV""], [""01KZ3Q1VN0PTP4YJ2JJV8JHB30""], [""01KZ3Q27YJJ4XEM72JWHC6QHYG""]]","{""entities"": [""Dana""], ""time_constraints"": [], ""operands"": [], ""list_cardinality"": {""known"": false, ""count"": 0}, ""update_state"": """", ""gap"": null}","[{""kind"": ""KEEP"", ""candidate_id"": ""01KZ3Q1VMW7RT00BC3NB8K7J66"", ""source_id"": ""01KZ3Q1M6C429EPD6AKZJTJ7QJ""}]",pass,
023-b20260803-r2-0-00118-0-00118-q1,temporal,validation,When did Mei receive an update from Supplier A about delivering new spices?,"Supplier A delivered the new spices by the end of the week, as mentioned in the session on February 17, 2026.","Mei booked a group of 15 for the New Year's Eve dinner on December 31st. || Mei has a group of 15 booked for Saturday night. || Mei has assigned extra shifts to regular servers for upcoming busy periods. || Mei plans to review the contract terms with the new supplier today. || Mei received an update from Supplier A on 2026-02-16. || Mei started using a new vegetable supplier for her business. || The supplier confirmed the delivery of organic vegetables on January 15th. || There are many reservations for the summer months, particularly for weekends in June.","[""01KZ3MNZJ33SNJH0V4KJSSFW3F"", ""01KZ3MPN9QEHHK9MS31CD03SSS"", ""01KZ3MPN9SSRKZ2TJWBZS0H612"", ""01KZ3MPASXC1FBDJFVFC5H5XPP"", ""01KZ3MPN9EQH0PNWW7B604FSNG"", ""01KZ3MPASRTDGW234MHRX7EYS2"", ""01KZ3MNZJ5F32Q7NKQ1W0KERB4"", ""01KZ3MPASYM7PC10NRWTWG4QEW""]","[0, 1, 2, 3, 4, 5, 6, 7]","[[""01KZ3MNPR1M599R5ZGQV6JZ01C""], [""01KZ3MPAT16SXX57HHD3EHBBHY""], [""01KZ3MPAT1QF9KQ5J33MFJHPD9""], [""01KZ3MNZJ9TNMM92HR8049JA0M""], [""01KZ3MPAT05085FWFAT984CV8F""], [""01KZ3MNZJ81MKWX8KS8Y35YRZT"", ""01KZ3MNZJ8FQ8QJY1QDKRMBV7Y""], [""01KZ3MNPR1DYZA0RAB37V13647""], [""01KZ3MNZJAKK7T6N5D6AW1MNTQ""]]","{""entities"": [""Mei"", ""Supplier""], ""time_constraints"": [], ""operands"": [], ""list_cardinality"": {""known"": false, ""count"": 0}, ""update_state"": """", ""gap"": null}","[{""kind"": ""KEEP"", ""candidate_id"": ""01KZ3MPN9EQH0PNWW7B604FSNG"", ""source_id"": ""01KZ3MPAT05085FWFAT984CV8F""}]",fail,KEEP 01KZ3MPN9EQH0PNWW7B604FSNG 只说 2026-02-16 收到更新，未覆盖周末前交付及 February 17 会话信息。
023-b20260803-r2-0-00085-0-00085-q1,temporal,validation,When did Mei mention she planned to visit Spicy World?,Next week,Mei had a few new bookings for the coming weekend. || Mei introduced a new vegetarian pasta dish featuring fresh vegetables from Green Fields Produce. || Mei is finalizing the menu changes based on customer feedback. || Mei is monitoring the weather forecasts for upcoming events. || Mei owns a restaurant called 'Savor'. || Mei plans to discuss menu changes today. || Mei plans to visit Spicy World next week for potential supplier considerations. || Mei received a booking request for a group of 15 for next Saturday. || Mei received inquiries from new clients last week. || Mei’s inventory turnover has improved with the new supplier. || Mei started using Green Fields Produce a couple of weeks ago. || Mei updated the salad menu to include more seasonal greens from Green Fields Produce. || The prices with Green Fields Produce are lower than expected.,"[""01KZ3KJAFB7XHEVFG0MJ7NZ6A6"", ""01KZ3KJAF936CNT8T4FB5Q7VAP"", ""01KZ3KHX9KKGGDNEPHYWYCQ2PW"", ""01KZ3KHX9PDMY47349CMW374Z0"", ""01KZ3KHBQN6KAYAC1M000RHWFM"", ""01KZ3KHJPK9H1GBP5H55KB20RK"", ""01KZ3KHBQS98RJ2FCKRMFN5W2Q"", ""01KZ3KHJPEDYT3Q00VDA1CCJ7G"", ""01KZ3KHX9FNA0QEGGASD5S464S"", ""01KZ3KJAF8DH4SW9CB7V7RH667"", ""01KZ3KJAF6777SH0VVJX97PFJX"", ""01KZ3KJAFARGW9KFXFY9N439HW"", ""01KZ3KJAF70MZ831E3DM9QB76C""]","[0, 1, 2, 3, 4, 5, 6, 7, 8, 9, 10, 11, 12]","[[""01KZ3KHX9RA4DA4W869Y0FXQ93""], [""01KZ3KHX9RKG6APGNNEB29A16A""], [""01KZ3KHJPPWF67JSWGS65NGDS1""], [""01KZ3KHJPRXHH2JX3S67VCK8C4""], [""01KZ3KH3HHE0E252WE75SWGA2P""], [""01KZ3KHBQW1RQ4RFPPJZETME3J""], [""01KZ3KH3HJWDZ3Q79055ZEFRQH""], [""01KZ3KHBQVK278G1KB9Z39MN5K""], [""01KZ3KHJPN076N7A9VY9BFX7K1""], [""01KZ3KHX9RJ2S20TJ2JW18Z103""], [""01KZ3KHX9QMRQS1E1R4H4Q2DTR""], [""01KZ3KHX9RKG6APGNNEB29A16A""], [""01KZ3KHX9RJ2S20TJ2JW18Z103""]]","{""entities"": [""Mei"", ""Spicy"", ""World""], ""time_constraints"": [], ""operands"": [], ""list_cardinality"": {""known"": false, ""count"": 0}, ""update_state"": """", ""gap"": null}","[{""kind"": ""KEEP"", ""candidate_id"": ""01KZ3KHBQS98RJ2FCKRMFN5W2Q"", ""source_id"": ""01KZ3KH3HJWDZ3Q79055ZEFRQH""}]",pass,
023-b20260803-r2-0-00089-0-00089-q1,temporal,validation,When did Sam mention he was looking into a paper by Dr. Zhang on consensus algorithms?,February 24th,Balancing performance and fault tolerance is considered the biggest challenge in Sam's research. || Sam completed the section on the impact of different network topologies on performance last week. || Sam finished the section on fault tolerance in distributed systems yesterday. || Sam found that ring networks perform worse under high load compared to mesh networks. || Sam has been refining the algorithm to handle network delays in his thesis. || Sam has read a paper by Dr. Zhang on consensus algorithms. || Sam hopes to submit his thesis by the end of March. || Sam is a graduate student. || Sam is exploring different algorithms and their impact on system reliability for his next chapter. || Sam is writing a thesis on distributed systems. || Sam plans to discuss network partitioning strategies in the next chapter of his thesis. || Sam plans to integrate findings from Dr. Zhang’s paper with his own experiments. || The deadline for Sam's first chapter submission is February 15th.,"[""01KZ3KP19XQ4R4NMDSZ5A8324M"", ""01KZ3KP19T4929XW24JPHVPHE5"", ""01KZ3KP9Z34TVMKR5Q0YW5S368"", ""01KZ3KP19WGSCRQCWY0RYPXNMK"", ""01KZ3KP19RFV7GPWYYN6V903RS"", ""01KZ3KP9Z8S9RN7H5523RDGWDP"", ""01KZ3KP9ZAJYB5ABZZMTWJY1VV"", ""01KZ3KNS2VZ4VE6C51ZGHPTSPB"", ""01KZ3KP9Z7JW62M3CPE6Z2FVA6"", ""01KZ3KNS2XEBZN9BVWV0A0FM52"", ""01KZ3KP9Z5CB61GX07SXN54NS3"", ""01KZ3KP9Z9WRJ4JFCY53YRW03R"", ""01KZ3KP19V0GFBCA053Y30970C""]","[0, 1, 2, 3, 4, 5, 6, 7, 8, 9, 10, 11, 12]","[[""01KZ3KNS6CZ4075MSFAD9Y5PVQ""], [""01KZ3KNS6BTJPAA2256C14FRK8""], [""01KZ3KP19YT6WF7PF1Q34492CR""], [""01KZ3KNS6BY7NT4RK91PFX07SN""], [""01KZ3KNS6A5N8XXT38JNBY8KMV""], [""01KZ3KP19ZA1YKW71CKC0JAVD0""], [""01KZ3KP19ZWWDGAEXTNB38P2RW""], [""01KZ3KNPPY9QD28ZJZNFCYK3SQ""], [""01KZ3KP19YB0YY99FZE85Y6AZH""], [""01KZ3KNPPY9QD28ZJZNFCYK3SQ""], [""01KZ3KP19Y3M0MMNXTE06YBYPF""], [""01KZ3KP19ZA1YKW71CKC0JAVD0""], [""01KZ3KNS6B1SC50XZVDTSC8AYZ""]]","{""entities"": [""Dr"", ""Sam"", ""Zhang""], ""time_constraints"": [], ""operands"": [], ""list_cardinality"": {""known"": false, ""count"": 0}, ""update_state"": """", ""gap"": {""kind"": ""entity"", ""entity"": ""Dr"", ""start"": null, ""end"": null, ""operand"": """", ""source_need"": ""entity:Dr""}}",[],pass,
023-b20260803-r2-0-00002-0-00002-q1,temporal,validation,When did Dana start her HomeNet project?,March 2024,Dana encountered issues with network configuration after getting the server. || Dana expects to complete the installation of security software by the end of June 19th. || Dana intends to install security software after the network is stable. || Dana is a software engineer. || Dana is checking /etc/resolv.conf for DNS resolution issues. || Dana is planning to finish the home-lab project's core functionality by 2026-01-31. || Dana planned to add a new server by June 15th. || Dana plans to add new Raspberry Pi models and expand the network setup for the home-lab project. || Dana plans to check the router settings to resolve network issues. || Dana plans to start working on integrating more IoT devices for the home-lab project around mid-February 2026. || Dana's manager expressed excitement about integrating more IoT devices into the home-lab project. || Dana's project is called 'HomeNet'. || Dana started the HomeNet project in March 2024.,"[""01KZ3GJQR66ZQGWD8W0ZJJSV04"", ""01KZ3GJQRAVTSQEAGWM27S4NE1"", ""01KZ3GJQR9V38P08EHXN9B4NCJ"", ""01KZ3GJ5E4W305NSX04CST38PT"", ""01KZ3GJQR7GGJ3TBCQJFCXZRHR"", ""01KZ3GJEM2ZVTVYHYCWFEFAXP4"", ""01KZ3GJQR4QSQ1RC0EB0J7TCHW"", ""01KZ3GJEM4GAV8VVC9PV1YCA96"", ""01KZ3GJQR84XCRMMB25FT63NA1"", ""01KZ3GJEM7T5KACYBCC56WJ2PC"", ""01KZ3GJEM51GVQH59DK12AGSE4"", ""01KZ3GJ5E52M265EVNB9SBBJ6M"", ""01KZ3GJ5E6Z3088WR2F20AF9EG""]","[0, 1, 2, 3, 4, 5, 6, 7, 8, 9, 10, 11, 12]","[[""01KZ3GJEM8YTTHX3YK4DYSNZ7W""], [""01KZ3GJEM9WB7C0HC5FX228MSW""], [""01KZ3GJEM9C38S8P73PG271PTF""], [""01KZ3GJ01DM3T5JTX1NQ486ENG""], [""01KZ3GJEM85FQ6R9VQ1MEVG0WJ""], [""01KZ3GJ5E81Q7F06866SQ67AND""], [""01KZ3GJEM8ZAPPVX3B6K4D34HN""], [""01KZ3GJ5E9TTWFRRF62NVCQ2S7""], [""01KZ3GJEM9VQ3MP98VQ1YEJKK1""], [""01KZ3GJ5E9FKA7RWZCHRRJ5G0R""], [""01KZ3GJ5E90N20G0E8EC2HGXWH""], [""01KZ3GJ01EWZCVXV123VMF9KN4""], [""01KZ3GJ01ETMFE3PG8D1M8DBX5""]]","{""entities"": [""Dana"", ""HomeNet""], ""time_constraints"": [], ""operands"": [], ""list_cardinality"": {""known"": false, ""count"": 0}, ""update_state"": """", ""gap"": null}","[{""kind"": ""KEEP"", ""candidate_id"": ""01KZ3GJ5E6Z3088WR2F20AF9EG"", ""source_id"": ""01KZ3GJ01ETMFE3PG8D1M8DBX5""}]",pass,
023-b20260803-r2-0-00124-0-00124-q1,temporal,validation,When did Sam plan to have his first draft ready for his thesis on distributed systems?,By the end of April.,"Sam plans to include detailed results from the scalability tests in the chapter on distributed algorithms in his thesis next week. || Increasing the number of nodes from 50 to 100 improved throughput by 20%. || Sam believes the findings highlight the need for optimizing both throughput and latency simultaneously. || Sam completed a chapter on the performance benchmarks of his distributed system model last week. || Sam has been running simulations to test the scalability of the system with positive results. || Sam implemented a new algorithm that reduces communication overhead significantly, improving performance. || Sam intends to gather more data points to validate the improvements during the next phase of testing. || Sam is evaluating the system's scalability using response time, throughput, memory usage, and network latency as key metrics. || Sam is working on a thesis about the impact of different synchronization techniques in distributed databases. || Sam observed reduced network latency with a new algorithm after optimizing data flow. || Sam plans to explore fault tolerance mechanisms next due to the increasing complexity of distributed systems. || Sam plans to test the optimized algorithm under more realistic conditions, such as varying network loads, starting next week. || Sam's optimized algorithm aligns with his original hypotheses. || Sam will document every step meticulously for his thesis. || Scaling up to 100 nodes resulted in a slight increase in latency, but it was within acceptable limits.","[""01KZ3MXDCKP6DM2QXJBC2MCGD8"", ""01KZ3MXMS4DJDMFC06G792HNKG"", ""01KZ3MXMS6YANZZFRBX1AYBSST"", ""01KZ3MXMS0FQH0B3CGERBEMTQ2"", ""01KZ3MXDCF6E5SN4597JHQKT46"", ""01KZ3MXDCKH8Z89Q38SXBAA89S"", ""01KZ3MX4SV9905Z0Z3Y60VGPZK"", ""01KZ3MXDCH59YRJ1F34MYTS763"", ""01KZ3MWTG0Y42SSXJE6PGE4TYJ"", ""01KZ3MX4SQSMBRYM1GV5Q4RF16"", ""01KZ3MXMS7AEVNXWJWY7QFVK22"", ""01KZ3MX4SV3GXC2GN8CD90G0X3"", ""01KZ3MX4SSBZ8RFTF2G7M2XMDM"", ""01KZ3MX4SWCN23899C0PZ4136D"", ""01KZ3MXMS5S2VAGXVV8D1ZWBKX""]","[0, 1, 2, 3, 4, 5, 6, 7, 8, 9, 10, 11, 12, 13, 14]","[[""01KZ3MX4SYXA45J066HGFK5AR3""], [""01KZ3MXDCM2THRP5XXE3A934Q3""], [""01KZ3MXDCNSH80N35TFJT2ZH3Y""], [""01KZ3MXDCM2THRP5XXE3A934Q3""], [""01KZ3MX4SXM7HPVNB5GRK5PGZ1""], [""01KZ3MX4SX8EGJSETR9Q7GMA30""], [""01KZ3MWTGDD83DKB9BJD76FDT3""], [""01KZ3MX4SXYZSQYDF33H3EJ8XK""], [""01KZ3MWGY0WR6AENAQ6NAZ2CNH""], [""01KZ3MWTGBJHTCV3H9YZ0GZ4PF""], [""01KZ3MXDCNY8T9AEW92T0PKKPY""], [""01KZ3MWTGDD83DKB9BJD76FDT3""], [""01KZ3MWTGCPBDJ0TDG9JABFQA2""], [""01KZ3MWTGEF2PVQHK1XTGD38PQ""], [""01KZ3MXDCNNKARNFFXBHMZ5HEH""]]","{""entities"": [""Sam""], ""time_constraints"": [], ""operands"": [], ""list_cardinality"": {""known"": false, ""count"": 0}, ""update_state"": """", ""gap"": {""kind"": ""entity"", ""entity"": ""Sam"", ""start"": null, ""end"": null, ""operand"": """", ""source_need"": ""entity:Sam""}}",[],pass,
023-b20260803-r2-0-00052-0-00052-q1,temporal,validation,When did Alex plan to go on the family trip to Florida?,July 5th to July 10th,"Alex is planning a family trip to the beach in Florida. || Alex booked flights for July 5th and 20th. || Alex confirmed hotel bookings and flight times for the family vacation to Europe. || Alex is ensuring the catering for the mom's birthday party is suitable for her seafood preferences. || Alex is finalizing the itinerary for a family trip to Italy next month. || Alex plans to visit Tokyo Tower during his trip to Japan. || Alex's budget for the trip is limited. || Alex sent a custom-made sake set as a gift to his brother for his birthday. || Alex will try local cuisine during his trip to Japan. || The family includes Alex, his parents, and two kids.","[""01KZ3JC3VGHYAQTGGBTFMRGKSB"", ""01KZ3JCEW70KGDD4ZA817PBBT6"", ""01KZ3JD09W1K5DBSPQHJA45VT3"", ""01KZ3JD5MXBRE89GM4S6CESFAR"", ""01KZ3JD5MTF6EXPP5R2NM4E0RV"", ""01KZ3JCEWAZ4Z9JQRGH031HZ18"", ""01KZ3JC3VP1CYQB6NEP9HVN9NG"", ""01KZ3JCEWDZW2NA2R0W5AMM6JF"", ""01KZ3JCEWBMG9HZDV8DW470YEH"", ""01KZ3JC3VJWV1JPA6HQ2CTVEB1""]","[0, 1, 2, 3, 4, 5, 6, 7, 8, 9]","[[""01KZ3JBS8ZY64QZGFWE14KMPFV""], [""01KZ3JC3VQVY2TVHZT414A8P92""], [""01KZ3JCEWFY3XW2B7M9SGEBGW6""], [""01KZ3JD0A6Y6F04ETSW69RSDN3""], [""01KZ3JD0A52PG96XAN7QZ94G9T""], [""01KZ3JC3VRM399BTK1DG6YZ6M2""], [""01KZ3JBS910HAMJE60SW5GFPQ6""], [""01KZ3JC3VRKYAMJM6DPQBFHQYM""], [""01KZ3JC3VRM399BTK1DG6YZ6M2""], [""01KZ3JBS8ZY64QZGFWE14KMPFV""]]","{""entities"": [""Alex"", ""Florida""], ""time_constraints"": [], ""operands"": [], ""list_cardinality"": {""known"": false, ""count"": 0}, ""update_state"": """", ""gap"": {""kind"": ""entity"", ""entity"": ""Alex"", ""start"": null, ""end"": null, ""operand"": """", ""source_need"": ""entity:Alex""}}",[],pass,
023-b20260803-r2-0-00008-0-00008-q1,temporal,validation,When was the final beta testing for QuickSync scheduled to start?,June 25th,Priya is working on the launch of a new software feature called 'QuickSync'.,"[""01KZ3GS59MCTBZV713V26JWED5""]",[0],"[[""01KZ3GRWPDC2CCERBWQ131HKMJ""]]","{""entities"": [""QuickSync""], ""time_constraints"": [], ""operands"": [], ""list_cardinality"": {""known"": false, ""count"": 0}, ""update_state"": """", ""gap"": {""kind"": ""entity"", ""entity"": ""QuickSync"", ""start"": null, ""end"": null, ""operand"": """", ""source_need"": ""entity:QuickSync""}}",[],pass,
023-b20260803-r2-0-00171-0-00171-q1,temporal,validation,When did the team finish the last round of user testing for EcoPack?,March 27th,EcoPack is launching on 2026-06-15 || The team finished the last round of user testing on 2026-03-16.,"[""01KZ3PMXD35SFJQ8Y5QMMAPBPQ"", ""01KZ3PN857MAX8B73V3GD18HGV""]","[0, 1]","[[""01KZ3PMKDC11AT20CAWYHJBRWV"", ""01KZ3PMKDCNYKSVV6GZ04HCPGQ""], [""01KZ3PN5YAJ2SH1GSNB083WP2X""]]","{""entities"": [""EcoPack""], ""time_constraints"": [], ""operands"": [], ""list_cardinality"": {""known"": false, ""count"": 0}, ""update_state"": """", ""gap"": null}","[{""kind"": ""KEEP"", ""candidate_id"": ""01KZ3PN857MAX8B73V3GD18HGV"", ""source_id"": ""01KZ3PN5YAJ2SH1GSNB083WP2X""}]",fail,KEEP 01KZ3PN857MAX8B73V3GD18HGV 给出 March 16th，与 gold 的 March 27th 冲突。
023-b20260803-r2-0-00041-0-00041-q1,temporal,validation,When did Dana start her home-lab project?,2024,"Dana added a new server, a Raspberry Pi 4 with 8GB of RAM, for running additional tests. || Dana added two new routers to her home-lab network last month to optimize its speed. || Dana aims to integrate the new machine learning model by the end of June 2026. || Dana encountered issues with the compatibility of the new model with the existing framework during the update. || Dana encountered latency issues with certain applications during the initial setup of her new routers. || Dana expects her new SSD to arrive in the next couple of days. || Dana has been tweaking firewall rules to better protect against DDoS attacks on the network security system. || Dana hopes to have her network setup fine-tuned by next week. || Dana is planning to set up a continuous integration/continuous deployment pipeline for the project. || Dana is purchasing a new SSD to expand her home-lab's storage capacity this month. || Dana plans to seek help from tech friends online if she doesn't resolve the latency issues by next week. || Dana plans to use the new server for testing a new virtualization setup, running containers and comparing performance to existing virtual machines. || Dana resolved the compatibility issue by modifying the framework’s configuration files. || Dana's home-lab consists of three servers: one for development, one for testing, and one for production. || Dana started her home-lab project in 2024. || Dana updated the data preprocessing pipeline to handle larger datasets more efficiently. || Dana updated the database schema to include more detailed logging for troubleshooting purposes. || Dana uses Docker, Kubernetes, and Jenkins in her home-lab. || Dana wants to improve her knowledge of security best practices and integrate machine learning tools for automation in her home-lab. || Dana will start installing her new SSD after it arrives. || Dana will start setting up the new virtualization setup by the end of next week. || Managing the load between the servers during peak testing periods is a challenge for Dana. || Their next meeting to discuss the home-lab project is scheduled for February 22, 2026.","[""01KZ3HZE4ZT9J0FBSSWSZZ4Q8J"", ""01KZ3HZ2HPSBB7GVRW93GPFE07"", ""01KZ3HYKJYZ4C33Z4W2AA2K1BS"", ""01KZ3HYKK0PTBWS289R82X038G"", ""01KZ3HZ2HRPAF1D8V9QGWWBC2V"", ""01KZ3HZ2HYA1MVB1532KRVBTCQ"", ""01KZ3HZE4XD85MWNWD61TP7XD6"", ""01KZ3HZ2HTZ8CYV52TG5QWD82Z"", ""01KZ3HYKK2FCA8BJR8GKEEBF7Z"", ""01KZ3HZ2HWP19KTZ2THJX62HDA"", ""01KZ3HZ2HW4YZ73Q24SNX8DCN3"", ""01KZ3HZE5014EJGQRJJ4E2ERH2"", ""01KZ3HYKK1C3X5SBW6GFEVW4B4"", ""01KZ3HY90H0SH2CC0T0EGAX9EX"", ""01KZ3HY90EA19W0WB6VV7DA45H"", ""01KZ3HYKJV95QWFXDCNHEN93BQ"", ""01KZ3HZE52FNXJETQ342KFGJRV"", ""01KZ3HY90MQKEKK5XWY8BC11M2"", ""01KZ3HY90R81B5A8FZ4EYXM65K"", ""01KZ3HZ2J0F58BS8MV6HHACJFP"", ""01KZ3HZE51H0QXW06AGH6R1QJK"", ""01KZ3HY90PZPNX3NJKQRK0D7VC"", ""01KZ3HY90TW60F0DKGHV728HG1""]","[0, 1, 2, 3, 4, 5, 6, 7, 8, 9, 10, 11, 12, 13, 14, 15, 16, 17, 18, 19, 20, 21, 22]","[[""01KZ3HZ2J3W2M7BN8Y8NWJ47Z4""], [""01KZ3HYKK4RRJ8WZKP4EMR9RDW""], [""01KZ3HY90XSZX1HDM03WEY2KET""], [""01KZ3HY90Y3WTE4H9GY5YRW46V""], [""01KZ3HYKK4RRJ8WZKP4EMR9RDW""], [""01KZ3HYKK5BPFBJD667H9C9NGM""], [""01KZ3HZ2J2P32HBECTM4MM9VGG""], [""01KZ3HYKK4SCTCXZS4V8Y1DNH5""], [""01KZ3HY90Z4P16PXNGK42CS3T3""], [""01KZ3HYKK5BPFBJD667H9C9NGM""], [""01KZ3HYKK4SCTCXZS4V8Y1DNH5""], [""01KZ3HZ2J4MX4PE4ZVZSJQ7WQK""], [""01KZ3HY90YXDQDZ6F2K742TM73""], [""01KZ3HY0AQTB947QG9MKHMZECS""], [""01KZ3HY0AP8FCJANVN7X5J9ENT""], [""01KZ3HY90WK0Y39MZ52HP6XVD4""], [""01KZ3HZ2J52ZCTRKBE8YGJZY9A""], [""01KZ3HY0AQGA4H9T06HYXC7Q0S""], [""01KZ3HY0AR016DDZ8Z52WVHDXM""], [""01KZ3HYKK5BPFBJD667H9C9NGM""], [""01KZ3HZ2J43DSN11SMD1GMTSN8""], [""01KZ3HY0ARGJ1FGEJZYJ2PFGNV""], [""01KZ3HY0ARPFX6HA8DN4MYDXMQ""]]","{""entities"": [""Dana""], ""time_constraints"": [], ""operands"": [], ""list_cardinality"": {""known"": false, ""count"": 0}, ""update_state"": """", ""gap"": null}","[{""kind"": ""KEEP"", ""candidate_id"": ""01KZ3HY90EA19W0WB6VV7DA45H"", ""source_id"": ""01KZ3HY0AP8FCJANVN7X5J9ENT""}]",pass,
023-b20260803-r2-0-00083-0-00083-q1,temporal,validation,When did Sam finish his literature review for the thesis?,Last week,"Sam aims to finish the methodology section by the end of this month. || Sam decided to compare three main distributed system architectures: client-server, peer-to-peer, and hybrid. || Sam finished the literature review last week. || Sam has been focusing on a chapter about consensus algorithms for his thesis. || Sam implemented a new protocol that reduces the number of messages needed by almost 20% for the Paxos algorithm. || Sam is considering integrating the new protocol with other consensus algorithms like Raft. || Sam is currently focusing on the methodology section of the thesis. || Sam is working on the chapter about distributed databases for his thesis. || Sam plans to start collecting data for experiments after finishing the methodology section. || Sam plans to wrap up the current chapter by the end of this month. || Sam's thesis topic is about the impact of renewable energy policies on local economies. || Sam tested the new protocol under various network scenarios—high latency, low bandwidth, and high packet loss. || Sam will then start on the section about fault tolerance in distributed systems. || The preliminary setup for Sam's experiments is complete.","[""01KZ3KFE7H2V73K24M8E6Y1FDX"", ""01KZ3KFE7GR4SJ8C3814SXMFQA"", ""01KZ3KFE7E97EWCV2N2N48X0SZ"", ""01KZ3KFR6HB3NQYXCM1G1CNZJT"", ""01KZ3KFR6KKNRRSSRVMT8XQG2X"", ""01KZ3KFR6PF088HZ56WCNJVNCS"", ""01KZ3KFE7FMDZJN9NZ2CK1FENX"", ""01KZ3KF23Y54AVVE55G1RZDFZQ"", ""01KZ3KFE7H3HGBYGCRY1BDMSQC"", ""01KZ3KFR6R4P4ZE4CXPG2Q7R1J"", ""01KZ3KETDXYP1RTCCFM1CMHHBX"", ""01KZ3KFR6NHY5QNQAEKY4W3X7R"", ""01KZ3KFR6RSCQ8SWBR27VW2VWJ"", ""01KZ3KFE7JFAV3F57RQMWPY7S3""]","[0, 1, 2, 3, 4, 5, 6, 7, 8, 9, 10, 11, 12, 13]","[[""01KZ3KF246JSJJG8HJ6CED8CA6""], [""01KZ3KF246JSJJG8HJ6CED8CA6""], [""01KZ3KF2462YVH79RBDGPFQ0GZ""], [""01KZ3KFE7JXHX8BD2CFNR5J0J8""], [""01KZ3KFE7KEJHWDC4V9T1C95QP""], [""01KZ3KFE7M0BCMT3FVM4J40G0X""], [""01KZ3KF2462YVH79RBDGPFQ0GZ""], [""01KZ3KETDY2H971D07J81GE3FG""], [""01KZ3KF246JSJJG8HJ6CED8CA6""], [""01KZ3KFE7MXGEQHX66HNN21AEK""], [""01KZ3KES5DV8H3F0H2C98MTATJ""], [""01KZ3KFE7KX74EAV853GYJ0R3K""], [""01KZ3KFE7MXGEQHX66HNN21AEK""], [""01KZ3KF247P36QKMBFF44FN9KT""]]","{""entities"": [""Sam""], ""time_constraints"": [], ""operands"": [], ""list_cardinality"": {""known"": false, ""count"": 0}, ""update_state"": """", ""gap"": null}","[{""kind"": ""KEEP"", ""candidate_id"": ""01KZ3KFE7E97EWCV2N2N48X0SZ"", ""source_id"": ""01KZ3KF2462YVH79RBDGPFQ0GZ""}, {""kind"": ""KEEP"", ""candidate_id"": ""01KZ3KFE7FMDZJN9NZ2CK1FENX"", ""source_id"": ""01KZ3KF2462YVH79RBDGPFQ0GZ""}]",pass,
023-b20260803-r2-0-00038-0-00038-q1,temporal,validation,When did Sam aim to have preliminary findings ready for his thesis?,Sam aimed to have preliminary findings ready by mid-June.,"Sam considered including real-world examples like Raft and Practical Byzantine Fault Tolerance in his thesis. || Sam plans to finalize the Paxos algorithm section of his thesis by March 1st. || Sam started researching case studies for his thesis. || Dr. Johnson agreed to review Sam's thesis draft by February 28th. || Sam encountered difficulties with the simulation tools for his thesis. || Sam found a promising open-source library called Scalib for large-scale simulations. || Sam is focusing on the scalability aspects of his thesis. || Sam is working on a thesis about the impact of consensus algorithms in blockchain networks. || Sam plans to extend his work by exploring the impact of different node configurations on system performance. || Sam's advisor suggested using open-source and commercial tools to address the scalability issues. || Testing the Scalib library has shown significant improvements in running simulations with over 10,000 nodes.","[""01KZ3HV3TGDMGPFKJT09CE4XA4"", ""01KZ3HV3T7KAS3WX3STW5RD2XC"", ""01KZ3HV3TE45KZ4QRQPBAYX3E8"", ""01KZ3HV3TBBH11K6A2CWQEBBYQ"", ""01KZ3HVZJZXCDRY07N7ES08ZR3"", ""01KZ3HVZK2GHP8NE9QGN2G0WJV"", ""01KZ3HVZJYN8PT98PJVDA76HH5"", ""01KZ3HTV3CS2C93RSCSQ30CFQ9"", ""01KZ3HVZK4J52SV6JRKQ2Q5B10"", ""01KZ3HVZK1P7AJC43T4PN68B62"", ""01KZ3HVZK3Z7NMVW46BHD60HW7""]","[0, 1, 2, 3, 4, 5, 6, 7, 8, 9, 10]","[[""01KZ3HTV3JJE6CK2WDZ16PC28V""], [""01KZ3HTV3H8DENSYMD023FBYZS"", ""01KZ3HTV3JAZ144REDVKFGXVCR""], [""01KZ3HTV3JVMDQGRC5D0FJJKW2""], [""01KZ3HTV3JAZ144REDVKFGXVCR"", ""01KZ3HTV3JNF5DGMTMCZ03S520""], [""01KZ3HVJNTNHZ78PP3SGE43HY5""], [""01KZ3HVJNVXYEKF6PCSVE7PNY0""], [""01KZ3HVJNT5MEJQMBCV7GRCHEJ""], [""01KZ3HTJ7C36A17RSDZKKEKH0P""], [""01KZ3HVJNWHZ8Z6S3HRYRGVKFB""], [""01KZ3HVJNTDAEGC8VJKGXP93E2""], [""01KZ3HVJNVQPAFJYQXNTA3W0TE"", ""01KZ3HVJNVXH3AMR8GZD04DNGN""]]","{""entities"": [""Sam""], ""time_constraints"": [], ""operands"": [], ""list_cardinality"": {""known"": false, ""count"": 0}, ""update_state"": """", ""gap"": {""kind"": ""entity"", ""entity"": ""Sam"", ""start"": null, ""end"": null, ""operand"": """", ""source_need"": ""entity:Sam""}}",[],pass,
023-b20260803-r2-0-00095-0-00095-q1,temporal,validation,When did Dana start her home-lab project?,Dana started her home-lab project about a year ago.,Dana added a column for code reviews in Trello to improve workflow. || Dana added a new GPU for rendering tasks and an SSD for faster storage access to her home-lab's server. || Dana added a second access point to improve Wi-Fi coverage. || Dana chose the new hardware to better handle database loads and support more virtual machines. || Dana considered trying mesh systems for better Wi-Fi coverage. || Dana faced challenges with the Wi-Fi range in her home-lab project and upgraded the router. || Dana has implemented a new feature for remote monitoring and will have a beta version ready by the end of the week. || Dana is a software engineer working on a mini data center in her garage. || Dana is considering adding more servers for redundancy and scalability to her home-lab. || Dana is considering implementing encryption for the data at rest due to data sensitivity. || Dana might look into getting a faster switch and a separate network segment for critical services to upgrade her network infrastructure. || Dana plans to start the network upgrades over the weekend next week. || Dana reduced the server load time by about 30%. || Dana’s team is staying motivated and they are close to finishing the next phase of the project. || Dana upgraded the server hardware to the latest model on or after 2026-04-15. || Dana uses Trello for project task management and tracking. || Dana will run load tests using the same scripts with a larger dataset to simulate real-world usage. || The assistant advised Dana to implement encryption for the data at rest to enhance security and compliance.,"[""01KZ3KWYT09Z1ME6VGTET2ZZNN"", ""01KZ3KW7YD7QPJ3DJ6BKV28JFZ"", ""01KZ3KWYSXGFFNW1FSAE80NEP1"", ""01KZ3KWJ3P0SDT36BWSHDQPSFR"", ""01KZ3KWYSY0TGBRE73J8RBFKX0"", ""01KZ3KWYSTHQP6ZSTHP19APHET"", ""01KZ3KWJ3SCZ9KTB916PK7PB5T"", ""01KZ3KVZAV200PNQW99XTE1YKW"", ""01KZ3KW7YF9PTP90D0AD1JY7GS"", ""01KZ3KWJ3VVWMMY4AG7VQCXAZS"", ""01KZ3KW7YH15JE239P7RWP7A0P"", ""01KZ3KW7YJYGBKPNCMFFT75QYT"", ""01KZ3KW7YA7K5QYJXD3NMX9K8B"", ""01KZ3KWYT18VRK7BJV2XQGNR9Y"", ""01KZ3KWJ3NW8ZHP0R5JN47SR1M"", ""01KZ3KWYSZ6M0W8V6NWSPTY0Z4"", ""01KZ3KWJ3R9NZENHE7F4MQ03KZ"", ""01KZ3KWJ3WC4N2H8XR6X6977NW""]","[0, 1, 2, 3, 4, 5, 6, 7, 8, 9, 10, 11, 12, 13, 14, 15, 16, 17]","[[""01KZ3KWJ3YXWZ20GBWED1RADKK""], [""01KZ3KVZB4R4PEN5ANR1ZFNT23""], [""01KZ3KWJ3YY8W4V3157VSRBAVM""], [""01KZ3KW7YM0KZZTAHG1DGMZPR1""], [""01KZ3KWJ3YY8W4V3157VSRBAVM""], [""01KZ3KWJ3XCEWGXBYDHEM4AJGR""], [""01KZ3KW7YPD4APP0535T8Z429Z""], [""01KZ3KVPTTW95603YF4BNT17P6""], [""01KZ3KVZB4R4PEN5ANR1ZFNT23""], [""01KZ3KW7YQ5C9FGT51N8DC2PSZ""], [""01KZ3KVZB4R4PEN5ANR1ZFNT23""], [""01KZ3KVZB5AC1CDMN2T5QVV20D""], [""01KZ3KVZB4R4PEN5ANR1ZFNT23""], [""01KZ3KWJ3ZHK5ZXES4E5TMYG0J""], [""01KZ3KW7YM3WR6DHDPZZ5SYCP7""], [""01KZ3KWJ3YXWZ20GBWED1RADKK""], [""01KZ3KW7YNFZ508BV2CZQDDXV4""], [""01KZ3KW7YQ5C9FGT51N8DC2PSZ""]]","{""entities"": [""Dana""], ""time_constraints"": [], ""operands"": [], ""list_cardinality"": {""known"": false, ""count"": 0}, ""update_state"": """", ""gap"": null}","[{""kind"": ""KEEP"", ""candidate_id"": ""01KZ3KWYSTHQP6ZSTHP19APHET"", ""source_id"": ""01KZ3KWJ3XCEWGXBYDHEM4AJGR""}]",fail,KEEP 01KZ3KWYSTHQP6ZSTHP19APHET 不含项目约一年前开始的信息。
023-b20260803-r2-0-00184-0-00184-q1,temporal,validation,When did Mei confirm a big group booking?,January 12th,"Blue Sea Foods has provided satisfactory service since switching suppliers. || Mei confirmed a big group booking for Friday, January 12th. || Mei got a new booking for July 15th from a group of 12. || Mei is considering contacting the local fishmonger as a backup supplier. || Mei is planning to introduce a new vegetarian dish next week. || Mei mentioned they had a busy weekend with the new menu. || Mei needs to find an alternative supplier due to the seafood delay. || Mei needs to secure some tables for a wedding reception on August 1st. || Mei needs to switch vegetable suppliers before the end of June. || Mei plans to finalize the new menu items this week, including vegetarian options. || Mei prefers organic and locally sourced vegetables for her restaurant. || Mei received a big booking for a corporate event on July 15th. || Mei’s supplier for the seafood has been experiencing delays. || Mei switched to a new supplier, Blue Sea Foods, due to an issue with fish last month.","[""01KZ3Q33XYTS35C9CK9B2ETVCW"", ""01KZ3Q33XTR5S90EMB5ENSP13H"", ""01KZ3Q2XKVG2RMNZA33CTKMQYV"", ""01KZ3Q3D8Q5ZPXTDBTC3RQGT8G"", ""01KZ3Q33XZN94NKQYFQ3W9TAE9"", ""01KZ3Q3K6PW2PKFHHKDYKVSSY4"", ""01KZ3Q3D8PBMJGV0VZPZMGZPGE"", ""01KZ3Q2XKX1TC373SN55539SX0"", ""01KZ3Q2XKZ2XBA8QBNBQMFKP6K"", ""01KZ3Q3D8R031MXJEQEDDP9F1P"", ""01KZ3Q2XKY8QVQ83DZD6ASAF3G"", ""01KZ3Q3D8JXGFMEK43B0GZ0TR3"", ""01KZ3Q3D8M76WR6AZDJ4B889AW"", ""01KZ3Q33XW4ADP1AB49DWTK8Z2""]","[0, 1, 2, 3, 4, 5, 6, 7, 8, 9, 10, 11, 12, 13]","[[""01KZ3Q2XM1668XM9HMK5Q2Z26P"", ""01KZ3Q2XM1MAHWERSJMRD9YV2C""], [""01KZ3Q2XM0B5PWGW1DFNCV76DD""], [""01KZ3Q2Q4C2EQZ5KDDTCRPH4GY""], [""01KZ3Q33Y1916ZQTA4SC0FHWJA""], [""01KZ3Q2XM1M1FQK3VW1WB4QY6S""], [""01KZ3Q3D8SX56Y0ZKDDDMA66YW""], [""01KZ3Q33Y0M2NG6YZR0DHR8KW1""], [""01KZ3Q2Q4DVXEA754N7KKK354S""], [""01KZ3Q2Q4E7T4CN8GJC2CBDHKN"", ""01KZ3Q2Q4EDTPAC3JQ4YY2A86F""], [""01KZ3Q33Y12P5T6YC1EXZNSH2Z""], [""01KZ3Q2Q4DQN4NH98R73KYMT31""], [""01KZ3Q33Y09APT2TRXEA9NNG68""], [""01KZ3Q33Y05HTYRYE2AM2W87YE""], [""01KZ3Q2XM067MC1TZD47KWNFZ2""]]","{""entities"": [""Mei""], ""time_constraints"": [], ""operands"": [], ""list_cardinality"": {""known"": false, ""count"": 0}, ""update_state"": """", ""gap"": null}","[{""kind"": ""KEEP"", ""candidate_id"": ""01KZ3Q33XTR5S90EMB5ENSP13H"", ""source_id"": ""01KZ3Q2XM0B5PWGW1DFNCV76DD""}]",pass,
023-b20260803-r2-0-00173-0-00173-q1,temporal,validation,When are you planning to go on the trip to Paris?,July 15th to July 22nd,Alex finalized the family trip dates for July 15th to July 22nd.,"[""01KZ3PQ8FVY2VZJDZ7GMZHAMBM""]",[0],"[[""01KZ3PPZRETSHVDZM9RKP89QWV""]]","{""entities"": [""Paris""], ""time_constraints"": [], ""operands"": [], ""list_cardinality"": {""known"": false, ""count"": 0}, ""update_state"": """", ""gap"": null}","[{""kind"": ""KEEP"", ""candidate_id"": ""01KZ3PQ8FVY2VZJDZ7GMZHAMBM"", ""source_id"": ""01KZ3PPZRETSHVDZM9RKP89QWV""}]",pass,
023-b20260803-r2-0-00176-0-00176-q1,temporal,validation,When did Mei book a table for the CEO of EcoTech Solutions?,April 15th,Chef Lee will provide catering for the Johnson family's wedding. || Mei chose GreenThumb Florists as the new supplier for flowers for the Johnson family's wedding. || Mei finalized the booking for the Johnson family's wedding next month. || Mei had a big event last month at her restaurant. || Mei is considering a new bakery downtown for Valentine’s Day desserts. || Mei is planning a corporate dinner for a tech company next week at her restaurant. || Mei is planning a special menu for Valentine’s Day this year. || Mei needs to order flowers and fancy desserts for Valentine’s Day. || Mei owns a restaurant called 'Flavors of the World' in downtown. || Mei plans to expand her vegetable supplier to include more fruits next month. || Mei received a few cancellations due to the winter storm for Valentine’s Day. || Mei switched to a new supplier for organic vegetables last week. || Mei works with Chef’s Choice for the main courses at the upcoming corporate dinner. || Mei works with Sweet Treats for desserts at the upcoming corporate dinner. || The menu for the reception is still being worked on for the Johnson family's wedding. || The supplier meeting with the new flower supplier and the caterer went well. || The upcoming corporate dinner will feature a mix of Asian and Western dishes.,"[""01KZ3PVBZ17CMWB45JPK35M3R7"", ""01KZ3PVBZ201YV5BKHDTQG6PXR"", ""01KZ3PVBYZ17RJX40Q14XJJB0C"", ""01KZ3PTH9D0WBZ1820PMY7S3W9"", ""01KZ3PTTK54KYMXEDP80EC0KNR"", ""01KZ3PTH9F74W6SR97S3Y0GAZX"", ""01KZ3PTTK24WQCPCAP7SP9JW1H"", ""01KZ3PTTK4GXMT40Q31YJ2DJ15"", ""01KZ3PTH9BB1AXPFR3CEQ7Y10Z"", ""01KZ3PTTK17C5RP7X2FH1GF8GT"", ""01KZ3PTTK7QB0JYWNHQBHYW01T"", ""01KZ3PTTJYCTQ6QBAA189G28DR"", ""01KZ3PTH9HCFW3PYNPS8D2T4HT"", ""01KZ3PTH9JSVGGGVM59F640E49"", ""01KZ3PVBZ41H6JZFAGGM2CVQTN"", ""01KZ3PVBZ3JGJ7NKN3YXZNM34Z"", ""01KZ3PTH9GGFWPKACTJ4W919Z2""]","[0, 1, 2, 3, 4, 5, 6, 7, 8, 9, 10, 11, 12, 13, 14, 15, 16]","[[""01KZ3PV3YF6KDRX6Y8YGWJV583""], [""01KZ3PV3YFNTQFNSRVX8K2W343""], [""01KZ3PV3YF6KDRX6Y8YGWJV583""], [""01KZ3PT3SGXXVSHPWWFCSDDCKX""], [""01KZ3PTH9NNA165V2MQSNH934S""], [""01KZ3PT3SGXXVSHPWWFCSDDCKX""], [""01KZ3PTH9N5Q9G7A6GF07EYG8S""], [""01KZ3PTH9NC12X357AKJ5TXGMC""], [""01KZ3PT3SFN2TEK480D3T4SV3M""], [""01KZ3PTH9NP8MYSNMJGFTZRV12""], [""01KZ3PTH9PHAMPJESC5QNP5WGN""], [""01KZ3PTH9MAY2SN6YF7BGFTSCV""], [""01KZ3PT3SHB8VZX54Y3YYCCDAQ""], [""01KZ3PT3SHB8VZX54Y3YYCCDAQ""], [""01KZ3PV3YGW1PXP2JA5915B4AH""], [""01KZ3PV3YGTK0T9J1RMVZE7GKA""], [""01KZ3PT3SGYTYD5ZRYVVN38DTN""]]","{""entities"": [""CEO"", ""EcoTech"", ""Mei"", ""Solutions""], ""time_constraints"": [], ""operands"": [], ""list_cardinality"": {""known"": false, ""count"": 0}, ""update_state"": """", ""gap"": {""kind"": ""entity"", ""entity"": ""CEO"", ""start"": null, ""end"": null, ""operand"": """", ""source_need"": ""entity:CEO""}}",[],pass,
023-b20260803-r2-0-00160-0-00160-q1,temporal,validation,When did Dana start the project to add a new server to her home lab?,March 2025,Dana added a new Raspberry Pi to her network on 2023-05-15. || Dana installed a new OS on her home-lab server but encountered network configuration issues. || Dana is excited about testing machine learning models on the new setup. || Dana is using an external USB drive for backup solutions. || Dana needs to prepare a presentation on her home-lab project for the following week. || Dana plans to finish upgrading the network setup by the end of July 2026. || Dana plans to have the backup solution ready by the end of this week. || Dana started the home-lab project in March 2025. || Dana suspects the network issue on her home-lab server might be due to a DNS problem. || Dana updated the firewall rules on her Raspberry Pi yesterday.,"[""01KZ3P7D76AVVFP5Q3G2Y7M2CS"", ""01KZ3P77CBK4K7BKVPCE08PQ2G"", ""01KZ3P7PDGRPS9RXJ6YGXXMFJ0"", ""01KZ3P7D7909J9PNNN8JSFMR5G"", ""01KZ3P77CGB4PZQ0P06HXWFKN4"", ""01KZ3P7PDE9QDKMQMT874WVZT5"", ""01KZ3P7D7AJPE4AQN916P63HWK"", ""01KZ3P7PD60SQ1V321JPQK1HKE"", ""01KZ3P77CDTKGZTJDQK1RZ1MGX"", ""01KZ3P7D78BBN3BY40GVYCEMPS""]","[0, 1, 2, 3, 4, 5, 6, 7, 8, 9]","[[""01KZ3P77CJPS13Q7X494GJ0K6E""], [""01KZ3P70KD4A74QSWCR13AGJTB""], [""01KZ3P7D7C1E8N4M2G39MXF7K6""], [""01KZ3P77CM1W1GBB7YHPPJMGES""], [""01KZ3P70KEVNJWJVEDR566Z60Z""], [""01KZ3P7D7CMSE13Q2KR3Y2HPNW""], [""01KZ3P77CM1W1GBB7YHPPJMGES""], [""01KZ3P7D7BBYP0JEGTYQWDNJEZ""], [""01KZ3P70KDWJNWJVEQ5DGBMBGP""], [""01KZ3P77CK4JCG7WVFP4V7JZHY""]]","{""entities"": [""Dana""], ""time_constraints"": [], ""operands"": [], ""list_cardinality"": {""known"": false, ""count"": 0}, ""update_state"": """", ""gap"": null}","[{""kind"": ""KEEP"", ""candidate_id"": ""01KZ3P7PD60SQ1V321JPQK1HKE"", ""source_id"": ""01KZ3P7D7BBYP0JEGTYQWDNJEZ""}]",pass,
023-b20260803-r2-0-00091-0-00091-q1,temporal,validation,When did Dana mention she finished setting up the first server for her home-lab project?,2025-09-15,Dana added two new servers to her home-lab last week. || Dana and a friend plan to start a side project on an IoT system for monitoring home energy usage next week. || Dana finished setting up a new server for additional storage capacity on 2026-01-14. || Dana got the first server online in September 2025. || Dana has a home-lab project. || Dana has been working on integrating a new server into her network since 2026-04-19. || Dana is a software engineer. || Dana is considering upgrading to a faster internet plan to address the bandwidth issue. || Dana is facing a bandwidth bottleneck while integrating the new server. || Dana is planning to check for configuration tweaks before upgrading the internet plan. || Dana plans to implement two-factor authentication next week. || Dana plans to integrate the new servers by the end of May 2026. || Dana plans to start working on the data backup system this weekend. || Dana started using a new monitoring tool to manage her home-lab project. || Dana updated firewall rules yesterday to better secure the network. || Dana wants to set up the new servers for a distributed database system and machine learning experiments. || Feedback from the beta testers of Dana’s home-lab setup was generally positive. || The home-lab project was discussed initially on 2025-09-15.,"[""01KZ3KRH1X4X2N4ARZHTFXSFKY"", ""01KZ3KRH27XQCG9AC44J6NE56N"", ""01KZ3KR66K7XDZWXRKAPKWPV6W"", ""01KZ3KR66T4EVR0YEQQY2PSVQV"", ""01KZ3KQHM05XR2SMVG45V9VT2S"", ""01KZ3KQS2NJ66E7DW089G5WTK7"", ""01KZ3KQHKYTCM0HZFNS0DQ5Z3P"", ""01KZ3KQS2QJCBR3GETE5T3GG6K"", ""01KZ3KQS2PX097D21KM6KA5TRP"", ""01KZ3KQS2R6D0S0B0RHKPRJWW9"", ""01KZ3KR66XFYX2NNBFQPVFFE82"", ""01KZ3KRH20RNP76A28WYDZJ2HQ"", ""01KZ3KR66ZTQRG6NR4CEG6CFF6"", ""01KZ3KQS2SWNXWAY9HYKP6B8NF"", ""01KZ3KR66WHDMDSGR4ZHEFQRCR"", ""01KZ3KRH224NQ5DHAFNQ34PF9J"", ""01KZ3KRH25BYZFQWAV3HPDGSY3"", ""01KZ3KR66Q41AKCSGY58E1223J""]","[0, 1, 2, 3, 4, 5, 6, 7, 8, 9, 10, 11, 12, 13, 14, 15, 16, 17]","[[""01KZ3KR671Z339WZR98HG9Y8J4""], [""01KZ3KR675D83WMZVA8S1GGFFS""], [""01KZ3KQS2STTRWT43FB93VF6Q9"", ""01KZ3KQS2TAFNTSAV4C8KTN7DJ""], [""01KZ3KQS2TX2YA6PT43MVF9DHA""], [""01KZ3KQEHZB8GPWVHVDWTMB184""], [""01KZ3KQHM26FSW57FYDQ83M7TF""], [""01KZ3KQEHZB8GPWVHVDWTMB184""], [""01KZ3KQHM49ZWVJNE8GVGRRVPT""], [""01KZ3KQHM31B8VZZ36GFT0GNBP""], [""01KZ3KQHM409FHA32XSZ7AKBHS""], [""01KZ3KQS2TVZQ0P2YA594J7PJS""], [""01KZ3KR671Z339WZR98HG9Y8J4""], [""01KZ3KQS2TMRR854C6YJR4N3BC""], [""01KZ3KQHM5A80YHJGSTM2S2MVA""], [""01KZ3KQS2TVZQ0P2YA594J7PJS""], [""01KZ3KR672WDTCA5E86ZWC7YKT""], [""01KZ3KR673JMS2RT8ZHC2ANMBW""], [""01KZ3KQS2TAFNTSAV4C8KTN7DJ"", ""01KZ3KQS2TX2YA6PT43MVF9DHA""]]","{""entities"": [""Dana""], ""time_constraints"": [], ""operands"": [], ""list_cardinality"": {""known"": false, ""count"": 0}, ""update_state"": """", ""gap"": null}","[{""kind"": ""KEEP"", ""candidate_id"": ""01KZ3KR66Q41AKCSGY58E1223J"", ""source_id"": ""01KZ3KQS2TAFNTSAV4C8KTN7DJ""}]",fail,KEEP 01KZ3KR66Q41AKCSGY58E1223J 只给项目首次讨论日期，不证明首台服务器完成设置；应为 gap。
023-b20260803-r2-0-00170-0-00170-q1,temporal,validation,When is Tom's birthday party during the family trip to Japan?,Tom’s birthday party is scheduled to start at 6 PM on June 15th.,The family plans to arrive at the hotel by 4 PM on June 15th to set up for Tom's birthday party. || The family plans to visit a local market before Tom's birthday party. || Tom's birthday falls on June 15th during the family trip to Japan. || The family trip to Japan is from July 15th to 25th. || The family trip to Japan is planned for June 15th. || Tom's birthday party is scheduled to start at 6 PM on June 15th.,"[""01KZ3PMK6JBQ8V3AAX3AV29068"", ""01KZ3PMK6K21YZMQ3EWKDM6THV"", ""01KZ3PMK6GF9M2NC8F8RYGEBXB"", ""01KZ3PKCZ12S433MBQCVSGTH0X"", ""01KZ3PMK6EW0PXJPHJHHCW53K8"", ""01KZ3PMK6HGWR48XRNNV1DT8QZ""]","[0, 1, 2, 3, 4, 5]","[[""01KZ3PM7A0MMPDG3D0R4RZAJAR""], [""01KZ3PM7A069HP3AEVMFJMEDZP""], [""01KZ3PM79ZXH020WWNYGJMF1VM""], [""01KZ3PK304A6WBSPDMG5H69SMG"", ""01KZ3PK304NPF5R3KWZ3ARA39S""], [""01KZ3PM79Z3KEDP67M9N6AN9C6""], [""01KZ3PM79ZWV3MX46TQRAMWNH0""]]","{""entities"": [""Japan"", ""Tom's""], ""time_constraints"": [], ""operands"": [], ""list_cardinality"": {""known"": false, ""count"": 0}, ""update_state"": """", ""gap"": null}","[{""kind"": ""KEEP"", ""candidate_id"": ""01KZ3PMK6GF9M2NC8F8RYGEBXB"", ""source_id"": ""01KZ3PM79ZXH020WWNYGJMF1VM""}]",fail,KEEP 01KZ3PMK6GF9M2NC8F8RYGEBXB 只有生日日期，遗漏 6 PM；应 KEEP 01KZ3PMK6HGWR48XRNNV1DT8QZ。
023-b20260803-r2-0-00177-0-00177-q1,temporal,validation,When did Sam find an algorithm that reduces latency by about 30% in his distributed database tests?,2026-05-04,"Asynchronous replication can lead to better performance but may compromise data consistency. || Sam aims to submit his thesis by 2027-12-31. || Sam conducted additional tests on network latency, finding an average of 50 milliseconds under normal conditions. || Sam finished the chapter on distributed databases. || Sam found a new algorithm that reduces latency by about 30% in their current setup. || Sam has read up on handling packet loss in TCP and UDP. || Sam is currently working on the network protocols section of the thesis. || Sam is exploring how different replication strategies affect data availability and consistency in distributed databases. || Sam is focusing on fault tolerance mechanisms in distributed databases. || Sam is working on his thesis focusing on fault tolerance strategies in distributed systems, particularly Paxos and Raft algorithms. || Sam is working on optimizing network latency in distributed databases for his thesis. || Sam needs more real-world examples to clarify the section on fault tolerance strategies in his thesis. || Sam plans to include the new algorithm as one of the key findings in their thesis. || Sam plans to include the new latency data in the methodology section of the thesis. || Sam plans to research case studies involving Paxos and Raft algorithms in production environments. || Sam ran a series of benchmarks to confirm the improvement in latency. || Sam's advisor wants to review his thesis before the summer break starts next month. || Synchronous replication ensures consistency but can impact availability. || The benchmarks showed consistent results supporting the new algorithm’s effectiveness.","[""01KZ3PVM2NFWFD43D9D431KX1C"", ""01KZ3PVM2M42WSZPZ442DYQQCK"", ""01KZ3PVXZK7B9M8CGK1NKT5GZH"", ""01KZ3PVXZG4HT31RJ2KJFJ9XTG"", ""01KZ3PWEVJ2XW3XN8PA8W067Y6"", ""01KZ3PVXZKVD13WWQP3X0SNPWW"", ""01KZ3PVXZJFH40WTMH8NBJSEY4"", ""01KZ3PVM2JRXH7M3X2DYJJQ21D"", ""01KZ3PVM2G8RNZFEWR2S968A76"", ""01KZ3PW6WKG65KZ87F7SHT735X"", ""01KZ3PWEVG5Y8SGS76WR2XJDY5"", ""01KZ3PW6WPHW5RS36E33H9WVWD"", ""01KZ3PWEVPASNF0KVDCFPGX952"", ""01KZ3PVXZMSM0YFX6BQDDPD75X"", ""01KZ3PW6WQWF482DG87ZY8PB2Q"", ""01KZ3PWEVM98WMM1QW734YNXYE"", ""01KZ3PW6WRV19A8B5SZ1BTG74S"", ""01KZ3PVM2PPKF779G8C2P7A77D"", ""01KZ3PWEVNKRK6BXDRR88T8R04""]","[0, 1, 2, 3, 4, 5, 6, 7, 8, 9, 10, 11, 12, 13, 14, 15, 16, 17, 18]","[[""01KZ3PVC5JY7XBBX2SJT324302""], [""01KZ3PVC5HFM989H7BPRK6A6JE""], [""01KZ3PVM2SRQY4NVX12HN5X3WF""], [""01KZ3PVM2RMF2JD2X5TRAPJNHC""], [""01KZ3PW6WT3YRT6Q14P9RY0WT7""], [""01KZ3PVM2RXWBMF5GJ8V15P3X7""], [""01KZ3PVM2RMF2JD2X5TRAPJNHC""], [""01KZ3PVC5HZX1VC1H9N8GGK70Q""], [""01KZ3PVC5GXG2QWJS60KF2MFMD""], [""01KZ3PVXZN55MB487Y5BFBJSGG"", ""01KZ3PVXZNCSPAAM4WJ69XTA9N""], [""01KZ3PW6WSQ33G9VWNTWGFD3ZY""], [""01KZ3PVXZN55MB487Y5BFBJSGG""], [""01KZ3PW6WVNAP89JQ71KS6W0DK""], [""01KZ3PVM2SB3D62J97NGC0GAPR""], [""01KZ3PVXZPYC2VE39WCJS0C25N""], [""01KZ3PW6WTV5BA8XDP4Y5KTDHV""], [""01KZ3PVXZPSY54H5WKY1MBJ686""], [""01KZ3PVC5JY7XBBX2SJT324302""], [""01KZ3PW6WTV5BA8XDP4Y5KTDHV""]]","{""entities"": [""Sam""], ""time_constraints"": [], ""operands"": [], ""list_cardinality"": {""known"": false, ""count"": 0}, ""update_state"": """", ""gap"": null}","[{""kind"": ""KEEP"", ""candidate_id"": ""01KZ3PWEVJ2XW3XN8PA8W067Y6"", ""source_id"": ""01KZ3PW6WT3YRT6Q14P9RY0WT7""}, {""kind"": ""KEEP"", ""candidate_id"": ""01KZ3PWEVG5Y8SGS76WR2XJDY5"", ""source_id"": ""01KZ3PW6WSQ33G9VWNTWGFD3ZY""}]",fail,KEEP 01KZ3PWEVJ2XW3XN8PA8W067Y6、01KZ3PWEVG5Y8SGS76WR2XJDY5 均未给出 2026-05-04；应为 gap。
023-b20260803-r2-0-00180-0-00180-q2,multi-hop,validation,When is the birthday of Alex's mother according to the conversation?,June 15th,"Alex and family will travel to Hawaii on June 10th. || Alex and friends plan to stay in Jamaica for seven days. || Alex is planning a trip to Paris with the kids starting on July 15, 2026. || Alex needs to remind everyone about their vaccinations for the Paris trip. || Alex will book hotels and flights for the Paris trip by July 1, 2026.","[""01KZ3PZMDR7AZ9HVS8C7C3J9FF"", ""01KZ3PZBV37V1H64P0XEWQFF8S"", ""01KZ3PZ2SP75EMYTMQDE7RWCK9"", ""01KZ3PZ2ST9YCZJGGPBW70YCRV"", ""01KZ3PZ2SS5NQP6QM8EFCTNTQM""]","[0, 1, 2, 3, 4]","[[""01KZ3PZBV8VJCAA6ZKNKXEZB09""], [""01KZ3PZ2SWA45DHMND92A9NKV9""], [""01KZ3PYPDE454PGDSH00S7WT5F""], [""01KZ3PYPDE6BRBG8J29S7AN0NG""], [""01KZ3PYPDE6BRBG8J29S7AN0NG""]]","{""entities"": [""Alex's""], ""time_constraints"": [], ""operands"": [], ""list_cardinality"": {""known"": false, ""count"": 0}, ""update_state"": """", ""gap"": {""kind"": ""entity"", ""entity"": ""Alex's"", ""start"": null, ""end"": null, ""operand"": """", ""source_need"": ""entity:Alex's""}}",[],pass,
023-b20260803-r2-0-00118-0-00118-q2,multi-hop,validation,"When did Mei start using the new supplier for vegetable supplies, and how has the quantity changed compared to the previous supplier?","Mei started using the new supplier for vegetable supplies on January 15th, and the quantity has increased from 10 boxes of lettuces to 15 boxes.","Mei booked a group of 15 for the New Year's Eve dinner on December 31st. || Mei has a group of 15 booked for Saturday night. || Mei has assigned extra shifts to regular servers for upcoming busy periods. || Mei plans to review the contract terms with the new supplier today. || Mei received an update from Supplier A on 2026-02-16. || Mei started using a new vegetable supplier for her business. || The supplier confirmed the delivery of organic vegetables on January 15th. || There are many reservations for the summer months, particularly for weekends in June.","[""01KZ3MNZJ33SNJH0V4KJSSFW3F"", ""01KZ3MPN9QEHHK9MS31CD03SSS"", ""01KZ3MPN9SSRKZ2TJWBZS0H612"", ""01KZ3MPASXC1FBDJFVFC5H5XPP"", ""01KZ3MPN9EQH0PNWW7B604FSNG"", ""01KZ3MPASRTDGW234MHRX7EYS2"", ""01KZ3MNZJ5F32Q7NKQ1W0KERB4"", ""01KZ3MPASYM7PC10NRWTWG4QEW""]","[0, 1, 2, 3, 4, 5, 6, 7]","[[""01KZ3MNPR1M599R5ZGQV6JZ01C""], [""01KZ3MPAT16SXX57HHD3EHBBHY""], [""01KZ3MPAT1QF9KQ5J33MFJHPD9""], [""01KZ3MNZJ9TNMM92HR8049JA0M""], [""01KZ3MPAT05085FWFAT984CV8F""], [""01KZ3MNZJ81MKWX8KS8Y35YRZT"", ""01KZ3MNZJ8FQ8QJY1QDKRMBV7Y""], [""01KZ3MNPR1DYZA0RAB37V13647""], [""01KZ3MNZJAKK7T6N5D6AW1MNTQ""]]","{""entities"": [""Mei""], ""time_constraints"": [], ""operands"": [], ""list_cardinality"": {""known"": false, ""count"": 0}, ""update_state"": """", ""gap"": null}","[{""kind"": ""KEEP"", ""candidate_id"": ""01KZ3MPASRTDGW234MHRX7EYS2"", ""source_id"": ""01KZ3MNZJ81MKWX8KS8Y35YRZT""}]",fail,KEEP 01KZ3MPASRTDGW234MHRX7EYS2 只说明开始使用新供应商，遗漏 January 15th 及 10 箱增至 15 箱。
023-b20260803-r2-0-00158-0-00158-q2,multi-hop,validation,"According to the conversations, when did the team agree on the beta testing phase start date, and what tool are they using for task management?","The beta testing phase started on March 1st, and they are using Jira for task management.",Feedback from the team regarding the hybrid work model has been positive. || The team prefers a hybrid work model with two days in the office and three remote days.,"[""01KZ3P584AMN8H8Q8SXARCG8KE"", ""01KZ3P5849RTB3JS6YYQ5R30ED""]","[0, 1]","[[""01KZ3P4YQWVE122KJN2FK4F6HQ""], [""01KZ3P4YQWNZ2B3HG9AC41ESX8""]]","{""entities"": [""According""], ""time_constraints"": [], ""operands"": [], ""list_cardinality"": {""known"": false, ""count"": 0}, ""update_state"": """", ""gap"": {""kind"": ""entity"", ""entity"": ""According"", ""start"": null, ""end"": null, ""operand"": """", ""source_need"": ""entity:According""}}",[],pass,
023-b20260803-r2-0-00113-0-00113-q2,multi-hop,validation,When did Alex mention his mother's concern about the language barrier in Paris and what action was taken to address it?,"Alex mentioned his mother's concern about the language barrier in Paris during their conversation on April 16, 2026. To address it, he signed them up for a French language course for a few days before their departure.",Alex is traveling to Paris with his parents and sister on April 25th. || Alex asked Alex about Alex and Alex's partner's summer vacation plans. || Alex is planning a family vacation to the Grand Canyon in July. || Alex needs to plan a family trip to Europe next summer. || The couple is planning to visit Paris and Barcelona for their summer vacation.,"[""01KZ3MHA1HTN1RQVVHVK0RW5N1"", ""01KZ3MHK8KESQ5AXQ2J7H2HPT1"", ""01KZ3MH3N8KF6ZXE808YRKYWVD"", ""01KZ3MGW597Q8H68NH62QB0ZMX"", ""01KZ3MHK8NR4TKB295PF0B4TY6""]","[0, 1, 2, 3, 4]","[[""01KZ3MH3NGYG9C6Y9MJX5BJWFG""], [""01KZ3MHA1P3Q7YEN9RXGPGQ1DP""], [""01KZ3MGW5AYXXQHQ1A0HDN0DQJ""], [""01KZ3MGTMA5WBWHMDFK4VM8GBZ""], [""01KZ3MHA1Q9TPAC5X4NPX4XDRT""]]","{""entities"": [""Alex"", ""Paris""], ""time_constraints"": [], ""operands"": [], ""list_cardinality"": {""known"": false, ""count"": 0}, ""update_state"": """", ""gap"": {""kind"": ""entity"", ""entity"": ""Alex"", ""start"": null, ""end"": null, ""operand"": """", ""source_need"": ""entity:Alex""}}",[],pass,
023-b20260803-r2-0-00124-0-00124-q2,multi-hop,validation,"What changes did Sam observe in his network latency after implementing the new algorithm, and how does this relate to his previous concerns about network latency with more nodes?","After implementing the new algorithm, Sam observed a significant reduction in network latency, which was within acceptable limits for his application, addressing his previous concerns about increased latency with more nodes.","Increasing the number of nodes from 50 to 100 improved throughput by 20%. || Sam believes the findings highlight the need for optimizing both throughput and latency simultaneously. || Sam completed a chapter on the performance benchmarks of his distributed system model last week. || Sam has been running simulations to test the scalability of the system with positive results. || Sam implemented a new algorithm that reduces communication overhead significantly, improving performance. || Sam intends to gather more data points to validate the improvements during the next phase of testing. || Sam is evaluating the system's scalability using response time, throughput, memory usage, and network latency as key metrics. || Sam is working on a thesis about the impact of different synchronization techniques in distributed databases. || Sam observed reduced network latency with a new algorithm after optimizing data flow. || Sam plans to explore fault tolerance mechanisms next due to the increasing complexity of distributed systems. || Sam plans to include detailed results from the scalability tests in the chapter on distributed algorithms in his thesis next week. || Sam plans to test the optimized algorithm under more realistic conditions, such as varying network loads, starting next week. || Sam's optimized algorithm aligns with his original hypotheses. || Sam will document every step meticulously for his thesis. || Scaling up to 100 nodes resulted in a slight increase in latency, but it was within acceptable limits.","[""01KZ3MXMS4DJDMFC06G792HNKG"", ""01KZ3MXMS6YANZZFRBX1AYBSST"", ""01KZ3MXMS0FQH0B3CGERBEMTQ2"", ""01KZ3MXDCF6E5SN4597JHQKT46"", ""01KZ3MXDCKH8Z89Q38SXBAA89S"", ""01KZ3MX4SV9905Z0Z3Y60VGPZK"", ""01KZ3MXDCH59YRJ1F34MYTS763"", ""01KZ3MWTG0Y42SSXJE6PGE4TYJ"", ""01KZ3MX4SQSMBRYM1GV5Q4RF16"", ""01KZ3MXMS7AEVNXWJWY7QFVK22"", ""01KZ3MXDCKP6DM2QXJBC2MCGD8"", ""01KZ3MX4SV3GXC2GN8CD90G0X3"", ""01KZ3MX4SSBZ8RFTF2G7M2XMDM"", ""01KZ3MX4SWCN23899C0PZ4136D"", ""01KZ3MXMS5S2VAGXVV8D1ZWBKX""]","[0, 1, 2, 3, 4, 5, 6, 7, 8, 9, 10, 11, 12, 13, 14]","[[""01KZ3MXDCM2THRP5XXE3A934Q3""], [""01KZ3MXDCNSH80N35TFJT2ZH3Y""], [""01KZ3MXDCM2THRP5XXE3A934Q3""], [""01KZ3MX4SXM7HPVNB5GRK5PGZ1""], [""01KZ3MX4SX8EGJSETR9Q7GMA30""], [""01KZ3MWTGDD83DKB9BJD76FDT3""], [""01KZ3MX4SXYZSQYDF33H3EJ8XK""], [""01KZ3MWGY0WR6AENAQ6NAZ2CNH""], [""01KZ3MWTGBJHTCV3H9YZ0GZ4PF""], [""01KZ3MXDCNY8T9AEW92T0PKKPY""], [""01KZ3MX4SYXA45J066HGFK5AR3""], [""01KZ3MWTGDD83DKB9BJD76FDT3""], [""01KZ3MWTGCPBDJ0TDG9JABFQA2""], [""01KZ3MWTGEF2PVQHK1XTGD38PQ""], [""01KZ3MXDCNNKARNFFXBHMZ5HEH""]]","{""entities"": [""Sam""], ""time_constraints"": [], ""operands"": [{""name"": ""after"", ""satisfied"": false}], ""list_cardinality"": {""known"": false, ""count"": 0}, ""update_state"": """", ""gap"": null}","[{""kind"": ""KEEP"", ""candidate_id"": ""01KZ3MXMS4DJDMFC06G792HNKG"", ""source_id"": ""01KZ3MXDCM2THRP5XXE3A934Q3""}, {""kind"": ""KEEP"", ""candidate_id"": ""01KZ3MXMS0FQH0B3CGERBEMTQ2"", ""source_id"": ""01KZ3MXDCM2THRP5XXE3A934Q3""}]",fail,现有 KEEP 与问题无关；应 KEEP 01KZ3MX4SQSMBRYM1GV5Q4RF16、01KZ3MXMS5S2VAGXVV8D1ZWBKX，覆盖延迟优化及 100 节点结果。
023-b20260803-r2-0-00160-0-00160-q2,multi-hop,validation,"When did Dana start the project involving adding a new server to her home lab, and what improvements did she notice after adding the new server?","Dana started the project in March 2025. After adding the new server, tasks that used to take hours now only take minutes, and she can run more experiments concurrently without worrying about running out of space.",Dana added a new Raspberry Pi to her network on 2023-05-15. || Dana installed a new OS on her home-lab server but encountered network configuration issues. || Dana is excited about testing machine learning models on the new setup. || Dana is using an external USB drive for backup solutions. || Dana needs to prepare a presentation on her home-lab project for the following week. || Dana plans to finish upgrading the network setup by the end of July 2026. || Dana plans to have the backup solution ready by the end of this week. || Dana started the home-lab project in March 2025. || Dana suspects the network issue on her home-lab server might be due to a DNS problem. || Dana updated the firewall rules on her Raspberry Pi yesterday.,"[""01KZ3P7D76AVVFP5Q3G2Y7M2CS"", ""01KZ3P77CBK4K7BKVPCE08PQ2G"", ""01KZ3P7PDGRPS9RXJ6YGXXMFJ0"", ""01KZ3P7D7909J9PNNN8JSFMR5G"", ""01KZ3P77CGB4PZQ0P06HXWFKN4"", ""01KZ3P7PDE9QDKMQMT874WVZT5"", ""01KZ3P7D7AJPE4AQN916P63HWK"", ""01KZ3P7PD60SQ1V321JPQK1HKE"", ""01KZ3P77CDTKGZTJDQK1RZ1MGX"", ""01KZ3P7D78BBN3BY40GVYCEMPS""]","[0, 1, 2, 3, 4, 5, 6, 7, 8, 9]","[[""01KZ3P77CJPS13Q7X494GJ0K6E""], [""01KZ3P70KD4A74QSWCR13AGJTB""], [""01KZ3P7D7C1E8N4M2G39MXF7K6""], [""01KZ3P77CM1W1GBB7YHPPJMGES""], [""01KZ3P70KEVNJWJVEDR566Z60Z""], [""01KZ3P7D7CMSE13Q2KR3Y2HPNW""], [""01KZ3P77CM1W1GBB7YHPPJMGES""], [""01KZ3P7D7BBYP0JEGTYQWDNJEZ""], [""01KZ3P70KDWJNWJVEQ5DGBMBGP""], [""01KZ3P77CK4JCG7WVFP4V7JZHY""]]","{""entities"": [""Dana""], ""time_constraints"": [], ""operands"": [{""name"": ""after"", ""satisfied"": false}], ""list_cardinality"": {""known"": false, ""count"": 0}, ""update_state"": """", ""gap"": null}","[{""kind"": ""KEEP"", ""candidate_id"": ""01KZ3P7PD60SQ1V321JPQK1HKE"", ""source_id"": ""01KZ3P7D7BBYP0JEGTYQWDNJEZ""}]",fail,KEEP 01KZ3P7PD60SQ1V321JPQK1HKE 只覆盖 March 2025，遗漏两项性能/容量改善；完整答案不在候选中。
023-b20260803-r2-0-00032-0-00032-q2,multi-hop,validation,Did Alex's sister's birthday change from June 15th to June 23rd between the first and third sessions?,No,Alex asked the assistant to check for flight and hotel deals for his trip to Japan. || Alex hopes the rest of the team will join him for the beach house trip. || Alex is planning a family trip to Japan in March. || Alex is planning a vacation trip to Japan with his kids in June. || Alex needs reminders for his trip to Japan and his sister’s birthday. || Alex plans to have a small dinner at home to celebrate Sarah's birthday. || Alex prefers to travel to Japan the first week of June. || Alex's big project deadline is on May 9th. || The assistant agreed to find flight and hotel options for Alex’s trip to Japan. || The beach house rental is finalized and they will stay from May 10th to May 18th.,"[""01KZ3HM77T4VDF6W4NTJB3TC91"", ""01KZ3HMTHS8GJ0WYX3K53KR477"", ""01KZ3HMK2QRTT5P2WJMASWTN5Y"", ""01KZ3HM77EH13GCWXFKQQZMGJD"", ""01KZ3HM77RCPSBN1Q29GK19F55"", ""01KZ3HMTHJWEEM7Z85JNSG934D"", ""01KZ3HM77QGM97P9A0RHZ8M23M"", ""01KZ3HMTHRFQ85HWCH2TCD9S07"", ""01KZ3HM77WD3ET7DA0ZPT7E978"", ""01KZ3HMTHN2JKZQQDWPWEFE656""]","[0, 1, 2, 3, 4, 5, 6, 7, 8, 9]","[[""01KZ3HKMSBFBMDSE62VBHRM5QG""], [""01KZ3HMK3828ZTCQKCA5ZE4W3J""], [""01KZ3HM780894DT5WT23NBD2CS""], [""01KZ3HKMSA2CHJY74073RWKZ22""], [""01KZ3HKMSBRYD0M0SJKH282MA0""], [""01KZ3HMK37P9VVRSFCVM4XP65Y""], [""01KZ3HKMSBFJGMFNDMYG5JGFBX""], [""01KZ3HMK38R3Q2W5S2MR8P1746""], [""01KZ3HKMSBFBMDSE62VBHRM5QG""], [""01KZ3HMK38K3ANS1QJPQ35FGS6""]]","{""entities"": [""Alex's"", ""June""], ""time_constraints"": [""june 15"", ""june 23""], ""operands"": [], ""list_cardinality"": {""known"": false, ""count"": 0}, ""update_state"": """", ""gap"": {""kind"": ""time_range"", ""entity"": """", ""start"": null, ""end"": null, ""operand"": """", ""source_need"": ""time:june 15,june 23""}}",[],pass,
023-b20260803-r2-0-00002-0-00002-q2,multi-hop,validation,When did Dana plan to add a new server by and has she encountered any network configuration issues since then?,"Dana planned to add a new server by June 15th, but she encountered issues with DNS resolution and network configuration.","Dana encountered issues with network configuration after getting the server. || Dana expects to complete the installation of security software by the end of June 19th. || Dana intends to install security software after the network is stable. || Dana is a software engineer. || Dana is checking /etc/resolv.conf for DNS resolution issues. || Dana is planning to finish the home-lab project's core functionality by 2026-01-31. || Dana planned to add a new server by June 15th. || Dana plans to add new Raspberry Pi models and expand the network setup for the home-lab project. || Dana plans to check the router settings to resolve network issues. || Dana plans to start working on integrating more IoT devices for the home-lab project around mid-February 2026. || Dana's manager expressed excitement about integrating more IoT devices into the home-lab project. || The HomeNet project includes five computers: one server, two workstations, and two laptops.","[""01KZ3GJQR66ZQGWD8W0ZJJSV04"", ""01KZ3GJQRAVTSQEAGWM27S4NE1"", ""01KZ3GJQR9V38P08EHXN9B4NCJ"", ""01KZ3GJ5E4W305NSX04CST38PT"", ""01KZ3GJQR7GGJ3TBCQJFCXZRHR"", ""01KZ3GJEM2ZVTVYHYCWFEFAXP4"", ""01KZ3GJQR4QSQ1RC0EB0J7TCHW"", ""01KZ3GJEM4GAV8VVC9PV1YCA96"", ""01KZ3GJQR84XCRMMB25FT63NA1"", ""01KZ3GJEM7T5KACYBCC56WJ2PC"", ""01KZ3GJEM51GVQH59DK12AGSE4"", ""01KZ3GJ5E785H5NED0SBKTD7V0""]","[0, 1, 2, 3, 4, 5, 6, 7, 8, 9, 10, 11]","[[""01KZ3GJEM8YTTHX3YK4DYSNZ7W""], [""01KZ3GJEM9WB7C0HC5FX228MSW""], [""01KZ3GJEM9C38S8P73PG271PTF""], [""01KZ3GJ01DM3T5JTX1NQ486ENG""], [""01KZ3GJEM85FQ6R9VQ1MEVG0WJ""], [""01KZ3GJ5E81Q7F06866SQ67AND""], [""01KZ3GJEM8ZAPPVX3B6K4D34HN""], [""01KZ3GJ5E9TTWFRRF62NVCQ2S7""], [""01KZ3GJEM9VQ3MP98VQ1YEJKK1""], [""01KZ3GJ5E9FKA7RWZCHRRJ5G0R""], [""01KZ3GJ5E90N20G0E8EC2HGXWH""], [""01KZ3GJ01F3KQH24GNGA0VHGDN""]]","{""entities"": [""Dana""], ""time_constraints"": [], ""operands"": [], ""list_cardinality"": {""known"": false, ""count"": 0}, ""update_state"": """", ""gap"": null}","[{""kind"": ""KEEP"", ""candidate_id"": ""01KZ3GJQR66ZQGWD8W0ZJJSV04"", ""source_id"": ""01KZ3GJEM8YTTHX3YK4DYSNZ7W""}, {""kind"": ""KEEP"", ""candidate_id"": ""01KZ3GJQR4QSQ1RC0EB0J7TCHW"", ""source_id"": ""01KZ3GJEM8ZAPPVX3B6K4D34HN""}]",fail,现有 KEEP 覆盖 June 15th 和一般网络问题，但遗漏 DNS resolution；还应 KEEP 01KZ3GJQR7GGJ3TBCQJFCXZRHR。
023-b20260803-r2-0-00033-0-00033-q2,multi-hop,validation,"When did Mei plan to make a decision on the new supplier for fresh produce, and has she finalized the supplier since then?",Mei planned to make a decision by the end of July and has finalized GreenLeaf Produce as the new supplier.,"Mei got a booking for next Friday with a group of 15. || Mei is a restaurant owner. || Mei is considering adding a new supplier for fresh produce, specifically one that offers organic options. || Mei plans to make a decision on the new supplier by the end of July. || Mei's current customer base includes local residents and tourists, with a focus on attracting young professionals. || Mei's main priorities include increasing her customer base and ensuring reliable suppliers. || The supplier is bringing in twice as much vegetables as usual for the salads.","[""01KZ3HNSHPGP58RDMXW31404EN"", ""01KZ3HN9M0E55MTEJVF93TD0MC"", ""01KZ3HN9M4SA6X51PRV6MB9D7J"", ""01KZ3HN9M4MZGC1YVV03SD7SKS"", ""01KZ3HN9M3S4F0SG5V3BHYAKC1"", ""01KZ3HN9M2F29A7H7GBJS4NKHF"", ""01KZ3HNSHQRK9ZJMH81SR81A06""]","[0, 1, 2, 3, 4, 5, 6]","[[""01KZ3HNJFJDXX0EXVTYCNG8XW3""], [""01KZ3HN1KQMHDDSH9Y6EZSHB6R""], [""01KZ3HN1KRMCS6BZ7G83VFDM3T""], [""01KZ3HN1KST3CAC6QQ3XF1T24F""], [""01KZ3HN1KRSB9FE8BMK6KATVFF""], [""01KZ3HN1KQSJ74MZD9AMYAP4AH""], [""01KZ3HNJFKAQ2SPFGQT92Q1B7C""]]","{""entities"": [""Mei""], ""time_constraints"": [], ""operands"": [], ""list_cardinality"": {""known"": false, ""count"": 0}, ""update_state"": """", ""gap"": {""kind"": ""entity"", ""entity"": ""Mei"", ""start"": null, ""end"": null, ""operand"": """", ""source_need"": ""entity:Mei""}}",[],pass,
023-b20260803-r2-0-00043-0-00043-q2,multi-hop,validation,When did Alex start working from home and why?,"Alex started working from home on January 16th, 2026, because he prefers it for better focus, especially with his baby at home.","Alex is the lead developer for the NovaTech Pro launch. || Alex will start working remotely from Monday, January 16th due to better focus with his baby at home.","[""01KZ3J0PXZ7AV64N5TMN9QC5DC"", ""01KZ3J1EEHN5NK13R388JHVTF2""]","[0, 1]","[[""01KZ3J0EG88KJTDNPYRM5T1ZM7"", ""01KZ3J0EG8XPVSS0T3GPM6HKJY""], [""01KZ3J18E7MY6MVR547FR4HXJA""]]","{""entities"": [""Alex""], ""time_constraints"": [], ""operands"": [], ""list_cardinality"": {""known"": false, ""count"": 0}, ""update_state"": """", ""gap"": null}","[{""kind"": ""KEEP"", ""candidate_id"": ""01KZ3J1EEHN5NK13R388JHVTF2"", ""source_id"": ""01KZ3J18E7MY6MVR547FR4HXJA""}]",pass,
023-b20260803-r2-0-00183-0-00183-q2,multi-hop,validation,"When did Dana start working on her e-commerce platform project, and what new server did she get for her home-lab after starting this project?","Dana started working on her e-commerce platform project about two months ago, around 2026-03-20. She got an Intel Xeon E-2288G with 16 cores for her home-lab.","Dana began working on her e-commerce platform project about two months ago, around 2026-03-20. || Dana has added new GPUs to optimize the hardware setup. || Dana has been testing the new AI model with data sets from her previous projects. || Dana has five Linux servers set up in her home lab. || Dana hasn't started the network upgrade yet, waiting for the new server to arrive. || Dana is considering using Prometheus for monitoring. || Dana is self-funding her home-lab project and using refurbished hardware to keep costs down. || Dana is using her own funds for the project. || Dana is working on a simple e-commerce platform using Docker containers and Kubernetes in her home lab. || Dana is working on integrating a new AI model into her home-lab project. || Dana mentioned she was working on upgrading her home-lab's network infrastructure. || Dana might apply for grants if the project goes well. || Dana plans to switch to a more robust networking setup to handle a new server. || Dana plans to update the documentation for recent changes this weekend. || Dana plans to upgrade her network infrastructure by adding a second switch and possibly a small router. || Dana's main goals are to test containerization and microservices architecture in her home lab. || Dana’s team does not have new members yet, but she is reaching out to candidates next week. || Dana updated her server to Ubuntu 22.04 LTS. || Dana will configure the switches and routers to support the new server once it arrives. || The new AI model shows improvements in performance, particularly in image recognition.","[""01KZ3Q1VMW7RT00BC3NB8K7J66"", ""01KZ3Q2GW10R7JSBBMSV94SXEC"", ""01KZ3Q2GVZWEARY6B9VKJ5XW8A"", ""01KZ3Q1VMN2P06RJKX4G03QERK"", ""01KZ3Q27Y9WR9Y7CDE0H6CT3KK"", ""01KZ3Q2PZX5JB2PNWZKMRFRRP1"", ""01KZ3Q2PZZ5XK862NT64CXQPPK"", ""01KZ3Q27YD69N9DTSQM1W0VC34"", ""01KZ3Q1VMTA6BX9YVNEF2FHS6C"", ""01KZ3Q2GVYQZNA6DZK7T1BTTCT"", ""01KZ3Q27Y1YKY80PSE6J0Q9B4H"", ""01KZ3Q27YE9HGEEFNXZA97WVMH"", ""01KZ3Q27Y3CFW47QJEVJ6AZJ8K"", ""01KZ3Q2GW285NJFGVPX9G9Y2E8"", ""01KZ3Q2PZYDBWE2YEGJGN98EAR"", ""01KZ3Q1VMQA5QZEQMZTTZ3AHD6"", ""01KZ3Q2GW3E548ENX67Y1TY9HJ"", ""01KZ3Q2PZV1VX42Z9YZ803HJ7T"", ""01KZ3Q27YB7X5TA2ANP4J40AYC"", ""01KZ3Q2GW087KJDZQCD7B7P4WW""]","[0, 1, 2, 3, 4, 5, 6, 7, 8, 9, 10, 11, 12, 13, 14, 15, 16, 17, 18, 19]","[[""01KZ3Q1M6C429EPD6AKZJTJ7QJ""], [""01KZ3Q27YKXC41QHW0XYY7XXS8""], [""01KZ3Q27YHTJGF39XKMD2YGGKC""], [""01KZ3Q1M6B948D7DGJAM19GDDK""], [""01KZ3Q1VN0PTP4YJ2JJV8JHB30""], [""01KZ3Q2GW4WQYYZH6N50VBQK9W""], [""01KZ3Q2GW5GMFNGE60DZK2ST9W""], [""01KZ3Q1VN1T8X2KYV3M6B1Z6D0""], [""01KZ3Q1M6CQS6KGYA9D68PEJ21""], [""01KZ3Q27YGGM241ZPRSBTSX1B2""], [""01KZ3Q1VMYHRGCQF175CPFGAHJ""], [""01KZ3Q1VN1T8X2KYV3M6B1Z6D0""], [""01KZ3Q1VMZTP381N48SWQJKKHH""], [""01KZ3Q27YKGGFFZBYXZZ5SCNVN""], [""01KZ3Q2GW5FRGJ54Q0240XQMZQ""], [""01KZ3Q1M6BKCV6DF0D63ZPEKVG""], [""01KZ3Q27YMKXEYYXQR80GSX9Y5""], [""01KZ3Q2GW4EYCG1WREDD8QCZYV""], [""01KZ3Q1VN0PTP4YJ2JJV8JHB30""], [""01KZ3Q27YJJ4XEM72JWHC6QHYG""]]","{""entities"": [""Dana""], ""time_constraints"": [], ""operands"": [{""name"": ""after"", ""satisfied"": false}], ""list_cardinality"": {""known"": false, ""count"": 0}, ""update_state"": """", ""gap"": null}","[{""kind"": ""KEEP"", ""candidate_id"": ""01KZ3Q1VMW7RT00BC3NB8K7J66"", ""source_id"": ""01KZ3Q1M6C429EPD6AKZJTJ7QJ""}]",fail,KEEP 01KZ3Q1VMW7RT00BC3NB8K7J66 只覆盖项目开始时间，遗漏 Intel Xeon E-2288G 和 16 cores。
023-b20260803-r2-0-00184-0-00184-q2,multi-hop,validation,What was the status of the vegetable supplier switch and when did Mei plan to make the change?,"Mei planned to switch suppliers before the end of June, so they could place the order early for the August weddings.","Blue Sea Foods has provided satisfactory service since switching suppliers. || Mei confirmed a big group booking for Friday, January 12th. || Mei got a new booking for July 15th from a group of 12. || Mei is considering contacting the local fishmonger as a backup supplier. || Mei is planning to introduce a new vegetarian dish next week. || Mei mentioned they had a busy weekend with the new menu. || Mei needs to find an alternative supplier due to the seafood delay. || Mei needs to secure some tables for a wedding reception on August 1st. || Mei needs to switch vegetable suppliers before the end of June. || Mei plans to finalize the new menu items this week, including vegetarian options. || Mei prefers organic and locally sourced vegetables for her restaurant. || Mei received a big booking for a corporate event on July 15th. || Mei’s supplier for the seafood has been experiencing delays. || Mei switched to a new supplier, Blue Sea Foods, due to an issue with fish last month.","[""01KZ3Q33XYTS35C9CK9B2ETVCW"", ""01KZ3Q33XTR5S90EMB5ENSP13H"", ""01KZ3Q2XKVG2RMNZA33CTKMQYV"", ""01KZ3Q3D8Q5ZPXTDBTC3RQGT8G"", ""01KZ3Q33XZN94NKQYFQ3W9TAE9"", ""01KZ3Q3K6PW2PKFHHKDYKVSSY4"", ""01KZ3Q3D8PBMJGV0VZPZMGZPGE"", ""01KZ3Q2XKX1TC373SN55539SX0"", ""01KZ3Q2XKZ2XBA8QBNBQMFKP6K"", ""01KZ3Q3D8R031MXJEQEDDP9F1P"", ""01KZ3Q2XKY8QVQ83DZD6ASAF3G"", ""01KZ3Q3D8JXGFMEK43B0GZ0TR3"", ""01KZ3Q3D8M76WR6AZDJ4B889AW"", ""01KZ3Q33XW4ADP1AB49DWTK8Z2""]","[0, 1, 2, 3, 4, 5, 6, 7, 8, 9, 10, 11, 12, 13]","[[""01KZ3Q2XM1668XM9HMK5Q2Z26P"", ""01KZ3Q2XM1MAHWERSJMRD9YV2C""], [""01KZ3Q2XM0B5PWGW1DFNCV76DD""], [""01KZ3Q2Q4C2EQZ5KDDTCRPH4GY""], [""01KZ3Q33Y1916ZQTA4SC0FHWJA""], [""01KZ3Q2XM1M1FQK3VW1WB4QY6S""], [""01KZ3Q3D8SX56Y0ZKDDDMA66YW""], [""01KZ3Q33Y0M2NG6YZR0DHR8KW1""], [""01KZ3Q2Q4DVXEA754N7KKK354S""], [""01KZ3Q2Q4E7T4CN8GJC2CBDHKN"", ""01KZ3Q2Q4EDTPAC3JQ4YY2A86F""], [""01KZ3Q33Y12P5T6YC1EXZNSH2Z""], [""01KZ3Q2Q4DQN4NH98R73KYMT31""], [""01KZ3Q33Y09APT2TRXEA9NNG68""], [""01KZ3Q33Y05HTYRYE2AM2W87YE""], [""01KZ3Q2XM067MC1TZD47KWNFZ2""]]","{""entities"": [""Mei""], ""time_constraints"": [], ""operands"": [], ""list_cardinality"": {""known"": false, ""count"": 0}, ""update_state"": """", ""gap"": null}","[{""kind"": ""KEEP"", ""candidate_id"": ""01KZ3Q2XKZ2XBA8QBNBQMFKP6K"", ""source_id"": ""01KZ3Q2Q4E7T4CN8GJC2CBDHKN""}, {""kind"": ""KEEP"", ""candidate_id"": ""01KZ3Q3D8M76WR6AZDJ4B889AW"", ""source_id"": ""01KZ3Q33Y05HTYRYE2AM2W87YE""}]",fail,KEEP 01KZ3Q2XKZ2XBA8QBNBQMFKP6K 只覆盖 before end of June，01KZ3Q3D8M76WR6AZDJ4B889AW 是海鲜延误；未覆盖为 August weddings 提前下单。
023-b20260803-r2-0-00083-0-00083-q2,multi-hop,validation,Did Sam resolve the issues he had with setting up the Redis cluster and what progress has he made since then on his thesis?,"Sam resolved the issues with setting up the Redis cluster using a tutorial from Redis Labs. Since then, he has completed the literature review, is currently working on the methodology section comparing client-server, peer-to-peer, and hybrid architectures, and has made progress on the consensus algorithms chapter, specifically reducing the message complexity of the Paxos algorithm by almost 20%.","Sam aims to finish the methodology section by the end of this month. || Sam decided to compare three main distributed system architectures: client-server, peer-to-peer, and hybrid. || Sam finished the literature review last week. || Sam has been focusing on a chapter about consensus algorithms for his thesis. || Sam implemented a new protocol that reduces the number of messages needed by almost 20% for the Paxos algorithm. || Sam is comparing Cassandra, Redis, and MongoDB in his thesis. || Sam is considering integrating the new protocol with other consensus algorithms like Raft. || Sam is currently focusing on the methodology section of the thesis. || Sam is working on the chapter about distributed databases for his thesis. || Sam plans to start collecting data for experiments after finishing the methodology section. || Sam plans to wrap up the current chapter by the end of this month. || Sam resolved issues with setting up the Redis cluster following a tutorial from Redis Labs. || Sam's thesis topic is about the impact of renewable energy policies on local economies. || Sam tested the new protocol under various network scenarios—high latency, low bandwidth, and high packet loss. || Sam will then start on the section about fault tolerance in distributed systems. || The preliminary setup for Sam's experiments is complete.","[""01KZ3KFE7H2V73K24M8E6Y1FDX"", ""01KZ3KFE7GR4SJ8C3814SXMFQA"", ""01KZ3KFE7E97EWCV2N2N48X0SZ"", ""01KZ3KFR6HB3NQYXCM1G1CNZJT"", ""01KZ3KFR6KKNRRSSRVMT8XQG2X"", ""01KZ3KF24151G61D13FAJSX4XW"", ""01KZ3KFR6PF088HZ56WCNJVNCS"", ""01KZ3KFE7FMDZJN9NZ2CK1FENX"", ""01KZ3KF23Y54AVVE55G1RZDFZQ"", ""01KZ3KFE7H3HGBYGCRY1BDMSQC"", ""01KZ3KFR6R4P4ZE4CXPG2Q7R1J"", ""01KZ3KF2437YA6HSY4573XVMKT"", ""01KZ3KETDXYP1RTCCFM1CMHHBX"", ""01KZ3KFR6NHY5QNQAEKY4W3X7R"", ""01KZ3KFR6RSCQ8SWBR27VW2VWJ"", ""01KZ3KFE7JFAV3F57RQMWPY7S3""]","[0, 1, 2, 3, 4, 5, 6, 7, 8, 9, 10, 11, 12, 13, 14, 15]","[[""01KZ3KF246JSJJG8HJ6CED8CA6""], [""01KZ3KF246JSJJG8HJ6CED8CA6""], [""01KZ3KF2462YVH79RBDGPFQ0GZ""], [""01KZ3KFE7JXHX8BD2CFNR5J0J8""], [""01KZ3KFE7KEJHWDC4V9T1C95QP""], [""01KZ3KETDZWZGSFN2BK8JHH6J8""], [""01KZ3KFE7M0BCMT3FVM4J40G0X""], [""01KZ3KF2462YVH79RBDGPFQ0GZ""], [""01KZ3KETDY2H971D07J81GE3FG""], [""01KZ3KF246JSJJG8HJ6CED8CA6""], [""01KZ3KFE7MXGEQHX66HNN21AEK""], [""01KZ3KETDZRHV2VNMNN97J3E41"", ""01KZ3KETDZWZGSFN2BK8JHH6J8""], [""01KZ3KES5DV8H3F0H2C98MTATJ""], [""01KZ3KFE7KX74EAV853GYJ0R3K""], [""01KZ3KFE7MXGEQHX66HNN21AEK""], [""01KZ3KF247P36QKMBFF44FN9KT""]]","{""entities"": [""Redis"", ""Sam""], ""time_constraints"": [], ""operands"": [], ""list_cardinality"": {""known"": false, ""count"": 0}, ""update_state"": """", ""gap"": null}","[{""kind"": ""KEEP"", ""candidate_id"": ""01KZ3KFR6KKNRRSSRVMT8XQG2X"", ""source_id"": ""01KZ3KFE7KEJHWDC4V9T1C95QP""}]",fail,现有 KEEP 只覆盖 Paxos 的 20%；还应 KEEP 01KZ3KF2437YA6HSY4573XVMKT、01KZ3KFE7E97EWCV2N2N48X0SZ、01KZ3KFE7FMDZJN9NZ2CK1FENX、01KZ3KFE7GR4SJ8C3814SXMFQA。
023-b20260803-r2-0-00170-0-00170-q2,multi-hop,validation,"When is Tom's birthday during the family trip to Japan, and how does it affect the hotel reservation?","Tom's birthday is on June 15th during the family trip to Japan, and the party starts at 6 PM, so the hotel reservation needs to be adjusted to be available around 4 PM on the 15th.",The family plans to arrive at the hotel by 4 PM on June 15th to set up for Tom's birthday party. || The family plans to visit a local market before Tom's birthday party. || Tom's birthday falls on June 15th during the family trip to Japan. || The family trip to Japan is from July 15th to 25th. || The family trip to Japan is planned for June 15th. || The hotel for the trip is near the Louvre. || Tom's birthday party is scheduled to start at 6 PM on June 15th.,"[""01KZ3PMK6JBQ8V3AAX3AV29068"", ""01KZ3PMK6K21YZMQ3EWKDM6THV"", ""01KZ3PMK6GF9M2NC8F8RYGEBXB"", ""01KZ3PKCZ12S433MBQCVSGTH0X"", ""01KZ3PMK6EW0PXJPHJHHCW53K8"", ""01KZ3PKKFY6FPVJRK7JVH61FS9"", ""01KZ3PMK6HGWR48XRNNV1DT8QZ""]","[0, 1, 2, 3, 4, 5, 6]","[[""01KZ3PM7A0MMPDG3D0R4RZAJAR""], [""01KZ3PM7A069HP3AEVMFJMEDZP""], [""01KZ3PM79ZXH020WWNYGJMF1VM""], [""01KZ3PK304A6WBSPDMG5H69SMG"", ""01KZ3PK304NPF5R3KWZ3ARA39S""], [""01KZ3PM79Z3KEDP67M9N6AN9C6""], [""01KZ3PKCZ59M53YSY0BTZD7HBS""], [""01KZ3PM79ZWV3MX46TQRAMWNH0""]]","{""entities"": [""Japan"", ""Tom's""], ""time_constraints"": [], ""operands"": [], ""list_cardinality"": {""known"": false, ""count"": 0}, ""update_state"": """", ""gap"": null}","[{""kind"": ""KEEP"", ""candidate_id"": ""01KZ3PMK6HGWR48XRNNV1DT8QZ"", ""source_id"": ""01KZ3PM79ZWV3MX46TQRAMWNH0""}]",fail,KEEP 01KZ3PMK6HGWR48XRNNV1DT8QZ 只覆盖 6 PM；还应 KEEP 01KZ3PMK6GF9M2NC8F8RYGEBXB、01KZ3PMK6JBQ8V3AAX3AV29068。
023-b20260803-r2-0-00041-0-00041-q2,multi-hop,validation,When did Dana plan to complete the integration of the new machine learning model and what challenges did she face during the update process?,"Dana planned to complete the integration of the new machine learning model by the end of June. She faced compatibility issues with the new model and the existing framework, which she resolved by modifying the framework’s configuration files.","Dana added a new server, a Raspberry Pi 4 with 8GB of RAM, for running additional tests. || Dana added two new routers to her home-lab network last month to optimize its speed. || Dana aims to integrate the new machine learning model by the end of June 2026. || Dana encountered issues with the compatibility of the new model with the existing framework during the update. || Dana encountered latency issues with certain applications during the initial setup of her new routers. || Dana expects her new SSD to arrive in the next couple of days. || Dana has been tweaking firewall rules to better protect against DDoS attacks on the network security system. || Dana hopes to have her network setup fine-tuned by next week. || Dana is planning to set up a continuous integration/continuous deployment pipeline for the project. || Dana is purchasing a new SSD to expand her home-lab's storage capacity this month. || Dana plans to seek help from tech friends online if she doesn't resolve the latency issues by next week. || Dana plans to use the new server for testing a new virtualization setup, running containers and comparing performance to existing virtual machines. || Dana resolved the compatibility issue by modifying the framework’s configuration files. || Dana's home-lab consists of three servers: one for development, one for testing, and one for production. || Dana started her home-lab project in 2024. || Dana updated the data preprocessing pipeline to handle larger datasets more efficiently. || Dana updated the database schema to include more detailed logging for troubleshooting purposes. || Dana uses Docker, Kubernetes, and Jenkins in her home-lab. || Dana wants to improve her knowledge of security best practices and integrate machine learning tools for automation in her home-lab. || Dana will start installing her new SSD after it arrives. || Dana will start setting up the new virtualization setup by the end of next week. || Managing the load between the servers during peak testing periods is a challenge for Dana. || Their next meeting to discuss the home-lab project is scheduled for February 22, 2026.","[""01KZ3HZE4ZT9J0FBSSWSZZ4Q8J"", ""01KZ3HZ2HPSBB7GVRW93GPFE07"", ""01KZ3HYKJYZ4C33Z4W2AA2K1BS"", ""01KZ3HYKK0PTBWS289R82X038G"", ""01KZ3HZ2HRPAF1D8V9QGWWBC2V"", ""01KZ3HZ2HYA1MVB1532KRVBTCQ"", ""01KZ3HZE4XD85MWNWD61TP7XD6"", ""01KZ3HZ2HTZ8CYV52TG5QWD82Z"", ""01KZ3HYKK2FCA8BJR8GKEEBF7Z"", ""01KZ3HZ2HWP19KTZ2THJX62HDA"", ""01KZ3HZ2HW4YZ73Q24SNX8DCN3"", ""01KZ3HZE5014EJGQRJJ4E2ERH2"", ""01KZ3HYKK1C3X5SBW6GFEVW4B4"", ""01KZ3HY90H0SH2CC0T0EGAX9EX"", ""01KZ3HY90EA19W0WB6VV7DA45H"", ""01KZ3HYKJV95QWFXDCNHEN93BQ"", ""01KZ3HZE52FNXJETQ342KFGJRV"", ""01KZ3HY90MQKEKK5XWY8BC11M2"", ""01KZ3HY90R81B5A8FZ4EYXM65K"", ""01KZ3HZ2J0F58BS8MV6HHACJFP"", ""01KZ3HZE51H0QXW06AGH6R1QJK"", ""01KZ3HY90PZPNX3NJKQRK0D7VC"", ""01KZ3HY90TW60F0DKGHV728HG1""]","[0, 1, 2, 3, 4, 5, 6, 7, 8, 9, 10, 11, 12, 13, 14, 15, 16, 17, 18, 19, 20, 21, 22]","[[""01KZ3HZ2J3W2M7BN8Y8NWJ47Z4""], [""01KZ3HYKK4RRJ8WZKP4EMR9RDW""], [""01KZ3HY90XSZX1HDM03WEY2KET""], [""01KZ3HY90Y3WTE4H9GY5YRW46V""], [""01KZ3HYKK4RRJ8WZKP4EMR9RDW""], [""01KZ3HYKK5BPFBJD667H9C9NGM""], [""01KZ3HZ2J2P32HBECTM4MM9VGG""], [""01KZ3HYKK4SCTCXZS4V8Y1DNH5""], [""01KZ3HY90Z4P16PXNGK42CS3T3""], [""01KZ3HYKK5BPFBJD667H9C9NGM""], [""01KZ3HYKK4SCTCXZS4V8Y1DNH5""], [""01KZ3HZ2J4MX4PE4ZVZSJQ7WQK""], [""01KZ3HY90YXDQDZ6F2K742TM73""], [""01KZ3HY0AQTB947QG9MKHMZECS""], [""01KZ3HY0AP8FCJANVN7X5J9ENT""], [""01KZ3HY90WK0Y39MZ52HP6XVD4""], [""01KZ3HZ2J52ZCTRKBE8YGJZY9A""], [""01KZ3HY0AQGA4H9T06HYXC7Q0S""], [""01KZ3HY0AR016DDZ8Z52WVHDXM""], [""01KZ3HYKK5BPFBJD667H9C9NGM""], [""01KZ3HZ2J43DSN11SMD1GMTSN8""], [""01KZ3HY0ARGJ1FGEJZYJ2PFGNV""], [""01KZ3HY0ARPFX6HA8DN4MYDXMQ""]]","{""entities"": [""Dana""], ""time_constraints"": [], ""operands"": [], ""list_cardinality"": {""known"": false, ""count"": 0}, ""update_state"": """", ""gap"": null}","[{""kind"": ""KEEP"", ""candidate_id"": ""01KZ3HYKJYZ4C33Z4W2AA2K1BS"", ""source_id"": ""01KZ3HY90XSZX1HDM03WEY2KET""}, {""kind"": ""KEEP"", ""candidate_id"": ""01KZ3HYKK0PTBWS289R82X038G"", ""source_id"": ""01KZ3HY90Y3WTE4H9GY5YRW46V""}]",fail,现有 KEEP 覆盖截止时间和兼容性问题，但遗漏解决方式；还应 KEEP 01KZ3HYKK1C3X5SBW6GFEVW4B4。
023-b20260803-r2-0-00089-0-00089-q2,multi-hop,validation,"Did Sam find that ring networks perform worse under high load compared to mesh networks, and did he plan to discuss network partitioning strategies in his next chapter?","Yes, ring networks perform worse under high load compared to mesh networks, and Sam plans to discuss network partitioning strategies in his next chapter.",Balancing performance and fault tolerance is considered the biggest challenge in Sam's research. || Sam completed the section on the impact of different network topologies on performance last week. || Sam finished the section on fault tolerance in distributed systems yesterday. || Sam found that ring networks perform worse under high load compared to mesh networks. || Sam has been refining the algorithm to handle network delays in his thesis. || Sam has read a paper by Dr. Zhang on consensus algorithms. || Sam hopes to submit his thesis by the end of March. || Sam is a graduate student. || Sam is exploring different algorithms and their impact on system reliability for his next chapter. || Sam is writing a thesis on distributed systems. || Sam plans to discuss network partitioning strategies in the next chapter of his thesis. || Sam plans to integrate findings from Dr. Zhang’s paper with his own experiments. || The deadline for Sam's first chapter submission is February 15th.,"[""01KZ3KP19XQ4R4NMDSZ5A8324M"", ""01KZ3KP19T4929XW24JPHVPHE5"", ""01KZ3KP9Z34TVMKR5Q0YW5S368"", ""01KZ3KP19WGSCRQCWY0RYPXNMK"", ""01KZ3KP19RFV7GPWYYN6V903RS"", ""01KZ3KP9Z8S9RN7H5523RDGWDP"", ""01KZ3KP9ZAJYB5ABZZMTWJY1VV"", ""01KZ3KNS2VZ4VE6C51ZGHPTSPB"", ""01KZ3KP9Z7JW62M3CPE6Z2FVA6"", ""01KZ3KNS2XEBZN9BVWV0A0FM52"", ""01KZ3KP9Z5CB61GX07SXN54NS3"", ""01KZ3KP9Z9WRJ4JFCY53YRW03R"", ""01KZ3KP19V0GFBCA053Y30970C""]","[0, 1, 2, 3, 4, 5, 6, 7, 8, 9, 10, 11, 12]","[[""01KZ3KNS6CZ4075MSFAD9Y5PVQ""], [""01KZ3KNS6BTJPAA2256C14FRK8""], [""01KZ3KP19YT6WF7PF1Q34492CR""], [""01KZ3KNS6BY7NT4RK91PFX07SN""], [""01KZ3KNS6A5N8XXT38JNBY8KMV""], [""01KZ3KP19ZA1YKW71CKC0JAVD0""], [""01KZ3KP19ZWWDGAEXTNB38P2RW""], [""01KZ3KNPPY9QD28ZJZNFCYK3SQ""], [""01KZ3KP19YB0YY99FZE85Y6AZH""], [""01KZ3KNPPY9QD28ZJZNFCYK3SQ""], [""01KZ3KP19Y3M0MMNXTE06YBYPF""], [""01KZ3KP19ZA1YKW71CKC0JAVD0""], [""01KZ3KNS6B1SC50XZVDTSC8AYZ""]]","{""entities"": [""Sam""], ""time_constraints"": [], ""operands"": [], ""list_cardinality"": {""known"": false, ""count"": 0}, ""update_state"": """", ""gap"": null}","[{""kind"": ""KEEP"", ""candidate_id"": ""01KZ3KP9Z34TVMKR5Q0YW5S368"", ""source_id"": ""01KZ3KP19YT6WF7PF1Q34492CR""}, {""kind"": ""KEEP"", ""candidate_id"": ""01KZ3KP9Z7JW62M3CPE6Z2FVA6"", ""source_id"": ""01KZ3KP19YB0YY99FZE85Y6AZH""}, {""kind"": ""KEEP"", ""candidate_id"": ""01KZ3KP19V0GFBCA053Y30970C"", ""source_id"": ""01KZ3KNS6B1SC50XZVDTSC8AYZ""}]",fail,现有 KEEP 均未回答两项命题；应 KEEP 01KZ3KP19WGSCRQCWY0RYPXNMK、01KZ3KP9Z5CB61GX07SXN54NS3。
023-b20260803-r2-0-00008-0-00008-q2,multi-hop,validation,"What was the original launch date for QuickSync, and when was it changed to?","The original launch date for QuickSync was set for March 10th, 2026, but it was later changed to April 2026.",Priya is working on the launch of a new software feature called 'QuickSync'.,"[""01KZ3GS59MCTBZV713V26JWED5""]",[0],"[[""01KZ3GRWPDC2CCERBWQ131HKMJ""]]","{""entities"": [""QuickSync""], ""time_constraints"": [], ""operands"": [], ""list_cardinality"": {""known"": false, ""count"": 0}, ""update_state"": """", ""gap"": null}","[{""kind"": ""KEEP"", ""candidate_id"": ""01KZ3GS59MCTBZV713V26JWED5"", ""source_id"": ""01KZ3GRWPDC2CCERBWQ131HKMJ""}]",fail,"KEEP 01KZ3GS59MCTBZV713V26JWED5 只说明 QuickSync 存在，未覆盖 March 10th, 2026 或 April 2026；应为 gap。"
023-b20260803-r2-0-00173-0-00173-q2,multi-hop,validation,"When is the family trip to Paris scheduled, and who is coming on the trip to Europe in July?","The family trip to Paris is scheduled for July 15th to July 22nd, and the trip to Europe in July includes the user's parents, sister, and Aunt Mia.",Alex finalized the family trip dates for July 15th to July 22nd. || The user proposed planning a trip to Europe for mid-July to mid-August.,"[""01KZ3PQ8FVY2VZJDZ7GMZHAMBM"", ""01KZ3PPMRV5HGYGC3C5RJ4H82B""]","[0, 1]","[[""01KZ3PPZRETSHVDZM9RKP89QWV""], [""01KZ3PPFTV66VACCYAPK0WTRPB""]]","{""entities"": [""Europe"", ""July"", ""Paris""], ""time_constraints"": [], ""operands"": [], ""list_cardinality"": {""known"": false, ""count"": 0}, ""update_state"": """", ""gap"": null}","[{""kind"": ""KEEP"", ""candidate_id"": ""01KZ3PQ8FVY2VZJDZ7GMZHAMBM"", ""source_id"": ""01KZ3PPZRETSHVDZM9RKP89QWV""}]",fail,KEEP 01KZ3PQ8FVY2VZJDZ7GMZHAMBM 只覆盖日期；候选均未列 parents、sister、Aunt Mia，应为 gap。
023-b20260803-r2-0-00061-0-00061-q2,multi-hop,validation,"When is Uncle Tom's birthday, and what event are you planning for him during the California trip?","Uncle Tom's birthday is on May 15th, and you are planning a picnic at the beach near Santa Cruz for him.",Alex and family plan to visit California in May.,"[""01KZ3JQ90H40DZWATDC4EK1BYK""]",[0],"[[""01KZ3JPXZ7RP66J5WZF59RM0C9""]]","{""entities"": [""California"", ""Tom's"", ""Uncle""], ""time_constraints"": [], ""operands"": [], ""list_cardinality"": {""known"": false, ""count"": 0}, ""update_state"": """", ""gap"": {""kind"": ""entity"", ""entity"": ""California"", ""start"": null, ""end"": null, ""operand"": """", ""source_need"": ""entity:California""}}",[],pass,
023-b20260803-r2-0-00066-0-00066-q2,multi-hop,validation,When did Sam plan to complete his first draft of the thesis and what changes did he make to the data distribution algorithm in June 2026?,"Sam planned to complete his first draft by the end of July 2026. In June 2026, he made changes to the data distribution algorithm and found a way to reduce latency by 20%.","Sam's thesis is provisionally titled 'Enhancing Fault Tolerance in Distributed Databases through Advanced Consistency Protocols'. || Dr. Elena Volkov and Dr. Richard Peterson are Sam's primary advisors. || Sam aims to finish the first draft of his thesis by the end of July. || Sam intends to start implementing his thesis model this weekend. || Sam is struggling with the methodology part of his thesis. || Sam is working on a thesis about fault tolerance in distributed databases. || Sam is working on the performance evaluation section of his thesis. || Sam needs to clean up and preprocess the dataset before starting the implementation. || Sam optimized the data distribution algorithms for his thesis, reducing latency by 20%. || Sam plans to implement a deep learning model to predict system latency for his thesis. || Sam plans to present his preliminary findings at the International Conference on Distributed Systems in September 2026. || Sam tested the new algorithm and found it performs better under high load conditions.","[""01KZ3JX0GGR05YDXGNKMB07QVD"", ""01KZ3JX0GJ5MQJBXGWMEB671E9"", ""01KZ3JX6XM0J1MY5G12NKGA8D8"", ""01KZ3JXPB0AGH0WFN875K4YCH1"", ""01KZ3JXPAVJV3AEHQ8D5C7E5K6"", ""01KZ3JX0GDNYVJ2WPERP861VG8"", ""01KZ3JXPAR6HZ3KYCBDWPD1K95"", ""01KZ3JXPB2JTS7ZTRHNF12C6J7"", ""01KZ3JX6XH64J33FEQ7XVYTWEF"", ""01KZ3JXPAXT3SRCPSJ2DPQX1NS"", ""01KZ3JX0GN6RKJSG5A1PB4PRT9"", ""01KZ3JX6XK7PDP5A8W4XHN71D2""]","[0, 1, 2, 3, 4, 5, 6, 7, 8, 9, 10, 11]","[[""01KZ3JWNHGFAX7VSV540KT6A31""], [""01KZ3JWNHHTHDX7TRN0TWXHQ90""], [""01KZ3JX0GTD1YS5N6W0XAA5KPP""], [""01KZ3JXEFD8FYSBEP7ZND5EVAY""], [""01KZ3JXEFCDARPJ6Q6S9P3RM6D""], [""01KZ3JWNHFKQ2JHHVC116PHXJD""], [""01KZ3JXEFCAGE8MTHXT5XJYTGA""], [""01KZ3JXEFD8FYSBEP7ZND5EVAY""], [""01KZ3JX0GR973A90QCD0HV83K2""], [""01KZ3JXEFDHCZSES1NNN46G32Q""], [""01KZ3JWNHHGBE3XQVS75Q172ZM""], [""01KZ3JX0GRQKQHD7C0HXR8AVQN""]]","{""entities"": [""June"", ""Sam""], ""time_constraints"": [""2026-06""], ""operands"": [], ""list_cardinality"": {""known"": false, ""count"": 0}, ""update_state"": """", ""gap"": {""kind"": ""time_range"", ""entity"": """", ""start"": null, ""end"": null, ""operand"": """", ""source_need"": ""time:2026-06""}}",[],fail,gap漏标；应 KEEP 01KZ3JX6XM0J1MY5G12NKGA8D8、01KZ3JX6XH64J33FEQ7XVYTWEF，覆盖 end of July 及算法降延迟 20%。
023-b20260803-r2-0-00177-0-00177-q2,multi-hop,validation,"What initial findings did Sam mention about asynchronous and synchronous replication strategies, and how did he incorporate his recent test results on network latency reduction into his thesis progress?","Sam found that asynchronous replication can lead to better performance but may compromise data consistency, while synchronous replication ensures consistency but can impact availability. He incorporated recent test results showing a 30% reduction in network latency into his thesis as a key finding.","Asynchronous replication can lead to better performance but may compromise data consistency. || Sam aims to submit his thesis by 2027-12-31. || Sam conducted additional tests on network latency, finding an average of 50 milliseconds under normal conditions. || Sam finished the chapter on distributed databases. || Sam found a new algorithm that reduces latency by about 30% in their current setup. || Sam has read up on handling packet loss in TCP and UDP. || Sam is currently working on the network protocols section of the thesis. || Sam is exploring how different replication strategies affect data availability and consistency in distributed databases. || Sam is focusing on fault tolerance mechanisms in distributed databases. || Sam is working on his thesis focusing on fault tolerance strategies in distributed systems, particularly Paxos and Raft algorithms. || Sam is working on optimizing network latency in distributed databases for his thesis. || Sam needs more real-world examples to clarify the section on fault tolerance strategies in his thesis. || Sam plans to include the new algorithm as one of the key findings in their thesis. || Sam plans to include the new latency data in the methodology section of the thesis. || Sam plans to research case studies involving Paxos and Raft algorithms in production environments. || Sam ran a series of benchmarks to confirm the improvement in latency. || Sam's advisor wants to review his thesis before the summer break starts next month. || Synchronous replication ensures consistency but can impact availability. || The benchmarks showed consistent results supporting the new algorithm’s effectiveness.","[""01KZ3PVM2NFWFD43D9D431KX1C"", ""01KZ3PVM2M42WSZPZ442DYQQCK"", ""01KZ3PVXZK7B9M8CGK1NKT5GZH"", ""01KZ3PVXZG4HT31RJ2KJFJ9XTG"", ""01KZ3PWEVJ2XW3XN8PA8W067Y6"", ""01KZ3PVXZKVD13WWQP3X0SNPWW"", ""01KZ3PVXZJFH40WTMH8NBJSEY4"", ""01KZ3PVM2JRXH7M3X2DYJJQ21D"", ""01KZ3PVM2G8RNZFEWR2S968A76"", ""01KZ3PW6WKG65KZ87F7SHT735X"", ""01KZ3PWEVG5Y8SGS76WR2XJDY5"", ""01KZ3PW6WPHW5RS36E33H9WVWD"", ""01KZ3PWEVPASNF0KVDCFPGX952"", ""01KZ3PVXZMSM0YFX6BQDDPD75X"", ""01KZ3PW6WQWF482DG87ZY8PB2Q"", ""01KZ3PWEVM98WMM1QW734YNXYE"", ""01KZ3PW6WRV19A8B5SZ1BTG74S"", ""01KZ3PVM2PPKF779G8C2P7A77D"", ""01KZ3PWEVNKRK6BXDRR88T8R04""]","[0, 1, 2, 3, 4, 5, 6, 7, 8, 9, 10, 11, 12, 13, 14, 15, 16, 17, 18]","[[""01KZ3PVC5JY7XBBX2SJT324302""], [""01KZ3PVC5HFM989H7BPRK6A6JE""], [""01KZ3PVM2SRQY4NVX12HN5X3WF""], [""01KZ3PVM2RMF2JD2X5TRAPJNHC""], [""01KZ3PW6WT3YRT6Q14P9RY0WT7""], [""01KZ3PVM2RXWBMF5GJ8V15P3X7""], [""01KZ3PVM2RMF2JD2X5TRAPJNHC""], [""01KZ3PVC5HZX1VC1H9N8GGK70Q""], [""01KZ3PVC5GXG2QWJS60KF2MFMD""], [""01KZ3PVXZN55MB487Y5BFBJSGG"", ""01KZ3PVXZNCSPAAM4WJ69XTA9N""], [""01KZ3PW6WSQ33G9VWNTWGFD3ZY""], [""01KZ3PVXZN55MB487Y5BFBJSGG""], [""01KZ3PW6WVNAP89JQ71KS6W0DK""], [""01KZ3PVM2SB3D62J97NGC0GAPR""], [""01KZ3PVXZPYC2VE39WCJS0C25N""], [""01KZ3PW6WTV5BA8XDP4Y5KTDHV""], [""01KZ3PVXZPSY54H5WKY1MBJ686""], [""01KZ3PVC5JY7XBBX2SJT324302""], [""01KZ3PW6WTV5BA8XDP4Y5KTDHV""]]","{""entities"": [""Sam""], ""time_constraints"": [], ""operands"": [], ""list_cardinality"": {""known"": false, ""count"": 0}, ""update_state"": ""recent"", ""gap"": null}","[{""kind"": ""KEEP"", ""candidate_id"": ""01KZ3PVM2NFWFD43D9D431KX1C"", ""source_id"": ""01KZ3PVC5JY7XBBX2SJT324302""}, {""kind"": ""KEEP"", ""candidate_id"": ""01KZ3PVM2PPKF779G8C2P7A77D"", ""source_id"": ""01KZ3PVC5JY7XBBX2SJT324302""}]",fail,现有 KEEP 只覆盖异步/同步复制结论；还应 KEEP 01KZ3PWEVJ2XW3XN8PA8W067Y6、01KZ3PWEVPASNF0KVDCFPGX952。
023-b20260803-r2-0-00095-0-00095-q2,multi-hop,validation,When did Dana start her home-lab project and what changes did she make to improve its performance and network coverage?,"Dana started her home-lab project about a year ago. To improve performance, she upgraded the server hardware to a newer model. For network coverage, she added a second access point but was still unsatisfied with the coverage in one corner of the house, indicating the need to consider mesh systems.",Dana added a column for code reviews in Trello to improve workflow. || Dana added a new GPU for rendering tasks and an SSD for faster storage access to her home-lab's server. || Dana added a second access point to improve Wi-Fi coverage. || Dana chose the new hardware to better handle database loads and support more virtual machines. || Dana considered trying mesh systems for better Wi-Fi coverage. || Dana faced challenges with the Wi-Fi range in her home-lab project and upgraded the router. || Dana has implemented a new feature for remote monitoring and will have a beta version ready by the end of the week. || Dana is a software engineer working on a mini data center in her garage. || Dana is considering adding more servers for redundancy and scalability to her home-lab. || Dana is considering implementing encryption for the data at rest due to data sensitivity. || Dana might look into getting a faster switch and a separate network segment for critical services to upgrade her network infrastructure. || Dana plans to start the network upgrades over the weekend next week. || Dana reduced the server load time by about 30%. || Dana’s team is staying motivated and they are close to finishing the next phase of the project. || Dana upgraded the server hardware to the latest model on or after 2026-04-15. || Dana uses Trello for project task management and tracking. || Dana will run load tests using the same scripts with a larger dataset to simulate real-world usage. || The assistant advised Dana to implement encryption for the data at rest to enhance security and compliance.,"[""01KZ3KWYT09Z1ME6VGTET2ZZNN"", ""01KZ3KW7YD7QPJ3DJ6BKV28JFZ"", ""01KZ3KWYSXGFFNW1FSAE80NEP1"", ""01KZ3KWJ3P0SDT36BWSHDQPSFR"", ""01KZ3KWYSY0TGBRE73J8RBFKX0"", ""01KZ3KWYSTHQP6ZSTHP19APHET"", ""01KZ3KWJ3SCZ9KTB916PK7PB5T"", ""01KZ3KVZAV200PNQW99XTE1YKW"", ""01KZ3KW7YF9PTP90D0AD1JY7GS"", ""01KZ3KWJ3VVWMMY4AG7VQCXAZS"", ""01KZ3KW7YH15JE239P7RWP7A0P"", ""01KZ3KW7YJYGBKPNCMFFT75QYT"", ""01KZ3KW7YA7K5QYJXD3NMX9K8B"", ""01KZ3KWYT18VRK7BJV2XQGNR9Y"", ""01KZ3KWJ3NW8ZHP0R5JN47SR1M"", ""01KZ3KWYSZ6M0W8V6NWSPTY0Z4"", ""01KZ3KWJ3R9NZENHE7F4MQ03KZ"", ""01KZ3KWJ3WC4N2H8XR6X6977NW""]","[0, 1, 2, 3, 4, 5, 6, 7, 8, 9, 10, 11, 12, 13, 14, 15, 16, 17]","[[""01KZ3KWJ3YXWZ20GBWED1RADKK""], [""01KZ3KVZB4R4PEN5ANR1ZFNT23""], [""01KZ3KWJ3YY8W4V3157VSRBAVM""], [""01KZ3KW7YM0KZZTAHG1DGMZPR1""], [""01KZ3KWJ3YY8W4V3157VSRBAVM""], [""01KZ3KWJ3XCEWGXBYDHEM4AJGR""], [""01KZ3KW7YPD4APP0535T8Z429Z""], [""01KZ3KVPTTW95603YF4BNT17P6""], [""01KZ3KVZB4R4PEN5ANR1ZFNT23""], [""01KZ3KW7YQ5C9FGT51N8DC2PSZ""], [""01KZ3KVZB4R4PEN5ANR1ZFNT23""], [""01KZ3KVZB5AC1CDMN2T5QVV20D""], [""01KZ3KVZB4R4PEN5ANR1ZFNT23""], [""01KZ3KWJ3ZHK5ZXES4E5TMYG0J""], [""01KZ3KW7YM3WR6DHDPZZ5SYCP7""], [""01KZ3KWJ3YXWZ20GBWED1RADKK""], [""01KZ3KW7YNFZ508BV2CZQDDXV4""], [""01KZ3KW7YQ5C9FGT51N8DC2PSZ""]]","{""entities"": [""Dana""], ""time_constraints"": [], ""operands"": [], ""list_cardinality"": {""known"": false, ""count"": 0}, ""update_state"": """", ""gap"": null}","[{""kind"": ""KEEP"", ""candidate_id"": ""01KZ3KWYSXGFFNW1FSAE80NEP1"", ""source_id"": ""01KZ3KWJ3YY8W4V3157VSRBAVM""}, {""kind"": ""KEEP"", ""candidate_id"": ""01KZ3KWYSY0TGBRE73J8RBFKX0"", ""source_id"": ""01KZ3KWJ3YY8W4V3157VSRBAVM""}, {""kind"": ""KEEP"", ""candidate_id"": ""01KZ3KWYSTHQP6ZSTHP19APHET"", ""source_id"": ""01KZ3KWJ3XCEWGXBYDHEM4AJGR""}, {""kind"": ""KEEP"", ""candidate_id"": ""01KZ3KW7YJYGBKPNCMFFT75QYT"", ""source_id"": ""01KZ3KVZB5AC1CDMN2T5QVV20D""}, {""kind"": ""KEEP"", ""candidate_id"": ""01KZ3KWJ3NW8ZHP0R5JN47SR1M"", ""source_id"": ""01KZ3KW7YM3WR6DHDPZZ5SYCP7""}]",fail,现有 KEEP 只部分覆盖硬件与网络改动，未覆盖 about a year ago 和 one-corner 细节；候选无完整答案，应为 gap。
023-b20260803-r2-0-00091-0-00091-q2,multi-hop,validation,"Did Dana encounter any new challenges after setting up her initial server in 2025-09-15, and how did she address the bandwidth issue in 2026-04-26?",Dana encountered a bandwidth bottleneck after setting up her initial server. She addressed it by considering upgrading to a faster internet plan and also looking into configuration tweaks.,Dana added two new servers to her home-lab last week. || Dana and a friend plan to start a side project on an IoT system for monitoring home energy usage next week. || Dana finished setting up a new server for additional storage capacity on 2026-01-14. || Dana got the first server online in September 2025. || Dana has a home-lab project. || Dana has been working on integrating a new server into her network since 2026-04-19. || Dana is a software engineer. || Dana is considering upgrading to a faster internet plan to address the bandwidth issue. || Dana is facing a bandwidth bottleneck while integrating the new server. || Dana is planning to check for configuration tweaks before upgrading the internet plan. || Dana plans to implement two-factor authentication next week. || Dana plans to integrate the new servers by the end of May 2026. || Dana plans to start working on the data backup system this weekend. || Dana started using a new monitoring tool to manage her home-lab project. || Dana updated firewall rules yesterday to better secure the network. || Dana wants to set up the new servers for a distributed database system and machine learning experiments. || Feedback from the beta testers of Dana’s home-lab setup was generally positive. || The home-lab project was discussed initially on 2025-09-15.,"[""01KZ3KRH1X4X2N4ARZHTFXSFKY"", ""01KZ3KRH27XQCG9AC44J6NE56N"", ""01KZ3KR66K7XDZWXRKAPKWPV6W"", ""01KZ3KR66T4EVR0YEQQY2PSVQV"", ""01KZ3KQHM05XR2SMVG45V9VT2S"", ""01KZ3KQS2NJ66E7DW089G5WTK7"", ""01KZ3KQHKYTCM0HZFNS0DQ5Z3P"", ""01KZ3KQS2QJCBR3GETE5T3GG6K"", ""01KZ3KQS2PX097D21KM6KA5TRP"", ""01KZ3KQS2R6D0S0B0RHKPRJWW9"", ""01KZ3KR66XFYX2NNBFQPVFFE82"", ""01KZ3KRH20RNP76A28WYDZJ2HQ"", ""01KZ3KR66ZTQRG6NR4CEG6CFF6"", ""01KZ3KQS2SWNXWAY9HYKP6B8NF"", ""01KZ3KR66WHDMDSGR4ZHEFQRCR"", ""01KZ3KRH224NQ5DHAFNQ34PF9J"", ""01KZ3KRH25BYZFQWAV3HPDGSY3"", ""01KZ3KR66Q41AKCSGY58E1223J""]","[0, 1, 2, 3, 4, 5, 6, 7, 8, 9, 10, 11, 12, 13, 14, 15, 16, 17]","[[""01KZ3KR671Z339WZR98HG9Y8J4""], [""01KZ3KR675D83WMZVA8S1GGFFS""], [""01KZ3KQS2STTRWT43FB93VF6Q9"", ""01KZ3KQS2TAFNTSAV4C8KTN7DJ""], [""01KZ3KQS2TX2YA6PT43MVF9DHA""], [""01KZ3KQEHZB8GPWVHVDWTMB184""], [""01KZ3KQHM26FSW57FYDQ83M7TF""], [""01KZ3KQEHZB8GPWVHVDWTMB184""], [""01KZ3KQHM49ZWVJNE8GVGRRVPT""], [""01KZ3KQHM31B8VZZ36GFT0GNBP""], [""01KZ3KQHM409FHA32XSZ7AKBHS""], [""01KZ3KQS2TVZQ0P2YA594J7PJS""], [""01KZ3KR671Z339WZR98HG9Y8J4""], [""01KZ3KQS2TMRR854C6YJR4N3BC""], [""01KZ3KQHM5A80YHJGSTM2S2MVA""], [""01KZ3KQS2TVZQ0P2YA594J7PJS""], [""01KZ3KR672WDTCA5E86ZWC7YKT""], [""01KZ3KR673JMS2RT8ZHC2ANMBW""], [""01KZ3KQS2TAFNTSAV4C8KTN7DJ"", ""01KZ3KQS2TX2YA6PT43MVF9DHA""]]","{""entities"": [""Dana""], ""time_constraints"": [""2025-09-15"", ""2026-04-26""], ""operands"": [{""name"": ""after"", ""satisfied"": false}], ""list_cardinality"": {""known"": false, ""count"": 0}, ""update_state"": """", ""gap"": null}","[{""kind"": ""KEEP"", ""candidate_id"": ""01KZ3KQS2NJ66E7DW089G5WTK7"", ""source_id"": ""01KZ3KQHM26FSW57FYDQ83M7TF""}, {""kind"": ""KEEP"", ""candidate_id"": ""01KZ3KQS2QJCBR3GETE5T3GG6K"", ""source_id"": ""01KZ3KQHM49ZWVJNE8GVGRRVPT""}]",fail,现有 KEEP 漏掉瓶颈本身和 configuration tweaks；应 KEEP 01KZ3KQS2PX097D21KM6KA5TRP、01KZ3KQS2QJCBR3GETE5T3GG6K、01KZ3KQS2R6D0S0B0RHKPRJWW9。
023-b20260803-r2-0-00064-0-00064-q2,multi-hop,validation,"What consensus algorithms did Sam mention he planned to study for his thesis, and did he implement one based on these algorithms?","Sam mentioned he planned to study Raft, Paxos, and Zab. He implemented a prototype based on the Chord network with modifications to improve fault tolerance.","Sam aims to complete his thesis by the end of 2027. || Sam aims to have his thesis draft finalized by mid-September. || Sam faced challenges in ensuring consistency under high network latency during implementation. || Sam feels a need for more hands-on practice to better understand consensus algorithms. || Sam finds Paxos more abstract and harder to understand than Raft. || Sam finished the initial prototype of his thesis last week. || Sam has read extensively about consensus algorithms, focusing on Paxos and Raft. || Sam has tested his prototype with both stable and highly fluctuating network conditions. || Sam is testing the performance of different consensus algorithms under various failure conditions. || Sam is using visual aids and code snippets to simulate consensus algorithms for better understanding. || Sam is working on fault tolerance mechanisms in distributed databases for his thesis. || Sam is working on the thesis proposal for the summer, currently stuck on the literature review section. || Sam plans to compare the efficiency and reliability of Raft, Paxos, and Zab consensus algorithms. || Sam plans to present his findings at the upcoming ACM conference in October. || Sam's thesis focuses on exploring data consistency in distributed systems during node failures. || Sam's thesis prototype is based on the Chord network with modifications for fault tolerance. || The assistant suggested Sam work on implementing a simplified version of a consensus algorithm for practical experience.","[""01KZ3JTGWMQPEB8PHRJRDYP0TA"", ""01KZ3JVC5DY3DBAA5R14M9G8A2"", ""01KZ3JVC58ENX0WYXJ1V3HX8VX"", ""01KZ3JTZS8WNQYGZAMR94FEP6B"", ""01KZ3JTZS61T8MN2V1TYWGSPXG"", ""01KZ3JVC54CYPTHX2XQTNVVASM"", ""01KZ3JTZS49DPX1EFYTX74CCGE"", ""01KZ3JVC5A8Y72KJA8M9SAN9MX"", ""01KZ3JTGWJYTWFQ8XYJ5B44TXM"", ""01KZ3JTZS7BW2JY94WCDXS0GMP"", ""01KZ3JTGWEV0AF0CEMVRVJ07CT"", ""01KZ3JTZS113S0T9JJDJ7KG6XD"", ""01KZ3JTGWK5WEFMQVZKANZ2JPN"", ""01KZ3JVC5F3K3EP66XZ84X2SNY"", ""01KZ3JTGWGWEQZAFR13RV8AV2T"", ""01KZ3JVC56SPR8KZ2VJJR57JXE"", ""01KZ3JTZS93D4F2YCWR6VVD630""]","[0, 1, 2, 3, 4, 5, 6, 7, 8, 9, 10, 11, 12, 13, 14, 15, 16]","[[""01KZ3JT8VYXZPZEY0851M6M7ZX""], [""01KZ3JTZSCAKX1YW7PGQHGVQB2""], [""01KZ3JTZSBZXJ6SXYGS57TF533""], [""01KZ3JTGWSPRWSDZC8KHC9ZG6X""], [""01KZ3JTGWR731DFZZGBEGDZJ5B""], [""01KZ3JTZSBYRZMR8J73CMZKY4B""], [""01KZ3JTGWR8BPK73DNYN6XJKRS""], [""01KZ3JTZSB9W8BN4DN7XYMH3TQ""], [""01KZ3JT8VVKVGQ2Y2K2XET2QDX""], [""01KZ3JTGWSPRWSDZC8KHC9ZG6X""], [""01KZ3JT8VT2XTC6D25NCEAWQ2V""], [""01KZ3JTGWP8CV1NZJZFGYWG63N""], [""01KZ3JT8VX1KPN3560VM45AR73""], [""01KZ3JTZSCTM8R0E5FRB2AX5AZ""], [""01KZ3JT8VT2XTC6D25NCEAWQ2V""], [""01KZ3JTZSBYRZMR8J73CMZKY4B""], [""01KZ3JTGWV1FKPCW9WA9GQYYPH""]]","{""entities"": [""Sam""], ""time_constraints"": [], ""operands"": [], ""list_cardinality"": {""known"": false, ""count"": 0}, ""update_state"": """", ""gap"": null}","[{""kind"": ""KEEP"", ""candidate_id"": ""01KZ3JVC54CYPTHX2XQTNVVASM"", ""source_id"": ""01KZ3JTZSBYRZMR8J73CMZKY4B""}, {""kind"": ""KEEP"", ""candidate_id"": ""01KZ3JVC56SPR8KZ2VJJR57JXE"", ""source_id"": ""01KZ3JTZSBYRZMR8J73CMZKY4B""}]",fail,现有 KEEP 只覆盖 Chord prototype；还应 KEEP 01KZ3JTGWK5WEFMQVZKANZ2JPN，覆盖 Raft、Paxos、Zab。
023-b20260803-r2-0-00057-0-00057-q2,multi-hop,validation,"When did the launch date for FitTrack change from the original December plan to the final January 15th date, and who is handling marketing according to the latest team roles?",The launch date changed from December to January 15th. Sarah is handling marketing according to the latest team roles.,"Priya expects the beta version of FitTrack to be ready by July 1st, 2026. || Priya expects the full launch of FitTrack to be in September 2026. || Priya has set up a feedback system in the FitTrack app for users to rate features and suggest improvements. || Priya is concerned about the potential for too many suggestions overwhelming the team during the beta phase of FitTrack. || Priya is working on a health app called FitTrack. || The main team on the FitTrack project includes Alex, leading development, and Maya, handling marketing.","[""01KZ3JHVHBFKGXSPWRAY1G5C9G"", ""01KZ3JHVHC2NJ5K86RBTP5YXSC"", ""01KZ3JHVHEF1MBQ1PMBH1X98FB"", ""01KZ3JHVHF8XMCRWEVE3DA2SNE"", ""01KZ3JHVH56CDDM79ZVQ1EC1R3"", ""01KZ3JHVH9JS1TJAYYSSB4R9G3""]","[0, 1, 2, 3, 4, 5]","[[""01KZ3JHGBF8W1X94WHKMQM2NE6""], [""01KZ3JHGBF8W1X94WHKMQM2NE6""], [""01KZ3JHGBGCT5WBZEM2VCF3BFE""], [""01KZ3JHGBGY33N89AMYKZZ66SC""], [""01KZ3JHGBFWWGVA5X4WPDHXZVQ""], [""01KZ3JHGBFWWGVA5X4WPDHXZVQ""]]","{""entities"": [""December"", ""FitTrack"", ""January""], ""time_constraints"": [""january 15""], ""operands"": [], ""list_cardinality"": {""known"": false, ""count"": 0}, ""update_state"": ""latest"", ""gap"": {""kind"": ""time_range"", ""entity"": """", ""start"": null, ""end"": null, ""operand"": """", ""source_need"": ""time:january 15""}}",[],pass,
023-b20260803-r2-0-00052-0-00052-q3,open-domain,validation,When is your family planning to go on the trip to Florida?,July 5th to July 10th,Alex is planning a family trip to the beach in Florida.,"[""01KZ3JC3VGHYAQTGGBTFMRGKSB""]",[0],"[[""01KZ3JBS8ZY64QZGFWE14KMPFV""]]","{""entities"": [""Florida""], ""time_constraints"": [], ""operands"": [], ""list_cardinality"": {""known"": false, ""count"": 0}, ""update_state"": """", ""gap"": {""kind"": ""entity"", ""entity"": ""Florida"", ""start"": null, ""end"": null, ""operand"": """", ""source_need"": ""entity:Florida""}}",[],pass,
023-b20260803-r2-0-00008-0-00008-q3,open-domain,validation,What is the new soft launch date for QuickSync?,July 1st,Priya is working on the launch of a new software feature called 'QuickSync'.,"[""01KZ3GS59MCTBZV713V26JWED5""]",[0],"[[""01KZ3GRWPDC2CCERBWQ131HKMJ""]]","{""entities"": [""QuickSync""], ""time_constraints"": [], ""operands"": [], ""list_cardinality"": {""known"": false, ""count"": 0}, ""update_state"": """", ""gap"": {""kind"": ""entity"", ""entity"": ""QuickSync"", ""start"": null, ""end"": null, ""operand"": """", ""source_need"": ""entity:QuickSync""}}",[],pass,
023-b20260803-r2-0-00002-0-00002-q3,open-domain,validation,When do you think you'll start working on integrating IoT devices into the HomeNet project?,"Probably after the current release is out, around mid-February.",Dana's project is called 'HomeNet'. || Dana started the HomeNet project in March 2024.,"[""01KZ3GJ5E52M265EVNB9SBBJ6M"", ""01KZ3GJ5E6Z3088WR2F20AF9EG""]","[0, 1]","[[""01KZ3GJ01EWZCVXV123VMF9KN4""], [""01KZ3GJ01ETMFE3PG8D1M8DBX5""]]","{""entities"": [""HomeNet"", ""IoT""], ""time_constraints"": [], ""operands"": [], ""list_cardinality"": {""known"": false, ""count"": 0}, ""update_state"": """", ""gap"": {""kind"": ""entity"", ""entity"": ""HomeNet"", ""start"": null, ""end"": null, ""operand"": """", ""source_need"": ""entity:HomeNet""}}",[],pass,
023-b20260803-r2-0-00104-0-00104-q3,open-domain,validation,What are the dates for Alex's upcoming trip to Canada?,July 15th to July 29th,"Alex and his family are planning a vacation to Canada from July 15th to July 29th. || Alex is considering a barbecue at home for the birthday celebration. || Alex is looking into personalized photo albums as a birthday gift for parents. || Alex is planning a trip to Italy with his parents and sister. || Alex is preparing grilled chicken and pasta salad for the picnic. || Alex plans to have a picnic at Prospect Park for the July 4th holiday. || Alex's birthday is on June 25th. || Alex's father's birthday is on June 17, 2026. || Alex wants to include corn on the cob and watermelon at the picnic.","[""01KZ3M71G7930YT188ZMZCH74A"", ""01KZ3M7DT12TQ3NENKBP73PNCF"", ""01KZ3M7DT1BZGS68DF5STZQNRP"", ""01KZ3M6N29C65ZW2BA66WDXYC1"", ""01KZ3M7DSYJZYR5Z9F7RFVAF23"", ""01KZ3M7DSWVDVZPCRKVDSETXR1"", ""01KZ3M7DT07BSRYTY81TCX394K"", ""01KZ3M6N2CDHRQFRWE8M37EF99"", ""01KZ3M7DSZZG2EFJQ65QSKJW3S""]","[0, 1, 2, 3, 4, 5, 6, 7, 8]","[[""01KZ3M6W7GYN7P0YBB7F8F52S8""], [""01KZ3M71GGN68F7YNMFE0DA80A""], [""01KZ3M71GHFK8BSTGPN7X5WEC3""], [""01KZ3M6EE59WS1Y432CGTYQ703""], [""01KZ3M71GEAFA4FBPREF3P4NBR""], [""01KZ3M71GD3FPEPNBV06RF2P91""], [""01KZ3M71GFJTTJMB5GNGQZ9J59""], [""01KZ3M6EE545DJF9BNAJ0C8CT7""], [""01KZ3M71GEQ2BJ2V6RCXJK6TKM""]]","{""entities"": [""Alex's"", ""Canada""], ""time_constraints"": [], ""operands"": [], ""list_cardinality"": {""known"": false, ""count"": 0}, ""update_state"": """", ""gap"": null}","[{""kind"": ""KEEP"", ""candidate_id"": ""01KZ3M71G7930YT188ZMZCH74A"", ""source_id"": ""01KZ3M6W7GYN7P0YBB7F8F52S8""}]",pass,
023-b20260803-r2-0-00064-0-00064-q3,open-domain,validation,What are the consensus algorithms Sam plans to study in his thesis?,"Sam plans to study Raft, Paxos, and Zab.","Sam aims to complete his thesis by the end of 2027. || Sam aims to have his thesis draft finalized by mid-September. || Sam faced challenges in ensuring consistency under high network latency during implementation. || Sam feels a need for more hands-on practice to better understand consensus algorithms. || Sam finds Paxos more abstract and harder to understand than Raft. || Sam finished the initial prototype of his thesis last week. || Sam has read extensively about consensus algorithms, focusing on Paxos and Raft. || Sam has tested his prototype with both stable and highly fluctuating network conditions. || Sam is testing the performance of different consensus algorithms under various failure conditions. || Sam is using visual aids and code snippets to simulate consensus algorithms for better understanding. || Sam is working on fault tolerance mechanisms in distributed databases for his thesis. || Sam is working on the thesis proposal for the summer, currently stuck on the literature review section. || Sam plans to compare the efficiency and reliability of Raft, Paxos, and Zab consensus algorithms. || Sam plans to present his findings at the upcoming ACM conference in October. || Sam's thesis focuses on exploring data consistency in distributed systems during node failures. || Sam's thesis prototype is based on the Chord network with modifications for fault tolerance. || The assistant suggested Sam work on implementing a simplified version of a consensus algorithm for practical experience.","[""01KZ3JTGWMQPEB8PHRJRDYP0TA"", ""01KZ3JVC5DY3DBAA5R14M9G8A2"", ""01KZ3JVC58ENX0WYXJ1V3HX8VX"", ""01KZ3JTZS8WNQYGZAMR94FEP6B"", ""01KZ3JTZS61T8MN2V1TYWGSPXG"", ""01KZ3JVC54CYPTHX2XQTNVVASM"", ""01KZ3JTZS49DPX1EFYTX74CCGE"", ""01KZ3JVC5A8Y72KJA8M9SAN9MX"", ""01KZ3JTGWJYTWFQ8XYJ5B44TXM"", ""01KZ3JTZS7BW2JY94WCDXS0GMP"", ""01KZ3JTGWEV0AF0CEMVRVJ07CT"", ""01KZ3JTZS113S0T9JJDJ7KG6XD"", ""01KZ3JTGWK5WEFMQVZKANZ2JPN"", ""01KZ3JVC5F3K3EP66XZ84X2SNY"", ""01KZ3JTGWGWEQZAFR13RV8AV2T"", ""01KZ3JVC56SPR8KZ2VJJR57JXE"", ""01KZ3JTZS93D4F2YCWR6VVD630""]","[0, 1, 2, 3, 4, 5, 6, 7, 8, 9, 10, 11, 12, 13, 14, 15, 16]","[[""01KZ3JT8VYXZPZEY0851M6M7ZX""], [""01KZ3JTZSCAKX1YW7PGQHGVQB2""], [""01KZ3JTZSBZXJ6SXYGS57TF533""], [""01KZ3JTGWSPRWSDZC8KHC9ZG6X""], [""01KZ3JTGWR731DFZZGBEGDZJ5B""], [""01KZ3JTZSBYRZMR8J73CMZKY4B""], [""01KZ3JTGWR8BPK73DNYN6XJKRS""], [""01KZ3JTZSB9W8BN4DN7XYMH3TQ""], [""01KZ3JT8VVKVGQ2Y2K2XET2QDX""], [""01KZ3JTGWSPRWSDZC8KHC9ZG6X""], [""01KZ3JT8VT2XTC6D25NCEAWQ2V""], [""01KZ3JTGWP8CV1NZJZFGYWG63N""], [""01KZ3JT8VX1KPN3560VM45AR73""], [""01KZ3JTZSCTM8R0E5FRB2AX5AZ""], [""01KZ3JT8VT2XTC6D25NCEAWQ2V""], [""01KZ3JTZSBYRZMR8J73CMZKY4B""], [""01KZ3JTGWV1FKPCW9WA9GQYYPH""]]","{""entities"": [""Sam""], ""time_constraints"": [], ""operands"": [], ""list_cardinality"": {""known"": false, ""count"": 0}, ""update_state"": """", ""gap"": {""kind"": ""entity"", ""entity"": ""Sam"", ""start"": null, ""end"": null, ""operand"": """", ""source_need"": ""entity:Sam""}}",[],fail,gap漏标；应 KEEP 01KZ3JTGWK5WEFMQVZKANZ2JPN，直接列出 Raft、Paxos、Zab。
023-b20260803-r2-0-00173-0-00173-q3,open-domain,validation,When is the family trip to Paris scheduled?,The family trip to Paris is scheduled for July 15th to July 22nd.,Alex finalized the family trip dates for July 15th to July 22nd.,"[""01KZ3PQ8FVY2VZJDZ7GMZHAMBM""]",[0],"[[""01KZ3PPZRETSHVDZM9RKP89QWV""]]","{""entities"": [""Paris""], ""time_constraints"": [], ""operands"": [], ""list_cardinality"": {""known"": false, ""count"": 0}, ""update_state"": """", ""gap"": null}","[{""kind"": ""KEEP"", ""candidate_id"": ""01KZ3PQ8FVY2VZJDZ7GMZHAMBM"", ""source_id"": ""01KZ3PPZRETSHVDZM9RKP89QWV""}]",pass,
023-b20260803-r2-0-00041-0-00041-q3,open-domain,validation,"When did Dana add a new server for running additional tests, and what kind of server is it?",Dana added a new Raspberry Pi 4 with 8GB of RAM for running additional tests by the end of April.,"Dana added a new server, a Raspberry Pi 4 with 8GB of RAM, for running additional tests. || Dana added two new routers to her home-lab network last month to optimize its speed. || Dana aims to integrate the new machine learning model by the end of June 2026. || Dana encountered issues with the compatibility of the new model with the existing framework during the update. || Dana encountered latency issues with certain applications during the initial setup of her new routers. || Dana expects her new SSD to arrive in the next couple of days. || Dana has been tweaking firewall rules to better protect against DDoS attacks on the network security system. || Dana hopes to have her network setup fine-tuned by next week. || Dana is planning to set up a continuous integration/continuous deployment pipeline for the project. || Dana is purchasing a new SSD to expand her home-lab's storage capacity this month. || Dana plans to seek help from tech friends online if she doesn't resolve the latency issues by next week. || Dana plans to use the new server for testing a new virtualization setup, running containers and comparing performance to existing virtual machines. || Dana resolved the compatibility issue by modifying the framework’s configuration files. || Dana's home-lab consists of three servers: one for development, one for testing, and one for production. || Dana started her home-lab project in 2024. || Dana updated the data preprocessing pipeline to handle larger datasets more efficiently. || Dana updated the database schema to include more detailed logging for troubleshooting purposes. || Dana uses Docker, Kubernetes, and Jenkins in her home-lab. || Dana wants to improve her knowledge of security best practices and integrate machine learning tools for automation in her home-lab. || Dana will start installing her new SSD after it arrives. || Dana will start setting up the new virtualization setup by the end of next week. || Managing the load between the servers during peak testing periods is a challenge for Dana. || Their next meeting to discuss the home-lab project is scheduled for February 22, 2026.","[""01KZ3HZE4ZT9J0FBSSWSZZ4Q8J"", ""01KZ3HZ2HPSBB7GVRW93GPFE07"", ""01KZ3HYKJYZ4C33Z4W2AA2K1BS"", ""01KZ3HYKK0PTBWS289R82X038G"", ""01KZ3HZ2HRPAF1D8V9QGWWBC2V"", ""01KZ3HZ2HYA1MVB1532KRVBTCQ"", ""01KZ3HZE4XD85MWNWD61TP7XD6"", ""01KZ3HZ2HTZ8CYV52TG5QWD82Z"", ""01KZ3HYKK2FCA8BJR8GKEEBF7Z"", ""01KZ3HZ2HWP19KTZ2THJX62HDA"", ""01KZ3HZ2HW4YZ73Q24SNX8DCN3"", ""01KZ3HZE5014EJGQRJJ4E2ERH2"", ""01KZ3HYKK1C3X5SBW6GFEVW4B4"", ""01KZ3HY90H0SH2CC0T0EGAX9EX"", ""01KZ3HY90EA19W0WB6VV7DA45H"", ""01KZ3HYKJV95QWFXDCNHEN93BQ"", ""01KZ3HZE52FNXJETQ342KFGJRV"", ""01KZ3HY90MQKEKK5XWY8BC11M2"", ""01KZ3HY90R81B5A8FZ4EYXM65K"", ""01KZ3HZ2J0F58BS8MV6HHACJFP"", ""01KZ3HZE51H0QXW06AGH6R1QJK"", ""01KZ3HY90PZPNX3NJKQRK0D7VC"", ""01KZ3HY90TW60F0DKGHV728HG1""]","[0, 1, 2, 3, 4, 5, 6, 7, 8, 9, 10, 11, 12, 13, 14, 15, 16, 17, 18, 19, 20, 21, 22]","[[""01KZ3HZ2J3W2M7BN8Y8NWJ47Z4""], [""01KZ3HYKK4RRJ8WZKP4EMR9RDW""], [""01KZ3HY90XSZX1HDM03WEY2KET""], [""01KZ3HY90Y3WTE4H9GY5YRW46V""], [""01KZ3HYKK4RRJ8WZKP4EMR9RDW""], [""01KZ3HYKK5BPFBJD667H9C9NGM""], [""01KZ3HZ2J2P32HBECTM4MM9VGG""], [""01KZ3HYKK4SCTCXZS4V8Y1DNH5""], [""01KZ3HY90Z4P16PXNGK42CS3T3""], [""01KZ3HYKK5BPFBJD667H9C9NGM""], [""01KZ3HYKK4SCTCXZS4V8Y1DNH5""], [""01KZ3HZ2J4MX4PE4ZVZSJQ7WQK""], [""01KZ3HY90YXDQDZ6F2K742TM73""], [""01KZ3HY0AQTB947QG9MKHMZECS""], [""01KZ3HY0AP8FCJANVN7X5J9ENT""], [""01KZ3HY90WK0Y39MZ52HP6XVD4""], [""01KZ3HZ2J52ZCTRKBE8YGJZY9A""], [""01KZ3HY0AQGA4H9T06HYXC7Q0S""], [""01KZ3HY0AR016DDZ8Z52WVHDXM""], [""01KZ3HYKK5BPFBJD667H9C9NGM""], [""01KZ3HZ2J43DSN11SMD1GMTSN8""], [""01KZ3HY0ARGJ1FGEJZYJ2PFGNV""], [""01KZ3HY0ARPFX6HA8DN4MYDXMQ""]]","{""entities"": [""Dana""], ""time_constraints"": [], ""operands"": [], ""list_cardinality"": {""known"": false, ""count"": 0}, ""update_state"": """", ""gap"": null}","[{""kind"": ""KEEP"", ""candidate_id"": ""01KZ3HZE4ZT9J0FBSSWSZZ4Q8J"", ""source_id"": ""01KZ3HZ2J3W2M7BN8Y8NWJ47Z4""}]",fail,KEEP 01KZ3HZE4ZT9J0FBSSWSZZ4Q8J 只覆盖服务器类型和用途，未覆盖 by the end of April；应为 gap。
023-b20260803-r2-0-00160-0-00160-q3,open-domain,validation,Did Dana resolve the DNS issue on her new Raspberry Pi after the network configuration problems?,"No, Dana hasn't fully resolved the DNS issue yet; she thinks it might be a DNS problem and is checking if she missed any steps in the setup process.",Dana added a new Raspberry Pi to her network on 2023-05-15. || Dana installed a new OS on her home-lab server but encountered network configuration issues. || Dana is excited about testing machine learning models on the new setup. || Dana is using an external USB drive for backup solutions. || Dana needs to prepare a presentation on her home-lab project for the following week. || Dana plans to finish upgrading the network setup by the end of July 2026. || Dana plans to have the backup solution ready by the end of this week. || Dana started the home-lab project in March 2025. || Dana suspects the network issue on her home-lab server might be due to a DNS problem. || Dana updated the firewall rules on her Raspberry Pi yesterday.,"[""01KZ3P7D76AVVFP5Q3G2Y7M2CS"", ""01KZ3P77CBK4K7BKVPCE08PQ2G"", ""01KZ3P7PDGRPS9RXJ6YGXXMFJ0"", ""01KZ3P7D7909J9PNNN8JSFMR5G"", ""01KZ3P77CGB4PZQ0P06HXWFKN4"", ""01KZ3P7PDE9QDKMQMT874WVZT5"", ""01KZ3P7D7AJPE4AQN916P63HWK"", ""01KZ3P7PD60SQ1V321JPQK1HKE"", ""01KZ3P77CDTKGZTJDQK1RZ1MGX"", ""01KZ3P7D78BBN3BY40GVYCEMPS""]","[0, 1, 2, 3, 4, 5, 6, 7, 8, 9]","[[""01KZ3P77CJPS13Q7X494GJ0K6E""], [""01KZ3P70KD4A74QSWCR13AGJTB""], [""01KZ3P7D7C1E8N4M2G39MXF7K6""], [""01KZ3P77CM1W1GBB7YHPPJMGES""], [""01KZ3P70KEVNJWJVEDR566Z60Z""], [""01KZ3P7D7CMSE13Q2KR3Y2HPNW""], [""01KZ3P77CM1W1GBB7YHPPJMGES""], [""01KZ3P7D7BBYP0JEGTYQWDNJEZ""], [""01KZ3P70KDWJNWJVEQ5DGBMBGP""], [""01KZ3P77CK4JCG7WVFP4V7JZHY""]]","{""entities"": [""DNS"", ""Dana"", ""Pi"", ""Raspberry""], ""time_constraints"": [], ""operands"": [{""name"": ""after"", ""satisfied"": false}], ""list_cardinality"": {""known"": false, ""count"": 0}, ""update_state"": """", ""gap"": {""kind"": ""entity"", ""entity"": ""DNS"", ""start"": null, ""end"": null, ""operand"": """", ""source_need"": ""entity:DNS""}}",[],pass,
023-b20260803-r2-0-00038-0-00038-q3,open-domain,validation,When did Sam start his research on the Chord network implementation by Stanford University?,He began his research two weeks ago.,"Dr. Johnson agreed to review Sam's thesis draft by February 28th. || Sam considered including real-world examples like Raft and Practical Byzantine Fault Tolerance in his thesis. || Sam encountered difficulties with the simulation tools for his thesis. || Sam found a promising open-source library called Scalib for large-scale simulations. || Sam is focusing on the scalability aspects of his thesis. || Sam is working on a thesis about the impact of consensus algorithms in blockchain networks. || Sam plans to extend his work by exploring the impact of different node configurations on system performance. || Sam plans to finalize the Paxos algorithm section of his thesis by March 1st. || Sam's advisor suggested using open-source and commercial tools to address the scalability issues. || Sam started researching case studies for his thesis. || Testing the Scalib library has shown significant improvements in running simulations with over 10,000 nodes.","[""01KZ3HV3TBBH11K6A2CWQEBBYQ"", ""01KZ3HV3TGDMGPFKJT09CE4XA4"", ""01KZ3HVZJZXCDRY07N7ES08ZR3"", ""01KZ3HVZK2GHP8NE9QGN2G0WJV"", ""01KZ3HVZJYN8PT98PJVDA76HH5"", ""01KZ3HTV3CS2C93RSCSQ30CFQ9"", ""01KZ3HVZK4J52SV6JRKQ2Q5B10"", ""01KZ3HV3T7KAS3WX3STW5RD2XC"", ""01KZ3HVZK1P7AJC43T4PN68B62"", ""01KZ3HV3TE45KZ4QRQPBAYX3E8"", ""01KZ3HVZK3Z7NMVW46BHD60HW7""]","[0, 1, 2, 3, 4, 5, 6, 7, 8, 9, 10]","[[""01KZ3HTV3JAZ144REDVKFGXVCR"", ""01KZ3HTV3JNF5DGMTMCZ03S520""], [""01KZ3HTV3JJE6CK2WDZ16PC28V""], [""01KZ3HVJNTNHZ78PP3SGE43HY5""], [""01KZ3HVJNVXYEKF6PCSVE7PNY0""], [""01KZ3HVJNT5MEJQMBCV7GRCHEJ""], [""01KZ3HTJ7C36A17RSDZKKEKH0P""], [""01KZ3HVJNWHZ8Z6S3HRYRGVKFB""], [""01KZ3HTV3H8DENSYMD023FBYZS"", ""01KZ3HTV3JAZ144REDVKFGXVCR""], [""01KZ3HVJNTDAEGC8VJKGXP93E2""], [""01KZ3HTV3JVMDQGRC5D0FJJKW2""], [""01KZ3HVJNVQPAFJYQXNTA3W0TE"", ""01KZ3HVJNVXH3AMR8GZD04DNGN""]]","{""entities"": [""Chord"", ""Sam"", ""Stanford"", ""University""], ""time_constraints"": [], ""operands"": [], ""list_cardinality"": {""known"": false, ""count"": 0}, ""update_state"": """", ""gap"": {""kind"": ""entity"", ""entity"": ""Chord"", ""start"": null, ""end"": null, ""operand"": """", ""source_need"": ""entity:Chord""}}",[],pass,
023-b20260803-r2-0-00089-0-00089-q3,open-domain,validation,Did Sam mention the deadline for his first chapter submission?,February 15th,Balancing performance and fault tolerance is considered the biggest challenge in Sam's research. || Sam completed the section on the impact of different network topologies on performance last week. || Sam finished the section on fault tolerance in distributed systems yesterday. || Sam found that ring networks perform worse under high load compared to mesh networks. || Sam has been refining the algorithm to handle network delays in his thesis. || Sam has read a paper by Dr. Zhang on consensus algorithms. || Sam hopes to submit his thesis by the end of March. || Sam is a graduate student. || Sam is exploring different algorithms and their impact on system reliability for his next chapter. || Sam is writing a thesis on distributed systems. || Sam plans to discuss network partitioning strategies in the next chapter of his thesis. || Sam plans to integrate findings from Dr. Zhang’s paper with his own experiments. || The deadline for Sam's first chapter submission is February 15th.,"[""01KZ3KP19XQ4R4NMDSZ5A8324M"", ""01KZ3KP19T4929XW24JPHVPHE5"", ""01KZ3KP9Z34TVMKR5Q0YW5S368"", ""01KZ3KP19WGSCRQCWY0RYPXNMK"", ""01KZ3KP19RFV7GPWYYN6V903RS"", ""01KZ3KP9Z8S9RN7H5523RDGWDP"", ""01KZ3KP9ZAJYB5ABZZMTWJY1VV"", ""01KZ3KNS2VZ4VE6C51ZGHPTSPB"", ""01KZ3KP9Z7JW62M3CPE6Z2FVA6"", ""01KZ3KNS2XEBZN9BVWV0A0FM52"", ""01KZ3KP9Z5CB61GX07SXN54NS3"", ""01KZ3KP9Z9WRJ4JFCY53YRW03R"", ""01KZ3KP19V0GFBCA053Y30970C""]","[0, 1, 2, 3, 4, 5, 6, 7, 8, 9, 10, 11, 12]","[[""01KZ3KNS6CZ4075MSFAD9Y5PVQ""], [""01KZ3KNS6BTJPAA2256C14FRK8""], [""01KZ3KP19YT6WF7PF1Q34492CR""], [""01KZ3KNS6BY7NT4RK91PFX07SN""], [""01KZ3KNS6A5N8XXT38JNBY8KMV""], [""01KZ3KP19ZA1YKW71CKC0JAVD0""], [""01KZ3KP19ZWWDGAEXTNB38P2RW""], [""01KZ3KNPPY9QD28ZJZNFCYK3SQ""], [""01KZ3KP19YB0YY99FZE85Y6AZH""], [""01KZ3KNPPY9QD28ZJZNFCYK3SQ""], [""01KZ3KP19Y3M0MMNXTE06YBYPF""], [""01KZ3KP19ZA1YKW71CKC0JAVD0""], [""01KZ3KNS6B1SC50XZVDTSC8AYZ""]]","{""entities"": [""Sam""], ""time_constraints"": [], ""operands"": [], ""list_cardinality"": {""known"": false, ""count"": 0}, ""update_state"": """", ""gap"": null}","[{""kind"": ""KEEP"", ""candidate_id"": ""01KZ3KP19V0GFBCA053Y30970C"", ""source_id"": ""01KZ3KNS6B1SC50XZVDTSC8AYZ""}]",pass,
023-b20260803-r2-0-00095-0-00095-q3,open-domain,validation,When did Dana plan to start the network infrastructure upgrades?,Dana planned to start the network infrastructure upgrades over the weekend next week.,Dana added a column for code reviews in Trello to improve workflow. || Dana added a new GPU for rendering tasks and an SSD for faster storage access to her home-lab's server. || Dana added a second access point to improve Wi-Fi coverage. || Dana chose the new hardware to better handle database loads and support more virtual machines. || Dana considered trying mesh systems for better Wi-Fi coverage. || Dana faced challenges with the Wi-Fi range in her home-lab project and upgraded the router. || Dana has implemented a new feature for remote monitoring and will have a beta version ready by the end of the week. || Dana is a software engineer working on a mini data center in her garage. || Dana is considering adding more servers for redundancy and scalability to her home-lab. || Dana is considering implementing encryption for the data at rest due to data sensitivity. || Dana might look into getting a faster switch and a separate network segment for critical services to upgrade her network infrastructure. || Dana plans to start the network upgrades over the weekend next week. || Dana reduced the server load time by about 30%. || Dana’s team is staying motivated and they are close to finishing the next phase of the project. || Dana upgraded the server hardware to the latest model on or after 2026-04-15. || Dana uses Trello for project task management and tracking. || Dana will run load tests using the same scripts with a larger dataset to simulate real-world usage. || The assistant advised Dana to implement encryption for the data at rest to enhance security and compliance.,"[""01KZ3KWYT09Z1ME6VGTET2ZZNN"", ""01KZ3KW7YD7QPJ3DJ6BKV28JFZ"", ""01KZ3KWYSXGFFNW1FSAE80NEP1"", ""01KZ3KWJ3P0SDT36BWSHDQPSFR"", ""01KZ3KWYSY0TGBRE73J8RBFKX0"", ""01KZ3KWYSTHQP6ZSTHP19APHET"", ""01KZ3KWJ3SCZ9KTB916PK7PB5T"", ""01KZ3KVZAV200PNQW99XTE1YKW"", ""01KZ3KW7YF9PTP90D0AD1JY7GS"", ""01KZ3KWJ3VVWMMY4AG7VQCXAZS"", ""01KZ3KW7YH15JE239P7RWP7A0P"", ""01KZ3KW7YJYGBKPNCMFFT75QYT"", ""01KZ3KW7YA7K5QYJXD3NMX9K8B"", ""01KZ3KWYT18VRK7BJV2XQGNR9Y"", ""01KZ3KWJ3NW8ZHP0R5JN47SR1M"", ""01KZ3KWYSZ6M0W8V6NWSPTY0Z4"", ""01KZ3KWJ3R9NZENHE7F4MQ03KZ"", ""01KZ3KWJ3WC4N2H8XR6X6977NW""]","[0, 1, 2, 3, 4, 5, 6, 7, 8, 9, 10, 11, 12, 13, 14, 15, 16, 17]","[[""01KZ3KWJ3YXWZ20GBWED1RADKK""], [""01KZ3KVZB4R4PEN5ANR1ZFNT23""], [""01KZ3KWJ3YY8W4V3157VSRBAVM""], [""01KZ3KW7YM0KZZTAHG1DGMZPR1""], [""01KZ3KWJ3YY8W4V3157VSRBAVM""], [""01KZ3KWJ3XCEWGXBYDHEM4AJGR""], [""01KZ3KW7YPD4APP0535T8Z429Z""], [""01KZ3KVPTTW95603YF4BNT17P6""], [""01KZ3KVZB4R4PEN5ANR1ZFNT23""], [""01KZ3KW7YQ5C9FGT51N8DC2PSZ""], [""01KZ3KVZB4R4PEN5ANR1ZFNT23""], [""01KZ3KVZB5AC1CDMN2T5QVV20D""], [""01KZ3KVZB4R4PEN5ANR1ZFNT23""], [""01KZ3KWJ3ZHK5ZXES4E5TMYG0J""], [""01KZ3KW7YM3WR6DHDPZZ5SYCP7""], [""01KZ3KWJ3YXWZ20GBWED1RADKK""], [""01KZ3KW7YNFZ508BV2CZQDDXV4""], [""01KZ3KW7YQ5C9FGT51N8DC2PSZ""]]","{""entities"": [""Dana""], ""time_constraints"": [], ""operands"": [], ""list_cardinality"": {""known"": false, ""count"": 0}, ""update_state"": """", ""gap"": null}","[{""kind"": ""KEEP"", ""candidate_id"": ""01KZ3KW7YJYGBKPNCMFFT75QYT"", ""source_id"": ""01KZ3KVZB5AC1CDMN2T5QVV20D""}]",pass,
023-b20260803-r2-0-00043-0-00043-q3,open-domain,validation,"Is Alex working from home starting Monday, January 16th?","Yes, Alex will be working remotely starting Monday, January 16th.","Alex is the lead developer for the NovaTech Pro launch. || Alex will start working remotely from Monday, January 16th due to better focus with his baby at home.","[""01KZ3J0PXZ7AV64N5TMN9QC5DC"", ""01KZ3J1EEHN5NK13R388JHVTF2""]","[0, 1]","[[""01KZ3J0EG88KJTDNPYRM5T1ZM7"", ""01KZ3J0EG8XPVSS0T3GPM6HKJY""], [""01KZ3J18E7MY6MVR547FR4HXJA""]]","{""entities"": [""Alex"", ""January"", ""Monday""], ""time_constraints"": [""january 16""], ""operands"": [], ""list_cardinality"": {""known"": false, ""count"": 0}, ""update_state"": """", ""gap"": null}","[{""kind"": ""KEEP"", ""candidate_id"": ""01KZ3J1EEHN5NK13R388JHVTF2"", ""source_id"": ""01KZ3J18E7MY6MVR547FR4HXJA""}]",pass,
023-b20260803-r2-0-00083-0-00083-q3,open-domain,validation,What specific systems did Sam compare in his thesis and what issue did he face with Redis?,"Sam compared Cassandra, Redis, and MongoDB. He faced issues with setting up the Redis cluster but resolved them using a tutorial from Redis Labs.","Sam aims to finish the methodology section by the end of this month. || Sam decided to compare three main distributed system architectures: client-server, peer-to-peer, and hybrid. || Sam finished the literature review last week. || Sam has been focusing on a chapter about consensus algorithms for his thesis. || Sam implemented a new protocol that reduces the number of messages needed by almost 20% for the Paxos algorithm. || Sam is comparing Cassandra, Redis, and MongoDB in his thesis. || Sam is considering integrating the new protocol with other consensus algorithms like Raft. || Sam is currently focusing on the methodology section of the thesis. || Sam is working on the chapter about distributed databases for his thesis. || Sam plans to start collecting data for experiments after finishing the methodology section. || Sam plans to wrap up the current chapter by the end of this month. || Sam resolved issues with setting up the Redis cluster following a tutorial from Redis Labs. || Sam's thesis topic is about the impact of renewable energy policies on local economies. || Sam tested the new protocol under various network scenarios—high latency, low bandwidth, and high packet loss. || Sam will then start on the section about fault tolerance in distributed systems. || The preliminary setup for Sam's experiments is complete.","[""01KZ3KFE7H2V73K24M8E6Y1FDX"", ""01KZ3KFE7GR4SJ8C3814SXMFQA"", ""01KZ3KFE7E97EWCV2N2N48X0SZ"", ""01KZ3KFR6HB3NQYXCM1G1CNZJT"", ""01KZ3KFR6KKNRRSSRVMT8XQG2X"", ""01KZ3KF24151G61D13FAJSX4XW"", ""01KZ3KFR6PF088HZ56WCNJVNCS"", ""01KZ3KFE7FMDZJN9NZ2CK1FENX"", ""01KZ3KF23Y54AVVE55G1RZDFZQ"", ""01KZ3KFE7H3HGBYGCRY1BDMSQC"", ""01KZ3KFR6R4P4ZE4CXPG2Q7R1J"", ""01KZ3KF2437YA6HSY4573XVMKT"", ""01KZ3KETDXYP1RTCCFM1CMHHBX"", ""01KZ3KFR6NHY5QNQAEKY4W3X7R"", ""01KZ3KFR6RSCQ8SWBR27VW2VWJ"", ""01KZ3KFE7JFAV3F57RQMWPY7S3""]","[0, 1, 2, 3, 4, 5, 6, 7, 8, 9, 10, 11, 12, 13, 14, 15]","[[""01KZ3KF246JSJJG8HJ6CED8CA6""], [""01KZ3KF246JSJJG8HJ6CED8CA6""], [""01KZ3KF2462YVH79RBDGPFQ0GZ""], [""01KZ3KFE7JXHX8BD2CFNR5J0J8""], [""01KZ3KFE7KEJHWDC4V9T1C95QP""], [""01KZ3KETDZWZGSFN2BK8JHH6J8""], [""01KZ3KFE7M0BCMT3FVM4J40G0X""], [""01KZ3KF2462YVH79RBDGPFQ0GZ""], [""01KZ3KETDY2H971D07J81GE3FG""], [""01KZ3KF246JSJJG8HJ6CED8CA6""], [""01KZ3KFE7MXGEQHX66HNN21AEK""], [""01KZ3KETDZRHV2VNMNN97J3E41"", ""01KZ3KETDZWZGSFN2BK8JHH6J8""], [""01KZ3KES5DV8H3F0H2C98MTATJ""], [""01KZ3KFE7KX74EAV853GYJ0R3K""], [""01KZ3KFE7MXGEQHX66HNN21AEK""], [""01KZ3KF247P36QKMBFF44FN9KT""]]","{""entities"": [""Redis"", ""Sam""], ""time_constraints"": [], ""operands"": [{""name"": ""compare"", ""satisfied"": false}], ""list_cardinality"": {""known"": false, ""count"": 0}, ""update_state"": """", ""gap"": null}","[{""kind"": ""KEEP"", ""candidate_id"": ""01KZ3KF24151G61D13FAJSX4XW"", ""source_id"": ""01KZ3KETDZWZGSFN2BK8JHH6J8""}, {""kind"": ""KEEP"", ""candidate_id"": ""01KZ3KF2437YA6HSY4573XVMKT"", ""source_id"": ""01KZ3KETDZRHV2VNMNN97J3E41""}]",pass,
023-b20260803-r2-0-00124-0-00124-q3,open-domain,validation,What are the main findings regarding network latency when scaling up to 100 nodes in Sam's distributed system model?,"There was a slight increase in latency when scaling up to 100 nodes, but it was within acceptable limits for his application.","Increasing the number of nodes from 50 to 100 improved throughput by 20%. || Sam believes the findings highlight the need for optimizing both throughput and latency simultaneously. || Sam completed a chapter on the performance benchmarks of his distributed system model last week. || Sam has been running simulations to test the scalability of the system with positive results. || Sam implemented a new algorithm that reduces communication overhead significantly, improving performance. || Sam intends to gather more data points to validate the improvements during the next phase of testing. || Sam is evaluating the system's scalability using response time, throughput, memory usage, and network latency as key metrics. || Sam is working on a thesis about the impact of different synchronization techniques in distributed databases. || Sam observed reduced network latency with a new algorithm after optimizing data flow. || Sam plans to explore fault tolerance mechanisms next due to the increasing complexity of distributed systems. || Sam plans to include detailed results from the scalability tests in the chapter on distributed algorithms in his thesis next week. || Sam plans to test the optimized algorithm under more realistic conditions, such as varying network loads, starting next week. || Sam's optimized algorithm aligns with his original hypotheses. || Sam will document every step meticulously for his thesis. || Scaling up to 100 nodes resulted in a slight increase in latency, but it was within acceptable limits.","[""01KZ3MXMS4DJDMFC06G792HNKG"", ""01KZ3MXMS6YANZZFRBX1AYBSST"", ""01KZ3MXMS0FQH0B3CGERBEMTQ2"", ""01KZ3MXDCF6E5SN4597JHQKT46"", ""01KZ3MXDCKH8Z89Q38SXBAA89S"", ""01KZ3MX4SV9905Z0Z3Y60VGPZK"", ""01KZ3MXDCH59YRJ1F34MYTS763"", ""01KZ3MWTG0Y42SSXJE6PGE4TYJ"", ""01KZ3MX4SQSMBRYM1GV5Q4RF16"", ""01KZ3MXMS7AEVNXWJWY7QFVK22"", ""01KZ3MXDCKP6DM2QXJBC2MCGD8"", ""01KZ3MX4SV3GXC2GN8CD90G0X3"", ""01KZ3MX4SSBZ8RFTF2G7M2XMDM"", ""01KZ3MX4SWCN23899C0PZ4136D"", ""01KZ3MXMS5S2VAGXVV8D1ZWBKX""]","[0, 1, 2, 3, 4, 5, 6, 7, 8, 9, 10, 11, 12, 13, 14]","[[""01KZ3MXDCM2THRP5XXE3A934Q3""], [""01KZ3MXDCNSH80N35TFJT2ZH3Y""], [""01KZ3MXDCM2THRP5XXE3A934Q3""], [""01KZ3MX4SXM7HPVNB5GRK5PGZ1""], [""01KZ3MX4SX8EGJSETR9Q7GMA30""], [""01KZ3MWTGDD83DKB9BJD76FDT3""], [""01KZ3MX4SXYZSQYDF33H3EJ8XK""], [""01KZ3MWGY0WR6AENAQ6NAZ2CNH""], [""01KZ3MWTGBJHTCV3H9YZ0GZ4PF""], [""01KZ3MXDCNY8T9AEW92T0PKKPY""], [""01KZ3MX4SYXA45J066HGFK5AR3""], [""01KZ3MWTGDD83DKB9BJD76FDT3""], [""01KZ3MWTGCPBDJ0TDG9JABFQA2""], [""01KZ3MWTGEF2PVQHK1XTGD38PQ""], [""01KZ3MXDCNNKARNFFXBHMZ5HEH""]]","{""entities"": [""Sam's""], ""time_constraints"": [], ""operands"": [], ""list_cardinality"": {""known"": false, ""count"": 0}, ""update_state"": """", ""gap"": null}","[{""kind"": ""KEEP"", ""candidate_id"": ""01KZ3MXMS5S2VAGXVV8D1ZWBKX"", ""source_id"": ""01KZ3MXDCNNKARNFFXBHMZ5HEH""}]",pass,
023-b20260803-r2-0-00170-0-00170-q3,open-domain,validation,When is Tom's birthday party during the family trip to Japan?,Tom’s birthday party starts at 6 PM on June 15th.,The family plans to arrive at the hotel by 4 PM on June 15th to set up for Tom's birthday party. || The family plans to visit a local market before Tom's birthday party. || Tom's birthday falls on June 15th during the family trip to Japan. || The family trip to Japan is from July 15th to 25th. || The family trip to Japan is planned for June 15th. || Tom's birthday party is scheduled to start at 6 PM on June 15th.,"[""01KZ3PMK6JBQ8V3AAX3AV29068"", ""01KZ3PMK6K21YZMQ3EWKDM6THV"", ""01KZ3PMK6GF9M2NC8F8RYGEBXB"", ""01KZ3PKCZ12S433MBQCVSGTH0X"", ""01KZ3PMK6EW0PXJPHJHHCW53K8"", ""01KZ3PMK6HGWR48XRNNV1DT8QZ""]","[0, 1, 2, 3, 4, 5]","[[""01KZ3PM7A0MMPDG3D0R4RZAJAR""], [""01KZ3PM7A069HP3AEVMFJMEDZP""], [""01KZ3PM79ZXH020WWNYGJMF1VM""], [""01KZ3PK304A6WBSPDMG5H69SMG"", ""01KZ3PK304NPF5R3KWZ3ARA39S""], [""01KZ3PM79Z3KEDP67M9N6AN9C6""], [""01KZ3PM79ZWV3MX46TQRAMWNH0""]]","{""entities"": [""Japan"", ""Tom's""], ""time_constraints"": [], ""operands"": [], ""list_cardinality"": {""known"": false, ""count"": 0}, ""update_state"": """", ""gap"": null}","[{""kind"": ""KEEP"", ""candidate_id"": ""01KZ3PMK6GF9M2NC8F8RYGEBXB"", ""source_id"": ""01KZ3PM79ZXH020WWNYGJMF1VM""}]",fail,KEEP 01KZ3PMK6GF9M2NC8F8RYGEBXB 只覆盖日期，遗漏 6 PM；应 KEEP 01KZ3PMK6HGWR48XRNNV1DT8QZ。
023-b20260803-r2-0-00176-0-00176-q3,open-domain,validation,"Is the business still planning a corporate dinner for a tech company next week, and if so, how many guests are expected?","Yes, the business is planning a corporate dinner for a tech company next week, and about 150 guests are expected.",About 150 guests are expected at the upcoming corporate dinner.,"[""01KZ3PTH9K7FEQGS5STVNDYXK0""]",[0],"[[""01KZ3PT3SHBQWE6AHCD346N46P""]]","{""entities"": [], ""time_constraints"": [""next week""], ""operands"": [], ""list_cardinality"": {""known"": true, ""count"": 150}, ""update_state"": ""still"", ""gap"": null}","[{""kind"": ""KEEP"", ""candidate_id"": ""01KZ3PTH9K7FEQGS5STVNDYXK0"", ""source_id"": ""01KZ3PT3SHBQWE6AHCD346N46P""}]",fail,KEEP 01KZ3PTH9K7FEQGS5STVNDYXK0 只覆盖约 150 人和 upcoming dinner，未明确支持 tech company、next week、仍在计划的完整布尔命题。
023-b20260803-r2-0-00061-0-00061-q3,open-domain,validation,Is Uncle Tom's birthday still planned for May 15th during the California trip?,"Yes, Uncle Tom's birthday is still planned for May 15th during the California trip.",Alex and family plan to visit California in May.,"[""01KZ3JQ90H40DZWATDC4EK1BYK""]",[0],"[[""01KZ3JPXZ7RP66J5WZF59RM0C9""]]","{""entities"": [""California"", ""Tom's"", ""Uncle""], ""time_constraints"": [""may 15""], ""operands"": [], ""list_cardinality"": {""known"": false, ""count"": 0}, ""update_state"": ""still"", ""gap"": {""kind"": ""time_range"", ""entity"": """", ""start"": null, ""end"": null, ""operand"": """", ""source_need"": ""time:may 15""}}",[],pass,
023-b20260803-r2-0-00032-0-00032-q3,open-domain,validation,Is Sarah’s birthday still on March 17th this year?,"Yes, Sarah’s birthday is still on March 17th this year.",Alex plans to have a small dinner at home to celebrate Sarah's birthday. || Sarah's birthday was on March 17th this year.,"[""01KZ3HMTHJWEEM7Z85JNSG934D"", ""01KZ3HMTHH0XDETNVQ3NF88GHQ""]","[0, 1]","[[""01KZ3HMK37P9VVRSFCVM4XP65Y""], [""01KZ3HMK37R4581AHHHBKYJXVC""]]","{""entities"": [""March"", ""Sarah""], ""time_constraints"": [""march 17"", ""this year""], ""operands"": [], ""list_cardinality"": {""known"": false, ""count"": 0}, ""update_state"": ""still"", ""gap"": null}","[{""kind"": ""KEEP"", ""candidate_id"": ""01KZ3HMTHJWEEM7Z85JNSG934D"", ""source_id"": ""01KZ3HMK37P9VVRSFCVM4XP65Y""}]",fail,KEEP 01KZ3HMTHJWEEM7Z85JNSG934D 只说明生日晚餐，未覆盖 March 17th；应 KEEP 01KZ3HMTHH0XDETNVQ3NF88GHQ。
023-b20260803-r2-0-00057-0-00057-q3,open-domain,validation,When is the expected launch date for FitTrack according to the latest update?,January 15th,"Priya expects the beta version of FitTrack to be ready by July 1st, 2026. || Priya expects the full launch of FitTrack to be in September 2026. || Priya has set up a feedback system in the FitTrack app for users to rate features and suggest improvements. || Priya is concerned about the potential for too many suggestions overwhelming the team during the beta phase of FitTrack. || Priya is working on a health app called FitTrack. || The main team on the FitTrack project includes Alex, leading development, and Maya, handling marketing.","[""01KZ3JHVHBFKGXSPWRAY1G5C9G"", ""01KZ3JHVHC2NJ5K86RBTP5YXSC"", ""01KZ3JHVHEF1MBQ1PMBH1X98FB"", ""01KZ3JHVHF8XMCRWEVE3DA2SNE"", ""01KZ3JHVH56CDDM79ZVQ1EC1R3"", ""01KZ3JHVH9JS1TJAYYSSB4R9G3""]","[0, 1, 2, 3, 4, 5]","[[""01KZ3JHGBF8W1X94WHKMQM2NE6""], [""01KZ3JHGBF8W1X94WHKMQM2NE6""], [""01KZ3JHGBGCT5WBZEM2VCF3BFE""], [""01KZ3JHGBGY33N89AMYKZZ66SC""], [""01KZ3JHGBFWWGVA5X4WPDHXZVQ""], [""01KZ3JHGBFWWGVA5X4WPDHXZVQ""]]","{""entities"": [""FitTrack""], ""time_constraints"": [], ""operands"": [], ""list_cardinality"": {""known"": false, ""count"": 0}, ""update_state"": ""latest"", ""gap"": {""kind"": ""entity"", ""entity"": ""FitTrack"", ""start"": null, ""end"": null, ""operand"": """", ""source_need"": ""entity:FitTrack""}}",[],pass,
023-b20260803-r2-0-00060-0-00060-q0,single-hop,train,What specific area is Sam researching in his thesis on distributed systems?,fault tolerance in distributed networks,"assistant offered assistance with Sam's thesis on distributed systems on 2026-05-26 || Sam completed the literature review and found interesting papers on fault-tolerant protocols. || Sam found several new papers on the topic of fault tolerance in distributed networks. || Sam has been working on the chapter about fault tolerance in distributed networks for his thesis. || Sam has revised the introduction of his thesis. || Sam has run all the simulations for the experiments, and the results look promising. || Sam intends to meet with Dr. Patel for feedback on the methodology chapter. || Sam is using NetProfiler to gather data for his thesis. || Sam is working on a distributed system project with Dr. Thompson. || Sam needs to evaluate his project using performance metrics like latency and throughput. || Sam plans to start drafting sections this week. || Sam's system's performance varies under different network conditions. || Sam should compare his system's performance with theoretical models or benchmarks. || Sam should focus on practical applications and real-world implications for his thesis. || Sam should plot the data for a clearer visualization. || The latency increases by 5 milliseconds for every 100 additional requests. || The new papers Sam found will be included in the literature review section of his thesis. || Throughput peaks at around 2000 requests per second before dropping.","[""01KZ3JNQ6DPYC1AR72EFYAGXZ8"", ""01KZ3JP7XGMF6WR1FTHXVVDW7Z"", ""01KZ3JNXNM24Q30EBKQ0TZ0VNW"", ""01KZ3JNXNHNWA97J2NQD5ZQ8PR"", ""01KZ3JNXNJQR0S1RC2N78J8E2X"", ""01KZ3JP7XP97X6BQCQJAS59XFP"", ""01KZ3JP7XN4AKY9ZGVVX8YE7Y1"", ""01KZ3JPP4DD4JZHRQB77XYSB5H"", ""01KZ3JPP494AP2782FRFHE0017"", ""01KZ3JPP4BTCNQEH3A8JTN5T5X"", ""01KZ3JP7XKVF31NS6KWSXX8JEC"", ""01KZ3JPP4NR1BAYCT5XZD0FEPA"", ""01KZ3JPP4JF1TWW9YKFVRH9PTW"", ""01KZ3JPP4KWYZE2XHGRKSTRQCS"", ""01KZ3JPP4HJA5PMYZ56Y0C4P7K"", ""01KZ3JPP4FEXPBXRKXDVJN8PV6"", ""01KZ3JNXNN4B96JMEYFNYP2PQ5"", ""01KZ3JPP4GACET20HNKXXNNYDT""]","[0, 1, 2, 3, 4, 5, 6, 7, 8, 9, 10, 11, 12, 13, 14, 15, 16, 17]","[[""01KZ3JNNV5MENDH25VN6AZ6D8C""], [""01KZ3JNXNPNBFP93TATX0BBGHH""], [""01KZ3JNQ6H31ES8M94BQXS7XGX""], [""01KZ3JNQ6GSQFVTDYEE20KWNE8""], [""01KZ3JNQ6GZ45RN21CFT71AASR""], [""01KZ3JNXNRP8FCTAGZ7NGXBZ0E""], [""01KZ3JNXNRYA6S98SGWHA71WEH""], [""01KZ3JP7XTSEACNNCFE4AR8R6V""], [""01KZ3JP7XRKHKKNW9NVD376JRM""], [""01KZ3JP7XSKS1YSA4WS03C6217""], [""01KZ3JNXNQAM62JRC15MTCMBA8""], [""01KZ3JP7XW0BPDEQVWV3CFAS00""], [""01KZ3JP7XWNKBSJE19JRXV66SA""], [""01KZ3JP7XW0BPDEQVWV3CFAS00""], [""01KZ3JP7XWNKBSJE19JRXV66SA""], [""01KZ3JP7XWNKBSJE19JRXV66SA""], [""01KZ3JNQ6JWK3A52NG6CBSHE0C""], [""01KZ3JP7XWNKBSJE19JRXV66SA""]]","{""entities"": [""Sam""], ""time_constraints"": [], ""operands"": [], ""list_cardinality"": {""known"": false, ""count"": 0}, ""update_state"": """", ""gap"": null}","[{""kind"": ""KEEP"", ""candidate_id"": ""01KZ3JNXNHNWA97J2NQD5ZQ8PR"", ""source_id"": ""01KZ3JNQ6GSQFVTDYEE20KWNE8""}]",pass,
023-b20260803-r2-0-00076-0-00076-q2,multi-hop,train,"When did Priya expect the beta version of the Quick Sync feature to be ready for testing according to the first session, and what was the new launch date after revisions were made in the third session?","Priya expected the beta version to be ready by March 15th, and after revisions, the new launch date was June 22nd.",Priya finished reviewing the final content with the marketing team. || Priya is revising the UI design based on team feedback. || Priya prefers coffee over tea.,"[""01KZ3K8D4BHC1X0T3QFE27MQ7T"", ""01KZ3K84D8H3VF3CHFW0C2C9N6"", ""01KZ3K7Q3DKZA8WQJYE63CCY0A""]","[0, 1, 2]","[[""01KZ3K84DF387EF8RJXSNB88Q6""], [""01KZ3K7Q3E6ZBG0VKFMC6E4WZF"", ""01KZ3K7Q3EZWPT8P0HF3F80QKJ""], [""01KZ3K7EVWXMY7C2A35GMEREXH""]]","{""entities"": [""Priya"", ""Quick"", ""Sync""], ""time_constraints"": [], ""operands"": [{""name"": ""after"", ""satisfied"": false}], ""list_cardinality"": {""known"": false, ""count"": 0}, ""update_state"": """", ""gap"": {""kind"": ""entity"", ""entity"": ""Priya"", ""start"": null, ""end"": null, ""operand"": """", ""source_need"": ""entity:Priya""}}",[],pass,
023-b20260803-r2-0-00107-0-00107-q2,multi-hop,train,"How long has Sam been dedicating time to his thesis project, and what specific challenge did he face when comparing new and old consensus algorithms?","Sam has been dedicating around 15 hours a week to his thesis project, with variations. When comparing new and old consensus algorithms, he faced the challenge of setting up an identical test environment.","Sam is using Prometheus for monitoring and Grafana for visualization in his project. || Dr. Lee is supportive of Sam's thesis progress. || Professor Johnson suggested using a ring-based communication pattern for Sam’s thesis. || Sam adjusted the workload simulation to better reflect real-world scenarios. || Sam found a library called Ray that might help with parallel processing. || Sam has been working on optimizing his thesis project since last week. || Sam has made progress on the distributed algorithms part of his thesis. || Sam has updated his literature review with recent papers on distributed systems, especially those discussing edge computing. || Sam included response time analysis in his thesis analysis. || Sam is comparing the performance of the new consensus algorithm with the previous one. || Sam is considering using Docker to standardize the test environment. || Sam is facing challenges setting up the test environment for the performance comparison. || Sam is integrating the TPC-C benchmark to test his distributed system's scalability. || Sam is looking into fault tolerance mechanisms for his thesis, considering implementing a leader election algorithm. || Sam is working on integrating a new consensus algorithm into his thesis project. || Sam needs to include more detailed performance metrics in his thesis analysis. || Sam plans to have a draft ready by the end of April. || Sam plans to meet with Professor Johnson on the 7th to discuss his thesis progress. || Sam plans to start implementing the Docker solution this week. || Sam wants to ensure everything is thoroughly tested before his final presentation next month. || Sam will run preliminary tests after setting up the Docker environment. || Sam will run simulations to measure the exact improvements in performance with the ring-based communication pattern. || The deadlines for the next phase of Sam's thesis are due by June 15th. || Using a ring-based communication pattern should reduce latency in Sam’s system.","[""01KZ3MBHV89X3Z67ZNXFG1BDEX"", ""01KZ3MBHV4EH018M4T58NT14F0"", ""01KZ3MB0T97VTPV9XAACS8X3P5"", ""01KZ3MBHV3FWJPPK524X7ATHCE"", ""01KZ3MBHV8CV0R2RG69ZBCTMQW"", ""01KZ3MBHV0ESWG9DJTZV26XY2Y"", ""01KZ3MB0T55P2WKKBRV2NJJ7WE"", ""01KZ3MBHV6HK6V6V5C4G9YN9HE"", ""01KZ3MBHV6D28F7K349Z4ZYP9C"", ""01KZ3MAM4BWN8PJMFV7ACWFR10"", ""01KZ3MAM4D5GPD571XM3FSHKZA"", ""01KZ3MAM4CYDZ53HWMM92M7YTM"", ""01KZ3MBHV2P4T2D87R9KA67QAF"", ""01KZ3MB0TCYQK88B01HPHBNEFP"", ""01KZ3MAM49ZYCBRS6PASW5MCWD"", ""01KZ3MBHV573B2J9Y4G13WQANX"", ""01KZ3MBHV9V1P7SNJVMYE2Z4ZD"", ""01KZ3MB0T896EVCEP5KMHHGW8W"", ""01KZ3MAM4E5K80VY2PTWHS3NXY"", ""01KZ3MBHVAZCVASYB2YP045DDP"", ""01KZ3MAM4FV2QWQF890FX5PJDT"", ""01KZ3MB0TBBRM1SYXJQJHAD66E"", ""01KZ3MB0T6HQN9KHP81C28HMFA"", ""01KZ3MB0T9TV9RWEWSRFEDD06X""]","[0, 1, 2, 3, 4, 5, 6, 7, 8, 9, 10, 11, 12, 13, 14, 15, 16, 17, 18, 19, 20, 21, 22, 23]","[[""01KZ3MB0TEH8AHJ3E9TMQWN871""], [""01KZ3MB0TDY08FNHPP9585BZBM""], [""01KZ3MAM4GYE4DJ3DRBBJJN1XC"", ""01KZ3MAM4JYPCWKQ1CGKHK6KED""], [""01KZ3MB0TDPSZ22B6QDE1C9EWP""], [""01KZ3MB0TEH8AHJ3E9TMQWN871""], [""01KZ3MB0TDK6B9EP22DD7XXYRZ""], [""01KZ3MAM4G93MYWKXSRKPGV0WV"", ""01KZ3MAM4GYE4DJ3DRBBJJN1XC""], [""01KZ3MB0TEP5T2T1RG56T33KCS""], [""01KZ3MB0TDY08FNHPP9585BZBM""], [""01KZ3MA7YRHRNTDNFRA0JPARPJ""], [""01KZ3MA7YS37X5AENDC9NSZMVQ""], [""01KZ3MA7YRQMT19N1V3G4A3VZW""], [""01KZ3MB0TDNE1FJBEGZCYZB6BD""], [""01KZ3MAM4GYE4DJ3DRBBJJN1XC"", ""01KZ3MAM4KHQ6P8APWM7FD9W0H""], [""01KZ3MA7YQY2C4CY234VKEFA7G""], [""01KZ3MB0TDY08FNHPP9585BZBM""], [""01KZ3MB0TFXJAW8785Y5SQP5E8""], [""01KZ3MAM4GYE4DJ3DRBBJJN1XC"", ""01KZ3MAM4HSARHSCKTH7PB2CJN""], [""01KZ3MA7YSA7ZCG4SMDJETK37K""], [""01KZ3MB0TFXJAW8785Y5SQP5E8""], [""01KZ3MA7YS37E9V471JNNDFSS8""], [""01KZ3MAM4GYE4DJ3DRBBJJN1XC"", ""01KZ3MAM4JYPCWKQ1CGKHK6KED""], [""01KZ3MAM4GYE4DJ3DRBBJJN1XC"", ""01KZ3MAM4H0CBZ2S2C6T0VG3YQ""], [""01KZ3MAM4GYE4DJ3DRBBJJN1XC"", ""01KZ3MAM4JYPCWKQ1CGKHK6KED""]]","{""entities"": [""Sam""], ""time_constraints"": [], ""operands"": [], ""list_cardinality"": {""known"": false, ""count"": 0}, ""update_state"": """", ""gap"": {""kind"": ""entity"", ""entity"": ""Sam"", ""start"": null, ""end"": null, ""operand"": """", ""source_need"": ""entity:Sam""}}",[],pass,
023-b20260803-r2-0-00139-0-00139-q2,multi-hop,train,"What supplier did Mei consider for the March 5th private room booking, and why was there a delay with the original supplier?",Mei considered a new supplier who offers a similar menu but at a slightly higher price due to delays with the original supplier who was running behind schedule.,"Mei got new supplier contacts for organic vegetables and exotic spices. || Mei's supplier for catering services is running behind schedule. || Another supplier deals with exotic spices from Southeast Asia. || Mei confirmed the 25th booking details before the week starts. || Mei finalized a big reservation for 20 people on the 25th this weekend. || Mei got new supplies today, including fresh fish from a supplier discussed last month. || Mei has a wedding reception booked for July 1st. || Mei is considering a local butcher for meat supplies. || Mei is considering an alternative supplier for catering services. || Mei is planning a special menu for Valentine's Day next month. || Mei needs to decorate the private room for a corporate setting on March 5th. || Mei owns a restaurant called 'Savor Bistro'. || Mei plans to contact the alternative supplier today to confirm the arrangement. || Mei plans to feature exotic spices in dishes for next month’s tasting event. || Mei plans to highlight organic vegetables in a special menu for the 25th. || Mei plans to offer mini quiches and bruschetta as starters at the wedding reception. || Mei plans to serve cheesecake and chocolate mousse as desserts at the wedding reception. || Mei plans to serve grilled chicken and beef steaks as main courses at the wedding reception. || Mei received a booking request for a group of 15 on March 5th for a corporate event. || Mei resolved issues with her bookings system. || Mei will add additional lighting to the private room for the March 5th event. || Mei will arrange for tablecloths and centerpieces for the private room. || One supplier specializes in organic vegetables and is affordable and reliable.","[""01KZ3NEW0GCQQHZ4FXF41CZK6C"", ""01KZ3NF9340PHTB77GYGXY51H8"", ""01KZ3NEW0K4JTC9K0KY5E2T3WQ"", ""01KZ3NEW0QZRKQMDFG5FWBS1X2"", ""01KZ3NEW0EZ1ZCK5PGV6735PXJ"", ""01KZ3NFDQGN11A4XX3QHYEX186"", ""01KZ3NECSCBNRT02EHZKW9TT73"", ""01KZ3NECSH5WR6NGGKPP12XHYH"", ""01KZ3NF9383ZP6ZKWB1RZXYEMH"", ""01KZ3NFDQJKNQQ3GB9EMSVK6MK"", ""01KZ3NF93A0DW8XAE1KKX9K0BV"", ""01KZ3NECSA6XTR9AC6Q0A52K2A"", ""01KZ3NF939QAG17C88HXC3VF9H"", ""01KZ3NEW0P4DNR0S5F84H4TJH4"", ""01KZ3NEW0M53FPFWQXXPFBFAP1"", ""01KZ3NECSEM73TFX1FY34NJV31"", ""01KZ3NECSGPYRJ4SM9S7RZJG36"", ""01KZ3NECSF8KXM6FTS20TRH7CY"", ""01KZ3NF932TX4N2ZNXZDXTGWQY"", ""01KZ3NFDQMY7V1TN8R823D5M5W"", ""01KZ3NF93DG8SK7W2XJKPT787X"", ""01KZ3NF93C779NWKH82G6HTAHB"", ""01KZ3NEW0JE4QJPHFHW75MA8TC""]","[0, 1, 2, 3, 4, 5, 6, 7, 8, 9, 10, 11, 12, 13, 14, 15, 16, 17, 18, 19, 20, 21, 22]","[[""01KZ3NECSJPCQSQ51J5PH9APNG""], [""01KZ3NEW0VW1YAX3WXP90Z09B8""], [""01KZ3NECSJ8AY73ZCA1S3FFD5F""], [""01KZ3NECSK1JS1C6KN0YVVBNEG""], [""01KZ3NECSJ97BCHTSSE45Y2PMV""], [""01KZ3NF93E4AHPQRT6WACQYTQA""], [""01KZ3NE0GA5ZXAGH58Q8VG8W0E""], [""01KZ3NE0GC46KX5EN5BN6G3BTH""], [""01KZ3NEW0VYN59C0MS5N3AERQA""], [""01KZ3NF93FC1ANTEHKNFXMJXVA""], [""01KZ3NEW0WRNYM795P6EW1CTYT""], [""01KZ3NE0GA2G71GJBJX8698NC5""], [""01KZ3NEW0VYN59C0MS5N3AERQA""], [""01KZ3NECSKNNTMY5S7MACZD4TA""], [""01KZ3NECSKNNTMY5S7MACZD4TA""], [""01KZ3NE0GBNG0RVCDJSNQ7C0EA""], [""01KZ3NE0GBNG0RVCDJSNQ7C0EA""], [""01KZ3NE0GBNG0RVCDJSNQ7C0EA""], [""01KZ3NEW0TBX18EH8BBCVFMA86""], [""01KZ3NF93F87NBEK1QW6YRQ1RV""], [""01KZ3NEW0WRNYM795P6EW1CTYT""], [""01KZ3NEW0WRNYM795P6EW1CTYT""], [""01KZ3NECSJ8AY73ZCA1S3FFD5F""]]","{""entities"": [""March"", ""Mei""], ""time_constraints"": [""march 5""], ""operands"": [], ""list_cardinality"": {""known"": false, ""count"": 0}, ""update_state"": """", ""gap"": null}","[{""kind"": ""KEEP"", ""candidate_id"": ""01KZ3NF9340PHTB77GYGXY51H8"", ""source_id"": ""01KZ3NEW0VW1YAX3WXP90Z09B8""}]",fail,KEEP 01KZ3NF9340PHTB77GYGXY51H8 只覆盖原供应商进度落后，未覆盖新供应商的相似菜单和较高价格；应为 gap。
023-b20260803-r2-0-00164-0-00164-q2,multi-hop,train,When did Dana start her home-lab project and what specific changes did she make to improve server security?,"Dana started her home-lab project about two years ago, in early 2024. She updated the firewall rules to allow only necessary inbound connections and enabled multi-factor authentication for all admin accounts.","Dana encountered slower login times after implementing multi-factor authentication during her home-lab project. || Dana has almost completed updating all development environments to work with the new server hardware. || Dana is a software engineer. || Dana is considering using Docker for containerization but hasn't decided on the exact version yet. || Dana optimized the security measures of her home-lab project by updating firewall rules and enabling multi-factor authentication. || Dana ordered a solar panel kit on 2026-04-26. || Dana plans to integrate a new monitoring tool and possibly start testing containerization for services this month. || Dana plans to upgrade her server hardware starting this week. || Dana tested the new security configurations using penetration testing tools such as Nmap and Metasploit. || Dana upgraded the server hardware last week, including increased RAM and better SSDs. || Dana will make a detailed budget this weekend. || Dana will use spreadsheets to track the projects.","[""01KZ3PCEC33A82B51ADA1M782X"", ""01KZ3PC7DJ9YB2M8GV01JGEYK9"", ""01KZ3PBYTN6Z72QJ978W6HEMJX"", ""01KZ3PC7DMBETZPHNJX5KZKJD7"", ""01KZ3PCEC0DWSMETD6V4BNRGY7"", ""01KZ3PCTCYTHYD6DES3XTW7VBW"", ""01KZ3PC7DKSMCKK9KJ6CTJQCDB"", ""01KZ3PCTD3VXG8F0CQQZ5CXYF8"", ""01KZ3PCEC1669FNEVMANE2A8TC"", ""01KZ3PC7DHP8Z8CKQ0KR2XF9K4"", ""01KZ3PCTD6Y6PZA7NWH5X24CGH"", ""01KZ3PCTDDJDTS0EBZV2ARYSHY""]","[0, 1, 2, 3, 4, 5, 6, 7, 8, 9, 10, 11]","[[""01KZ3PC7DPEC78AJ82RRKJ47Y5""], [""01KZ3PBYTYE9Z1NJV3QYFH67WJ""], [""01KZ3PBRB0NF5GBTCN2WDHDNHK""], [""01KZ3PBYTZBX7AC59P6G6GM5XS""], [""01KZ3PC7DNDZW0FDEG9W027BZP""], [""01KZ3PCEC4J6NER2C35QR21XED"", ""01KZ3PCEC4YY8QPW0NNA1BDWK2""], [""01KZ3PBYTZRKQEDGGM7KPN91P0""], [""01KZ3PCEC54B04DVCRKS2BW9BR"", ""01KZ3PCEC5NYC91SRWDVHFED78"", ""01KZ3PCEC5R4X8P5QGC3S7FK40""], [""01KZ3PC7DNY7RW42JKWSG74SZ1""], [""01KZ3PBYTXYZT7PN4S1J3K87KE""], [""01KZ3PCEC5NYC91SRWDVHFED78""], [""01KZ3PCEC648QXCN7KPGHS8F5W""]]","{""entities"": [""Dana""], ""time_constraints"": [], ""operands"": [], ""list_cardinality"": {""known"": false, ""count"": 0}, ""update_state"": """", ""gap"": {""kind"": ""entity"", ""entity"": ""Dana"", ""start"": null, ""end"": null, ""operand"": """", ""source_need"": ""entity:Dana""}}",[],pass,
023-b20260803-r2-0-00047-0-00047-q1,temporal,train,When did Sam decide to implement his new algorithm to reduce latency in the distributed system simulation?,2026-06-01,"Managing security groups and network configurations was also a challenge for Sam during his setup with AWS. || Sam has completed the literature review and is in the experimental phase of his thesis on distributed systems. || Sam has encountered issues with the distributed simulation setup. || Sam has made progress on his thesis with distributed system simulations. || Sam implemented an algorithm to reduce latency in node communication. || Sam is gathering more data for his thesis case studies. || Sam is testing three main protocols: TCP, UDP, and a custom protocol he developed. || Sam is using AWS for his cloud environment due to its robust infrastructure and wide range of services. || Sam needs to ensure the system can handle increased load as more nodes are added. || Sam observed diminishing returns in scalability with increased node numbers. || Sam plans to discuss potential optimizations for better scalability in his thesis. || Sam plans to explore fault tolerance next by integrating his protocol with existing load balancers. || Sam plans to publish his findings at a conference this summer. || Sam plans to start implementing changes in his simulation this week. || Sam plans to use gRPC for inter-node communication in his simulation. || Sam prefers to work independently on setting up his development environment. || Sam's custom protocol shows a 20% reduction in latency compared to TCP under high load conditions. || Sam's thesis topic is unknown. || Sam updated his project timeline to reflect the decision to use gRPC. || Sam will meet with his advisor on Friday to discuss the next steps. || Setting up multiple instances and ensuring proper communication was a challenge for Sam during his setup with AWS.","[""01KZ3J5EZHV60DA48HTTTX3TA8"", ""01KZ3J5EZCA6MDZEWT8Q4JG16Q"", ""01KZ3J67GAVC3A0NE109T21ZQT"", ""01KZ3J5S32TAR5X3A9F2HK0B2X"", ""01KZ3J5S34S2DHZQBW5Q78TYR0"", ""01KZ3J5S35AYYJHTDH3P0MAX10"", ""01KZ3J5EZD83HXVBDFZN0KEX9Y"", ""01KZ3J5EZFC555DTVH5BHJYY4R"", ""01KZ3J67GHZKXH9SYPSEMQ4AWW"", ""01KZ3J5S3651BB95DNYHESTJSK"", ""01KZ3J5S37ED4REG7B9BY1FW5X"", ""01KZ3J5EZKA51B3WQT3EWCK5ZN"", ""01KZ3J5EZKSJJVZDVJZA3SS8FP"", ""01KZ3J67GFXPY3BXKA7QW4VY8K"", ""01KZ3J67GCZ7VTX1AW6RNC87G1"", ""01KZ3J67GHY5XT10MNDA7957RA"", ""01KZ3J5EZJQZ7SAF3M396TAV5A"", ""01KZ3J51FBJ7HHVA3NDWHA90B0"", ""01KZ3J67GEYXTTC8QRNZF06NXD"", ""01KZ3J67GGV6F12YWXZB263BJQ"", ""01KZ3J5EZG59J7Q26FH29CCE5X""]","[0, 1, 2, 3, 4, 5, 6, 7, 8, 9, 10, 11, 12, 13, 14, 15, 16, 17, 18, 19, 20]","[[""01KZ3J51FEXBQVK9FFHAW219KB""], [""01KZ3J51FDHYG2VGM88Y1B9W7X""], [""01KZ3J5S38ATGX0EMXW88PXJSB""], [""01KZ3J5EZM15ZS8DM8WYFV82WJ""], [""01KZ3J5EZMME4VR8DW44MYSAXQ""], [""01KZ3J5EZNN4C122DYMJP76FDZ""], [""01KZ3J51FEWJDSBJR383WHKT3G""], [""01KZ3J51FEWJDSBJR383WHKT3G""], [""01KZ3J5S3BMN1Z818CHDZ4J2CA""], [""01KZ3J5EZNJK57ZRSFPF3Z6AJA""], [""01KZ3J5EZP0YEKBH21CFAYCMW1""], [""01KZ3J51FG081YQ6P72WVAMA71""], [""01KZ3J51FG081YQ6P72WVAMA71""], [""01KZ3J5S3AQPDAYPE18R87MHNR""], [""01KZ3J5S39A9XHMW4T0J4CSBMQ""], [""01KZ3J5S3AJ26R3ZCE5CGCW3G0""], [""01KZ3J51FFGK94DMW8GA60C0Q1""], [""01KZ3J50M0XHG25X3HS35SDDAV""], [""01KZ3J5S39SXWM9PMYDTBW94AH""], [""01KZ3J5S3A5VD24VM7CWMGSZS6""], [""01KZ3J51FEXBQVK9FFHAW219KB""]]","{""entities"": [""Sam""], ""time_constraints"": [], ""operands"": [], ""list_cardinality"": {""known"": false, ""count"": 0}, ""update_state"": """", ""gap"": null}","[{""kind"": ""KEEP"", ""candidate_id"": ""01KZ3J5S35AYYJHTDH3P0MAX10"", ""source_id"": ""01KZ3J5EZNN4C122DYMJP76FDZ""}]",fail,KEEP 01KZ3J5S35AYYJHTDH3P0MAX10 与算法决定日期无关，且没有候选覆盖 2026-06-01；应为 gap。
023-b20260803-r2-0-00196-0-00196-q2,multi-hop,train,When is the Smiths' anniversary party and what was agreed upon for the gift?,"The Smiths' anniversary party is on May 17th, and they agreed to send a personalized photo album as a gift.",A personalized photo album will be sent as a gift for the Smiths' anniversary party. || The Smiths' anniversary party is on May 17th.,"[""01KZ3QGMNE6N94NJ2JS011B4DX"", ""01KZ3QGMNCZ97DHTCD1PB9XK06""]","[0, 1]","[[""01KZ3QGC1407QCK8BPZJQVB8SD""], [""01KZ3QGC1407QCK8BPZJQVB8SD""]]","{""entities"": [""Smiths'""], ""time_constraints"": [], ""operands"": [], ""list_cardinality"": {""known"": false, ""count"": 0}, ""update_state"": """", ""gap"": null}","[{""kind"": ""KEEP"", ""candidate_id"": ""01KZ3QGMNE6N94NJ2JS011B4DX"", ""source_id"": ""01KZ3QGC1407QCK8BPZJQVB8SD""}, {""kind"": ""KEEP"", ""candidate_id"": ""01KZ3QGMNCZ97DHTCD1PB9XK06"", ""source_id"": ""01KZ3QGC1407QCK8BPZJQVB8SD""}]",pass,
023-b20260803-r2-0-00063-0-00063-q1,temporal,train,When did Dana upgrade his home-lab servers to use Python 3.11?,2026-01-24,"Dana updates her servers monthly to keep them secure and up-to-date. || Dana added two more GPUs to her server last year. || Dana currently has three servers in her home-lab: two for development and one for production. || Dana patched security vulnerabilities in the web application framework. || Dana plans to experiment with new AI models. || Dana plans to set up a backup solution for the server data. || Dana ran basic penetration tests after updating the system, and they passed. || Dana's main goal for her home-lab project is to build a reliable and scalable server environment for testing different software configurations. || Dana’s rendering tasks are running faster due to the added GPUs. || Dana’s system has improved stability after the updates. || Dana updated the container runtime to the latest stable release. || Dana uses Ansible for configuration management and SSH for remote access in her home-lab project. || Dana使用Raspberry Pi 4作为安全系统的基础。 || Dana在集成安全系统时遇到了一些小问题。 || Dana正在自2026-02-15以来在其家庭实验室项目中集成一种新的安全系统。 || Two of Dana's servers run Ubuntu Server 22.04 and one runs CentOS Stream 9.","[""01KZ3JS632NBV24EWAVZ32S9D8"", ""01KZ3JSXF2DXKWAYR6W6AZ5RAZ"", ""01KZ3JS62ZZZ9GT03GWRJ7Z051"", ""01KZ3JSXF5SAQZ0AD4SJAJFKK1"", ""01KZ3JSXF94K2V9TX5W0WGH75S"", ""01KZ3JSXF8N5MPHWW1G4EKNT9V"", ""01KZ3JSXF7CN85MVRCBHEKSC4K"", ""01KZ3JS62X9D3P9G79R2WJPHVQ"", ""01KZ3JSXF3NT3C8Y3R0ASM0C3Z"", ""01KZ3JSXF620QF07ZZEEJQ0CYZ"", ""01KZ3JSXF46VQ5BV0V879T5P0R"", ""01KZ3JS6335B2MZKR6J39R184V"", ""01KZ3JSCMCWN32MSG8ERKEZK7G"", ""01KZ3JSCMDMH5FAJ8WSFG3G7QX"", ""01KZ3JSCMAREA6M5T0MHH7TW17"", ""01KZ3JS6306937J778K9S90PSC""]","[0, 1, 2, 3, 4, 5, 6, 7, 8, 9, 10, 11, 12, 13, 14, 15]","[[""01KZ3JRWYRDX8DJMGES0HT8GQD""], [""01KZ3JSCMFDJ8ZTDSWPDC09PKM""], [""01KZ3JRWYQSW1B2A4P77N82T28""], [""01KZ3JSCMGH763XXW8VWVRJXPS""], [""01KZ3JSCMHGE76T3T6PN3F736D""], [""01KZ3JSCMHGE76T3T6PN3F736D""], [""01KZ3JSCMH11MRBYHT0PGFM3K0""], [""01KZ3JRWYQXJBMEFA9HYK3QJ1F""], [""01KZ3JSCMFSX9963DHX9RMF35C""], [""01KZ3JSCMH11MRBYHT0PGFM3K0""], [""01KZ3JSCMGH763XXW8VWVRJXPS""], [""01KZ3JRWYSKEF2AJ1MAE40SBEZ""], [""01KZ3JS6357H4GG3SS0DHZD746""], [""01KZ3JS636EASKXH55J0FWCWT8""], [""01KZ3JS634NJ4Q5G2VE41V33DR""], [""01KZ3JRWYREBQEA5BTR66AAR6S""]]","{""entities"": [""Dana"", ""Python""], ""time_constraints"": [], ""operands"": [], ""list_cardinality"": {""known"": false, ""count"": 0}, ""update_state"": """", ""gap"": {""kind"": ""entity"", ""entity"": ""Dana"", ""start"": null, ""end"": null, ""operand"": """", ""source_need"": ""entity:Dana""}}",[],pass,
023-b20260803-r2-0-00014-0-00014-q2,multi-hop,train,"How long did Sam spend on his thesis project before June 15th, and what was his plan regarding Paxos at that time?",Sam had spent about 80 hours on his thesis project by June 15th and planned to finish the Paxos implementation by then.,"Implementing the state machine and the proposal phase in Paxos are challenging for Sam. || Sam has completed an initial Raft implementation but is still working on Paxos. || Sam is comparing Raft and Paxos algorithms in his thesis. || Understanding the theoretical underpinnings of Paxos has been challenging for Sam. || Debugging distributed systems is complex for Sam. || Sam expects to have a prototype of his fault-tolerant network project ready by next month. || Sam expects to have a prototype ready by early July. || Sam has begun adapting his protocol to standard networking interfaces. || Sam has decided to use a strict quorum system for the project. || Sam has spent about 80 hours on his thesis so far, spending 5 hours daily. || Sam has started experimenting with a hybrid approach to his distributed system. || Sam intends to integrate the chosen blockchain with the distributed database. || Sam intends to review blockchain technology thoroughly this week. || Sam is considering a hybrid approach to balance availability and partition tolerance while maintaining consistency. || Sam is considering using blockchain technology to ensure immutability and transparency. || Sam is developing a fault-tolerant network project focusing on consensus protocols, specifically testing Paxos and Raft. || Sam is facing difficulties with consistency protocols in his distributed system. || Sam is implementing a quorum-based approach to address data consistency issues. || Sam is planning to incorporate blockchain technology for enhanced data integrity. || Sam is working on a thesis about improving fault tolerance in distributed databases. || Sam is working on a thesis involving distributed systems and the CAP theorem. || Sam is working on the scalability of a new distributed database system. || Sam plans to use Ethereum for the blockchain integration due to its smart contract functionality and community support. || Sam was having trouble applying the CAP theorem to his system design. || Sam will test and refine the system based on the initial results of the prototype. || The department expects a preliminary report from Sam by June 15th.","[""01KZ3H01YP3RNK25K56YYYM6J5"", ""01KZ3GZ7W731DRDYN3JNVD5Y7N"", ""01KZ3GZ7W6W922WM1K4N44DNB0"", ""01KZ3GZ7W9VX86HMTDDZ0GEA4X"", ""01KZ3GZ7W9VRAGBHM44ZSVMCC6"", ""01KZ3H01YRFDM5YJKJ38WBBTY5"", ""01KZ3GZSAYAT3S8P3RTGFSCRWK"", ""01KZ3H01YQ0PSWRVGFN0D82Y46"", ""01KZ3GZSATB6940JZB6CJZ58Y1"", ""01KZ3GZ7W86TAR1VK58SB2D490"", ""01KZ3H0FZZ3E8WAVKTXDKBX9VP"", ""01KZ3GZSAXMFX0RH6RFEDWAYW4"", ""01KZ3H0G01WXAPND6ZV3YTS73R"", ""01KZ3H0FZY7EAKHGMH76HF53HG"", ""01KZ3GZSAVHFGQV03MN897P0KH"", ""01KZ3H01YM0BSHZYPBTNRG3N9A"", ""01KZ3H0FZX2DNY77417XCVRZ62"", ""01KZ3GZSAR63VV07269ZPR88NK"", ""01KZ3H0G00EPBYQPJG5M15CHVS"", ""01KZ3GZ7W48AMREY0TN8TN2Z4V"", ""01KZ3H0FZVPN02TJ6WXP0YERT7"", ""01KZ3GZSAPQHAGC71T8REEBWHJ"", ""01KZ3GZSAWD6STHWG4J28NFH3M"", ""01KZ3H0FZYSMYCEBJNNN3Q85VC"", ""01KZ3GZSAZK14KSRK97F7N9FZ5"", ""01KZ3GZ7WA24AWJWY2VRCN84V4""]","[0, 1, 2, 3, 4, 5, 6, 7, 8, 9, 10, 11, 12, 13, 14, 15, 16, 17, 18, 19, 20, 21, 22, 23, 24, 25]","[[""01KZ3GZSB0BQZP5XQ6HR6A796X""], [""01KZ3GYVWBCVYXNZZ4HP51E38B""], [""01KZ3GYVWBVK1AF5MTNY6P1GCA""], [""01KZ3GYVWC7YN71Z512H115DD6""], [""01KZ3GYVWC7YN71Z512H115DD6""], [""01KZ3GZSB1Q0MY8XA9XNQBHVVB""], [""01KZ3GZ7WCQCZ3JCKB6XT5Z2N8""], [""01KZ3GZSB0N7PGNRXGJAV5RSB8""], [""01KZ3GZ7WBH4D5P3RJZ05V43K5""], [""01KZ3GYVWCP9S8Z7TMSQASJVS6""], [""01KZ3H01YT3Z38EDECVA2KDFMF""], [""01KZ3GZ7WCJ5XRCKBS05EYBMZD""], [""01KZ3H01YT4RW4HAVTWA8W7KRK""], [""01KZ3H01YTP14P8J1CFTWNNW7M""], [""01KZ3GZ7WC9B47P1F36K3HFQB1""], [""01KZ3GZSB0VVC2D2FFP17Q2TD2""], [""01KZ3H01YS5ESXB9YSMHYQGTE9""], [""01KZ3GZ7WBMVJN82W50RJJVYEJ""], [""01KZ3H01YT6JV43PAPFFP2JWXJ""], [""01KZ3GYVWBNT7N6YRQH3XY8SDC""], [""01KZ3H01YSFC53G7687HGHS17Q""], [""01KZ3GZ7WB9D6MC252XS8QZQFV""], [""01KZ3GZ7WCJ5XRCKBS05EYBMZD""], [""01KZ3H01YS7J7MMBH7RRQBETBZ""], [""01KZ3GZ7WCQCZ3JCKB6XT5Z2N8""], [""01KZ3GYVWCYV8YQ0F7XV735RD1""]]","{""entities"": [""June"", ""Paxos"", ""Sam""], ""time_constraints"": [""june 15""], ""operands"": [{""name"": ""before"", ""satisfied"": false}], ""list_cardinality"": {""known"": false, ""count"": 0}, ""update_state"": """", ""gap"": null}","[{""kind"": ""KEEP"", ""candidate_id"": ""01KZ3GZ7W86TAR1VK58SB2D490"", ""source_id"": ""01KZ3GYVWCP9S8Z7TMSQASJVS6""}, {""kind"": ""KEEP"", ""candidate_id"": ""01KZ3GZ7WA24AWJWY2VRCN84V4"", ""source_id"": ""01KZ3GYVWCYV8YQ0F7XV735RD1""}]",fail,KEEP 01KZ3GZ7W86TAR1VK58SB2D490 覆盖约 80 小时，但 KEEP 01KZ3GZ7WA24AWJWY2VRCN84V4 只是初步报告期限，未证明届时完成 Paxos。
023-b20260803-r2-0-00197-0-00197-q2,multi-hop,train,When is Sarah's birthday and has her celebration date changed from the previous conversation?,Sarah's birthday is on May 12th.,"Sarah’s birthday is on May 12th. || Alex and the assistant will collaborate on decorating for Sarah’s birthday party. || Alex is considering setting up a photo booth with movie character themes for Sarah’s birthday party. || Alex is planning a family trip to Paris with his wife, Tom, Sarah, and himself. || Alex is planning a small gathering for Sarah’s birthday at home. || Alex's daughter Sarah's birthday is on June 15th. || Alex will handle the food and cake for Sarah’s birthday party. || Sarah's birthday is on February 20th, 2026. || Sarah wants a small gathering at home for her birthday. || The assistant suggested a Japanese theme for Sarah’s birthday party.","[""01KZ3QJ8FAE801Z7P900QTMDYJ"", ""01KZ3QHT8QH3CFY7THJS8K1FE0"", ""01KZ3QHT8JFZREZAH78GKS6VNH"", ""01KZ3QHBXRADHGRK84K2DSG37W"", ""01KZ3QHT8GRTRD4W4Y52NEGG1X"", ""01KZ3QHBY00MJ6EBMFR1WHWZC4"", ""01KZ3QHT8MBP832Y32MDPT2GEH"", ""01KZ3QHT8F4624K8AB4VJ6B3PA"", ""01KZ3QHT8P9XQMA4F0JX9SEZCK"", ""01KZ3QJ8F6JCD6YCRST7GR2GQM""]","[0, 1, 2, 3, 4, 5, 6, 7, 8, 9]","[[""01KZ3QJ260M59P7FGVR7T7W4SW"", ""01KZ3QJ261K1JCJ3SYPB9QXVCJ""], [""01KZ3QHBYA0NXAXG3JY23M23MR"", ""01KZ3QHBYA0XKCG5ACXDH9CY0W""], [""01KZ3QHBY9R0B3MXFRG9EMN58K""], [""01KZ3QGY1XX29GXNTHWQGER59K"", ""01KZ3QGY1YCTYSEKVVZX2076AJ""], [""01KZ3QHBY9NXW88VK2W65TKCAF""], [""01KZ3QGY1XX29GXNTHWQGER59K""], [""01KZ3QHBYA0XKCG5ACXDH9CY0W""], [""01KZ3QHBY8T72TH2JEJGWY9DXZ""], [""01KZ3QHBY9NXW88VK2W65TKCAF""], [""01KZ3QJ261JR5STT84J78D2V6Y""]]","{""entities"": [""Sarah's""], ""time_constraints"": [], ""operands"": [], ""list_cardinality"": {""known"": false, ""count"": 0}, ""update_state"": """", ""gap"": {""kind"": ""entity"", ""entity"": ""Sarah's"", ""start"": null, ""end"": null, ""operand"": """", ""source_need"": ""entity:Sarah's""}}",[],fail,gap漏标；应 KEEP 01KZ3QJ8FAE801Z7P900QTMDYJ，候选直接给出 May 12th。
023-b20260803-r2-0-00045-0-00045-q3,open-domain,train,When is Sarah's birthday according to the latest information?,Sarah’s birthday is coming up and there is a small dinner planned at home.,"Sarah’s birthday is coming up soon, and Alex is planning a small dinner at home to surprise her.","[""01KZ3J42C5XN6X5J2XJZ9QYFXG""]",[0],"[[""01KZ3J3SR6NCYBA5RD65CCC840""]]","{""entities"": [""Sarah's""], ""time_constraints"": [], ""operands"": [], ""list_cardinality"": {""known"": false, ""count"": 0}, ""update_state"": ""latest"", ""gap"": null}","[{""kind"": ""KEEP"", ""candidate_id"": ""01KZ3J42C5XN6X5J2XJZ9QYFXG"", ""source_id"": ""01KZ3J3SR6NCYBA5RD65CCC840""}]",pass,
023-b20260803-r2-0-00046-0-00046-q1,temporal,train,When did you mention John was struggling with his part of the project?,In the first session on 2026-01-03.,A shortlist of potential influencers has been created for the project. || John was struggling with his part of the project last session. || John will handle the marketing for the new product. || Priya is planning to finalize the project launch by March 5th. || The tech team provided their final checklist for the project.,"[""01KZ3J4EW40WQMV4T4S901K089"", ""01KZ3J50DQCQ3TBZE39Q9MA1XZ"", ""01KZ3J4QNZWVD798M9DKAMCJG4"", ""01KZ3J4EW1H6TMKT5XRYTJEW3C"", ""01KZ3J4EW5ND46GR83C0VQN53N""]","[0, 1, 2, 3, 4]","[[""01KZ3J49JTW8Z24BADHNF1JBSE""], [""01KZ3J4QPK8FC4H3CZ2Z8M22CB""], [""01KZ3J4EW6FB9PP1SDRSCJT7NK""], [""01KZ3J49JSDWK070EXD5EQWHQD""], [""01KZ3J49JTW8Z24BADHNF1JBSE""]]","{""entities"": [""John""], ""time_constraints"": [], ""operands"": [], ""list_cardinality"": {""known"": false, ""count"": 0}, ""update_state"": """", ""gap"": null}","[{""kind"": ""KEEP"", ""candidate_id"": ""01KZ3J50DQCQ3TBZE39Q9MA1XZ"", ""source_id"": ""01KZ3J4QPK8FC4H3CZ2Z8M22CB""}]",fail,KEEP 01KZ3J50DQCQ3TBZE39Q9MA1XZ 只说 last session，未覆盖精确日期 2026-01-03。
023-b20260803-r2-0-00103-0-00103-q1,temporal,train,When is Mei planning to make a booking for specialty ingredients?,She plans to do it in early February.,"Mei booked a private room for a wedding on July 15th. || Mei buys meats from Meat Market. || Mei buys vegetables from Green Thumb Farms. || Mei expects around 100 guests for the event. || Mei has a big event planned for June 15, 2026. || Mei has a big reservation for a wedding party on March 25th. || Mei ordered fancy cheeses and truffles from the new supplier. || Mei ordered necessary linens and cutlery last week for the upcoming wedding. || Mei plans to add more dishes based on customer feedback. || Mei received fresh ingredients from a new supplier in France this week. || Mei runs a restaurant called Bella Pasta in downtown. || Mei switched suppliers due to the previous supplier being late twice and having poor quality. || Mei uses Luigi’s Pasta Shop for fresh pasta. || Mei will book another supplier for specialty ingredients in early February. || The new menu items are selling well with many repeat orders. || The new supplier has been delivering ingredients exactly as needed. || The specialty ingredients will be needed by mid-March.","[""01KZ3M5VF4A8SP9T1275VGXJF0"", ""01KZ3M5K1AHPZSY6STFW25A997"", ""01KZ3M5K196TR72RA9KTPNBM24"", ""01KZ3M5K17BM7ZTCFQP68QFGTQ"", ""01KZ3M5K1549WAYR29YDHA7AGB"", ""01KZ3M648D5FS1JE623DEV00XJ"", ""01KZ3M648BF47PF3C1V5DSWHNN"", ""01KZ3M5VF6QXM616Z6TX6X5KXH"", ""01KZ3M6E8W3T8QJCT9EE8W1MMX"", ""01KZ3M6489ZH09NEPV8WZFPK82"", ""01KZ3M5K13HYEGRM78P2XWAPAY"", ""01KZ3M6E8PTD8NFVJ0PX2TFEAA"", ""01KZ3M5K18VBEBCF0R3Z3QJEV6"", ""01KZ3M6E8X1WHK7S4ZNNDTVFBH"", ""01KZ3M6E8VTZA14NEXQJ8GZ22Q"", ""01KZ3M6E8S3MQ8SVG97367VCHX"", ""01KZ3M6E8Y9YHHFBAR8M47EFCM""]","[0, 1, 2, 3, 4, 5, 6, 7, 8, 9, 10, 11, 12, 13, 14, 15, 16]","[[""01KZ3M5K1B2SARWXAJGV5VRVA4""], [""01KZ3M58BBTB5X915F4NKSS6DN""], [""01KZ3M58BBTB5X915F4NKSS6DN""], [""01KZ3M58BAQQMY24TECMJRF2ED""], [""01KZ3M58BA7C1EFMJ04MA283SR""], [""01KZ3M5VFASHZJJN28WNVX1C3G""], [""01KZ3M5VF9BA1FVG8XS5MP3RKK""], [""01KZ3M5K1CW8TV2HB2CX60JEQR""], [""01KZ3M648GV4ZFVCV3NHHTKNSH""], [""01KZ3M5VF9GMHX06PPB2QW6WFM""], [""01KZ3M58B9VJFNQF6HC58HKAN5""], [""01KZ3M648FZ7TXEN5MH7KBTKBV""], [""01KZ3M58BBTB5X915F4NKSS6DN""], [""01KZ3M648GFEW7PTB19QER4EY1""], [""01KZ3M648GV4ZFVCV3NHHTKNSH""], [""01KZ3M648F4NMF9RDRE8ERBKK8""], [""01KZ3M648GFEW7PTB19QER4EY1""]]","{""entities"": [""Mei""], ""time_constraints"": [], ""operands"": [], ""list_cardinality"": {""known"": false, ""count"": 0}, ""update_state"": """", ""gap"": {""kind"": ""entity"", ""entity"": ""Mei"", ""start"": null, ""end"": null, ""operand"": """", ""source_need"": ""entity:Mei""}}",[],fail,gap漏标；应 KEEP 01KZ3M6E8X1WHK7S4ZNNDTVFBH，候选明确给出 early February。
023-b20260803-r2-0-00153-0-00153-q1,temporal,train,When is the launch date for the NovaTech project scheduled?,"June 15th, 2026",Alex will handle coding and testing for the 'NovaTech' project. || Jamie will manage marketing campaigns for the 'NovaTech' project. || Sam will focus on customer outreach for the 'NovaTech' project. || The project 'NovaTech' is scheduled for launch on 2026-06-15.,"[""01KZ3NZA2EXPW0YT0V66WFJQ9D"", ""01KZ3NZA2GVB0JHTFEJPS662HH"", ""01KZ3NZA2HWV9Y00TFG9WRVDSV"", ""01KZ3NZA2DRRWCT55DKCNXAJWB""]","[0, 1, 2, 3]","[[""01KZ3NZ1PD1SVC591HF4AH432D""], [""01KZ3NZ1PD1SVC591HF4AH432D""], [""01KZ3NZ1PD1SVC591HF4AH432D""], [""01KZ3NZ1PCAAN2FCFN95RXZ0DY""]]","{""entities"": [""NovaTech""], ""time_constraints"": [], ""operands"": [], ""list_cardinality"": {""known"": false, ""count"": 0}, ""update_state"": """", ""gap"": {""kind"": ""entity"", ""entity"": ""NovaTech"", ""start"": null, ""end"": null, ""operand"": """", ""source_need"": ""entity:NovaTech""}}",[],fail,gap漏标；应 KEEP 01KZ3NZA2DRRWCT55DKCNXAJWB，候选明确给出 2026-06-15。
023-b20260803-r2-0-00074-0-00074-q2,multi-hop,train,"When is Emma's birthday, and does she have plans to join the family trip to Hawaii in July?",Emma's birthday is soon and she is turning 7. She is not explicitly mentioned as joining the family trip to Hawaii in July.,"Alex is planning a family trip to Hawaii from July 15th to July 22nd. || Emma, Alex’s niece, is turning 7 in December.","[""01KZ3K60WFD7T1Q9D4TV1722CS"", ""01KZ3K60WKNGTY7QDTVKAXWX5Q""]","[0, 1]","[[""01KZ3K5RM2PX0DFKFCWYD4F915""], [""01KZ3K5RM1R0FC2Q23TM2VPN5C""]]","{""entities"": [""Emma's"", ""Hawaii"", ""July""], ""time_constraints"": [], ""operands"": [], ""list_cardinality"": {""known"": false, ""count"": 0}, ""update_state"": """", ""gap"": null}","[{""kind"": ""KEEP"", ""candidate_id"": ""01KZ3K60WFD7T1Q9D4TV1722CS"", ""source_id"": ""01KZ3K5RM2PX0DFKFCWYD4F915""}]",fail,KEEP 01KZ3K60WFD7T1Q9D4TV1722CS 只覆盖夏威夷行程，未覆盖 Emma 将满 7 岁，也未支持她未被明确列为同行者。
023-b20260803-r2-0-00028-0-00028-q0,single-hop,train,When did Dana start her home-lab project?,January 2025,"Dana added custom scripts to automate lighting based on her schedule. || Dana aims to automate the deployment process using CI/CD pipelines in her home-lab project. || Dana and the assistant discussed adding AI functionalities to the lab, specifically a chatbot using natural language processing, in a previous session. || Dana encountered challenges during the network integration of the new server but resolved them with assistance from an old colleague. || Dana encountered issues with power supply stability due to the new server's higher power consumption. || Dana finished setting up the new server and integrated it with the existing network on or after 2025-12-15. || Dana integrated smart lights into her home-lab project and fixed any minor bugs last week. || Dana is considering Jenkins for CI/CD and Iptables for firewall management in her home-lab project. || Dana is considering upgrading her hardware and optimizing her code for her home-lab project. || Dana is researching tools for integrating a chatbot into the lab, considering Rasa. || Dana is working on her home-lab project solo but may seek help from colleagues if needed. || Dana noticed occasional delays in data processing in her home-lab project. || Dana optimized the network configuration by upgrading switches and implementing a new routing protocol. || Dana plans to order extra RAM for her home-lab project this week. || Dana plans to test the new network configuration setup using benchmarks and real-world testing. || Dana plans to update logs and documentation to reflect the recent changes. || Dana set up a new server with the latest hardware. || Dana started a home-lab project in January 2025. || Dana wants to improve security by setting up proper access controls in her home-lab project.","[""01KZ3HGAHG59SZFD8K86RJQPSH"", ""01KZ3HFMDASTRKW87FT6E5G6TG"", ""01KZ3HGKS5WE2DR9PMS4SCXZ57"", ""01KZ3HGKS24CVR209M1E1XB6FS"", ""01KZ3HFZJWD9NHV9BNZJSYS42D"", ""01KZ3HGKRWNX6VRCYHANWD42VC"", ""01KZ3HGAHEEGXB0KV92NG2GA0G"", ""01KZ3HFMDCKJFS6BNZ8T63SKCG"", ""01KZ3HGAHJM7C2BW7T200HJVTF"", ""01KZ3HGKS8AW2DZZ5WB7ZBRDSX"", ""01KZ3HFMDDA4VCYS4T79AMJ4BH"", ""01KZ3HGAHHJQY51HRK01EM7WX9"", ""01KZ3HFZJQQ4V2FHPDR33ZSHAN"", ""01KZ3HGAHKYF60V9JJ6YY1W01H"", ""01KZ3HFZJT185R36CRTXTVFCQQ"", ""01KZ3HFZJYJWF1WFED0Q36CQN5"", ""01KZ3HFZJP7NRQKQHDJK89YJNE"", ""01KZ3HFMD8HCYW8NZ3XM86VZ10"", ""01KZ3HFMDC140Z7Q0SEJZ8KDJG""]","[0, 1, 2, 3, 4, 5, 6, 7, 8, 9, 10, 11, 12, 13, 14, 15, 16, 17, 18]","[[""01KZ3HFZK1QEBMKZ9WMEFBDJS3""], [""01KZ3HFDR3NT9GVXFYN20KKFQA""], [""01KZ3HGAHNGEPSHVS3VGGT1SDR""], [""01KZ3HGAHNBNC6YSKBJXQ6JQTW""], [""01KZ3HFMDGT1AB0PCZ7C0PFJ2M""], [""01KZ3HGAHMQR1TR41G1PA9H5B1""], [""01KZ3HFZK1QEBMKZ9WMEFBDJS3""], [""01KZ3HFDR4TSXR77CM2EATR9S5""], [""01KZ3HFZK4HM6YR2Z6VCZV9ET9""], [""01KZ3HGAHPQ1723WS7DKD8P89W""], [""01KZ3HFDR46AB5T8NSY8HEM771""], [""01KZ3HFZK4PWH5GHF2D3HCG2YB""], [""01KZ3HFMDEX4P1CGV7B3Z28N4G"", ""01KZ3HFMDFBQS624E6C4FQZ44T""], [""01KZ3HFZK5W5WT93APP6TAQD0A""], [""01KZ3HFMDF3K7FXSPCA6DQ4RA7"", ""01KZ3HFMDFC74B70MJ836N8BPR""], [""01KZ3HFMDGBRAYKDYYQP1VNFSY""], [""01KZ3HFMDEX4P1CGV7B3Z28N4G""], [""01KZ3HFDR39XGJRAHR9KHDYSPJ""], [""01KZ3HFDR3NT9GVXFYN20KKFQA""]]","{""entities"": [""Dana""], ""time_constraints"": [], ""operands"": [], ""list_cardinality"": {""known"": false, ""count"": 0}, ""update_state"": """", ""gap"": null}","[{""kind"": ""KEEP"", ""candidate_id"": ""01KZ3HFMD8HCYW8NZ3XM86VZ10"", ""source_id"": ""01KZ3HFDR39XGJRAHR9KHDYSPJ""}]",pass,
023-b20260803-r2-0-00175-0-00175-q3,open-domain,train,What is the current status of the onboarding process for the WellConnect project?,We're about 75% done with the onboarding flow design. The developers are testing the chatbot integration now.,Priya is working on a new health app called WellConnect.,"[""01KZ3PS3TVMVN4W6X45S3M3AZQ""]",[0],"[[""01KZ3PRRAJXP8CJ8MQYN53GYMJ""]]","{""entities"": [""WellConnect""], ""time_constraints"": [], ""operands"": [], ""list_cardinality"": {""known"": false, ""count"": 0}, ""update_state"": ""current"", ""gap"": {""kind"": ""entity"", ""entity"": ""WellConnect"", ""start"": null, ""end"": null, ""operand"": """", ""source_need"": ""entity:WellConnect""}}",[],pass,
