id,category,split,query,gold_answer,candidates,candidate_ids,candidate_ranks,candidate_sources,target_need,target_actions,semantic_sufficiency,notes
023-b20260803-r3-0-00178-0-00178-q0,single-hop,train,When did Sam start working on his thesis project?,I started working on it in January 2025.,"Sam aims to finish the experiments by mid-March. || Sam and Dr. Lee completed the main part of their project and are refining the algorithms. || Sam and Dr. Lee identified additional use cases for their project in data-intensive industries like finance and healthcare, and are exploring integration with AI for predictive analytics. || Sam and Dr. Lee optimized the load balancing for their project, improving its performance with larger datasets. || Sam and Dr. Lee plan to submit their research paper to a major conference by March. || Sam and Dr. Lee tested their system on the cluster at the university lab and achieved positive results under heavy load conditions. || Sam had a meeting with Dr. Lee on 2026-01-28 to discuss his progress on the distributed systems project. || Sam has been working on the algorithm design since the meeting with Dr. Lee and should be ready to test it by the end of this week. || Sam has completed the introduction chapter and is working on the method chapter. || Sam has finished the literature review and started on the experimental design for his thesis. || Sam has settled on five key parameters for his experiments: network size, message latency, bandwidth, packet loss, and node failure rate. || Sam is using a custom network simulator called NetSim for his experiments. || Sam is working on a thesis about improving fault tolerance in distributed networks using machine learning techniques. || Sam needs to present his findings at the conference in March. || Sam plans to finalize his presentation slides and notes by the middle of next week. || Sam plans to have four chapters in his thesis: introduction, method, implementation, and conclusion. || Sam plans to implement a new algorithm by February 15th. || Sam plans to run 20 different setups, each with a unique combination of the five key parameters. || Sam plans to start coding prototypes for integrating machine learning into the system next week. || Sam's thesis focuses on using neural networks to predict node failures in real-time. || Sam started working on his thesis project in January 2025.","[""01KZ3PWZKDYQEAYSAKZS12ZGSG"", ""01KZ3PXKVRHRYN2DP84HB0G4WS"", ""01KZ3PXKVVRYR5S6QC55NXF2ZG"", ""01KZ3PXKVSZ31E2Y8CMWY4YXXW"", ""01KZ3PXKVWD3RTQR2K66NNWNKG"", ""01KZ3PXKVTHYBKE0E6FFBRAD8H"", ""01KZ3PX8RCXG3PT5F0HSKW5SYS"", ""01KZ3PX8RFZM4FNZZS8K68FA64"", ""01KZ3PWR02VGWXWAFDQB28BRRZ"", ""01KZ3PWZK95KJSCRJS5B2CX4ZN"", ""01KZ3PWZKBKESM4WNGKPY6TP1G"", ""01KZ3PWZKAFDWYGZGZF9DAM15N"", ""01KZ3PWQZXVB6F1JDKSADQGAZP"", ""01KZ3PX8RHCX36FG0075YBE3M3"", ""01KZ3PX8RHSAX0ABTDAEBG5KGR"", ""01KZ3PWR01X1G0E38S0G4VY7JS"", ""01KZ3PX8RE344TCNXD482Z5085"", ""01KZ3PWZKCEF6SDNYW20G5TSJ3"", ""01KZ3PX8RG7KQNCNE3KM27P7Z9"", ""01KZ3PWQZYAD4AMAWPGZZABXPS"", ""01KZ3PWR00EAR1MXMJN0XYWH7G""]","[0, 1, 2, 3, 4, 5, 6, 7, 8, 9, 10, 11, 12, 13, 14, 15, 16, 17, 18, 19, 20]","[[""01KZ3PWR04PZB892CRHFXJXY0Z""], [""01KZ3PX8RM65HKPV1A6R5DF7NS""], [""01KZ3PX8RNSZ9X05GYX14TFDNC""], [""01KZ3PX8RM5GT8FG4P2E1VCFX8""], [""01KZ3PX8RP125VFYRKFQ4XTQ59""], [""01KZ3PX8RN5RHVZ7M0A73R06J6""], [""01KZ3PWZKDX3BC4JKR9BB8XE7Z""], [""01KZ3PWZKE47C8TS0VDQBFSRMV""], [""01KZ3PWF1NF1KG07KPXNZ28KE0""], [""01KZ3PWR031GCP2DDA1X7XQ19Z""], [""01KZ3PWR03QTK34NKSXB3KCEVM""], [""01KZ3PWR03ZKY6EW5EEKTBHZBE""], [""01KZ3PWF1K89B4QT7QEYCZ8A3D"", ""01KZ3PWF1MHV8VSFHH5S7R6VVF""], [""01KZ3PWZKFV5W4T2W4JFSA1ER6""], [""01KZ3PWZKFV5W4T2W4JFSA1ER6""], [""01KZ3PWF1N68K44RTNRXEHT6PC""], [""01KZ3PWZKEDQ3QRSY47J3EGCZP""], [""01KZ3PWR04WBVAKTT7F167S68Y""], [""01KZ3PWZKEA9DRW5H6FW1GNX84""], [""01KZ3PWF1M9CK7C541KQFHTDTP""], [""01KZ3PWF1NM8MHWHEJNMNK84JD""]]","{""entities"": [""Sam""], ""time_constraints"": [], ""operands"": [], ""list_cardinality"": {""known"": false, ""count"": 0}, ""update_state"": """", ""gap"": null}","[{""kind"": ""KEEP"", ""candidate_id"": ""01KZ3PWQZYAD4AMAWPGZZABXPS"", ""source_id"": ""01KZ3PWF1M9CK7C541KQFHTDTP""}, {""kind"": ""KEEP"", ""candidate_id"": ""01KZ3PWR00EAR1MXMJN0XYWH7G"", ""source_id"": ""01KZ3PWF1NM8MHWHEJNMNK84JD""}]",pass,
023-b20260803-r3-0-00081-0-00081-q0,single-hop,train,What are the key family members going on the July vacation to Europe?,"The family members going on the July vacation are the user, their parents, and their two cousins.",Alex finalized the itinerary for a July vacation to Europe.,"[""01KZ3KCWFNA7TKYMZKG8Q3S0EX""]",[0],"[[""01KZ3KCJD1WSSQRY719KGPZZYP""]]","{""entities"": [""Europe"", ""July""], ""time_constraints"": [], ""operands"": [], ""list_cardinality"": {""known"": false, ""count"": 0}, ""update_state"": """", ""gap"": {""kind"": ""entity"", ""entity"": ""Europe"", ""start"": null, ""end"": null, ""operand"": """", ""source_need"": ""entity:Europe""}}",[],pass,
023-b20260803-r3-0-00159-0-00159-q0,single-hop,train,When is Sarah's birthday?,Sarah’s birthday is on April 28th.,"A small gathering will be planned for Sarah’s birthday at home, themed after her favorite Japanese cartoon. || Invitations for Sarah’s birthday party will be sent out early. || Sarah’s birthday is on April 28, 2026.","[""01KZ3P66NPRYY6DJYQZHZJ9G8B"", ""01KZ3P66NQ9KR4FGZD2KY2NEFY"", ""01KZ3P66NN06Z37NE74ESTZK0X""]","[0, 1, 2]","[[""01KZ3P5YG05DEZZZKCA0H8FBTY""], [""01KZ3P5YG05R0HFKBC4B05S62T""], [""01KZ3P5YFZBKQWEPBTB5PZ6TA9"", ""01KZ3P5YG01EZCP969668JC0C5"", ""01KZ3P5YG05DEZZZKCA0H8FBTY""]]","{""entities"": [""Sarah's""], ""time_constraints"": [], ""operands"": [], ""list_cardinality"": {""known"": false, ""count"": 0}, ""update_state"": """", ""gap"": null}","[{""kind"": ""KEEP"", ""candidate_id"": ""01KZ3P66NN06Z37NE74ESTZK0X"", ""source_id"": ""01KZ3P5YG05DEZZZKCA0H8FBTY""}]",pass,
023-b20260803-r3-0-00187-0-00187-q0,single-hop,train,When is Sarah's birthday?,April,"Alex is planning a surprise party for Sarah at their place. || Sarah, Alex's cousin, is visiting Paris during the trip. || Sarah is bringing her kids for the family gathering in Paris. || Sarah’s birthday is in April.","[""01KZ3Q658JJVCDMEJC57ECJJVX"", ""01KZ3Q658FY65AEAZT5MB7797W"", ""01KZ3Q658G4AEJV2TGDPR8YMMV"", ""01KZ3Q658JTADQB12F51Y6MGKY""]","[0, 1, 2, 3]","[[""01KZ3Q5XSETA4NE6XCK9EYPHMM""], [""01KZ3Q5XSD5Z3YYF6DQ8M8NBCD""], [""01KZ3Q5XSD5Z3YYF6DQ8M8NBCD""], [""01KZ3Q5XSDGNS1823BKBSPCCDH""]]","{""entities"": [""Sarah's""], ""time_constraints"": [], ""operands"": [], ""list_cardinality"": {""known"": false, ""count"": 0}, ""update_state"": """", ""gap"": null}","[{""kind"": ""KEEP"", ""candidate_id"": ""01KZ3Q658JTADQB12F51Y6MGKY"", ""source_id"": ""01KZ3Q5XSDGNS1823BKBSPCCDH""}]",pass,
023-b20260803-r3-0-00092-0-00092-q0,single-hop,train,When did Dana plan to add more nodes to her Kubernetes cluster?,by the end of this year,"All servers in Dana's lab run Ubuntu 22.04 LTS. || Dana added three new servers to the home-lab project last week. || Dana added two servers to her home-lab project last week. || Dana decided to upgrade the network infrastructure to 10GbE this month. || Dana experienced a delay in the home-lab project due to hardware issues. || Dana has a Dell R740 server with 24 cores and 256GB of RAM. || Dana has been using the Dell R740 server since 2024. || Dana has spent more than planned on the home-lab project budget, but within manageable limits. || Dana is considering Zabbix and Prometheus for the new monitoring system, starting with Zabbix. || Dana is planning to set up a new monitoring system. || Dana is setting up a small Kubernetes cluster for microservices development. || Dana is using a semi-automated system for applying security patches on the home-lab project. || Dana plans to expand the Kubernetes cluster to four nodes by the end of 2026. || Dana uses the Dell R740 server for running development environments and testing new software.","[""01KZ3KRZ7G90YPQJVSQNPFYERQ"", ""01KZ3KSP5RTJAWCWM0ZMSXS7R3"", ""01KZ3KSE5JQN4BM8QMWWDE1ED0"", ""01KZ3KSP5TBQNW0HDYMMF2MCTH"", ""01KZ3KSE5QSPZRKM2XW4NJ60X1"", ""01KZ3KRZ79KGWEWVZXWQ0SE1N4"", ""01KZ3KRZ7BR0DYBW2MYXD9R3B4"", ""01KZ3KSE5N7DQR0PYVERQW1G1K"", ""01KZ3KSP5YP8SH2SPH71FFDKGG"", ""01KZ3KSP5W5NA20MB7XKBQ8GS4"", ""01KZ3KRZ7E0NKRP77ABT08H0J6"", ""01KZ3KSE5RK535YGBJHBKNEY5T"", ""01KZ3KRZ7F5BH6CM9H7MZX8ZY0"", ""01KZ3KRZ7DEP1C3P13F9MZDXV6""]","[0, 1, 2, 3, 4, 5, 6, 7, 8, 9, 10, 11, 12, 13]","[[""01KZ3KRH7A24N5AGR72BPD77F7""], [""01KZ3KSE5TWBBRNTCKS79E0F1H""], [""01KZ3KS5AWRH6BBZ8CX9AGMNAB""], [""01KZ3KSE5V16NDNX8M8HC1MWXW""], [""01KZ3KS5AWC40RE0WRXSM2TFRD""], [""01KZ3KRH74DZMV32KX6M1E0H01"", ""01KZ3KRH74KQGKXC6TW9KAPM80""], [""01KZ3KRH767CNVJB7GNHZ3Q24V""], [""01KZ3KS5AWY5XM794ADTSAG5CF""], [""01KZ3KSE5WDTYHPM920QC6610M""], [""01KZ3KSE5WSBVXWFBPWDP6AZ0E""], [""01KZ3KRH77RGEREBF4A1PZRNBZ""], [""01KZ3KS5AXPNS5C7HS0RZVFR86""], [""01KZ3KRH79YAGN7TB955ANARMW""], [""01KZ3KRH767CNVJB7GNHZ3Q24V""]]","{""entities"": [""Dana"", ""Kubernetes""], ""time_constraints"": [], ""operands"": [], ""list_cardinality"": {""known"": false, ""count"": 0}, ""update_state"": """", ""gap"": null}","[{""kind"": ""KEEP"", ""candidate_id"": ""01KZ3KRZ7E0NKRP77ABT08H0J6"", ""source_id"": ""01KZ3KRH77RGEREBF4A1PZRNBZ""}, {""kind"": ""KEEP"", ""candidate_id"": ""01KZ3KRZ7F5BH6CM9H7MZX8ZY0"", ""source_id"": ""01KZ3KRH79YAGN7TB955ANARMW""}]",pass,
023-b20260803-r3-0-00009-0-00009-q0,single-hop,train,How many machines are in Sam's cluster?,5,"Sam aims to submit a draft of his thesis by April 15, 2026. || Sam anticipates finishing his thesis by the end of this year. || Sam expects to complete the current section of his thesis by the following week. || Sam finished the section on consistency models for his thesis by 2026-03-22. || Sam has been working on the Vector Clock algorithm for his thesis. || Sam has chosen to focus on the implementation of the Raft algorithm by Diego Ongaro and John Ousterhout. || Sam has found interesting papers on fault tolerance strategies in distributed systems. || Sam is currently focusing on the impact of network latency on distributed systems in his thesis. || Sam is implementing the Vector Clock algorithm in Java. || Sam is testing his implementation on a cluster of 5 machines. || Sam is trying to understand the trade-offs between different consensus protocols better. || Sam is using Google's Spanner and Amazon's DynamoDB as case studies for network latency in distributed systems. || Sam is working on a thesis about improving data consistency in distributed databases. || Sam is working on the chapter about distributed consensus algorithms for his thesis. || Sam needs to consider how consensus protocols handle network partitions. || Sam plans to scale his cluster as he gathers more data. || Sam revised the chapter on peer-to-peer networks to focus on latest protocols and security measures. || Sam's research focuses on algorithms to handle write conflicts in distributed databases. || Sam's thesis aims to demonstrate improved performance under high write loads compared to traditional methods. || Sam's thesis also aims to show how his approach handles network partitions better. || Sam updated his thesis section on distributed hash tables last week.","[""01KZ3GTHDDHCH3EZPHS3C48PRK"", ""01KZ3GT7ZFHFP5G9BW5M9MRNNT"", ""01KZ3GTHDFG0DBEVN9K663P7N6"", ""01KZ3GTHD7PXHCSV9A0XAPE9RC"", ""01KZ3GT7Z2N3J8FFEX79BFAWM4"", ""01KZ3GTTDK5CVB9ZV783NZX3QT"", ""01KZ3GTTDP6EW4F2HK6BEFFFWD"", ""01KZ3GTHD8110ZTSHW1M6DZFZW"", ""01KZ3GT7Z4EPHS6CJS60W1KAQG"", ""01KZ3GT7Z6Q2RHWEE2S7GK6V1W"", ""01KZ3GTTDQF7XY0QNPQDGRM41A"", ""01KZ3GTHDA9V37AGZD99P58E8T"", ""01KZ3GT7YXSXVRADEKDD9QKRGM"", ""01KZ3GTTDHJ5J5QZGZYPPDX5BJ"", ""01KZ3GTTDSJSMSAXD3JFQNZVAM"", ""01KZ3GT7Z8YHJ24D6AF7CK4WGZ"", ""01KZ3GV1VCM8SE304W81CGH9JV"", ""01KZ3GT7YZSQRYG3VGGFGRTYQT"", ""01KZ3GT7ZBXQPX1FKB6MEAX2F3"", ""01KZ3GT7ZCXWESMV4T6BWSSMH5"", ""01KZ3GV1V8MZG1VTM0QVA20H93""]","[0, 1, 2, 3, 4, 5, 6, 7, 8, 9, 10, 11, 12, 13, 14, 15, 16, 17, 18, 19, 20]","[[""01KZ3GT7ZPM9S8MY5EMZPMB9E6""], [""01KZ3GSSRS3QY8MCWDM7WV4MBH""], [""01KZ3GT7ZQ8F8V5K2SPW3QG0A5""], [""01KZ3GT7ZJTS1WBKYZ04ZSYMYV""], [""01KZ3GSSRR7S8X5QGMQZF09TQV""], [""01KZ3GTHDK65N51EN2WNQ03RGK""], [""01KZ3GTHDNFMD0GENZ828E868T""], [""01KZ3GT7ZJTS1WBKYZ04ZSYMYV""], [""01KZ3GSSRRFZDSJRSY01FNGSHB""], [""01KZ3GSSRRFMRA27ADB2271A6D""], [""01KZ3GTHDPN96PAS37Z9TR4GYH""], [""01KZ3GT7ZMBT01EB9JJH7WK1Y2""], [""01KZ3GSSRQ6V2PEXBAXJ94E9K5""], [""01KZ3GTHDJTHK5TTE9SS029H4M""], [""01KZ3GTHDPZZHEEP0KYSH3X040""], [""01KZ3GSSRRFMRA27ADB2271A6D""], [""01KZ3GTTDTGX6SFV93MTDYNNHS""], [""01KZ3GSSRQJY83SM37XZY7QRA9""], [""01KZ3GSSRSACQPW289GJSBPR7P""], [""01KZ3GSSRSACQPW289GJSBPR7P""], [""01KZ3GTTDTKQX9XCND40AQ9Q1C""]]","{""entities"": [""Sam's""], ""time_constraints"": [], ""operands"": [], ""list_cardinality"": {""known"": true, ""count"": 5}, ""update_state"": """", ""gap"": null}",[],fail,gap漏标；应 KEEP 01KZ3GT7Z6Q2RHWEE2S7GK6V1W，候选直接给出 cluster 有 5 台机器。
023-b20260803-r3-0-00054-0-00054-q0,single-hop,train,What was the busiest day in the past year for Mei's restaurant and how many guests were there?,"The busiest day in the past year for Mei's restaurant was December 25th, 2025, with 150 guests.",Mei confirmed a booking for 30 guests on the 15th of this month for a private event. || Mei is still busy with the restaurant. || Mei signed a contract with Green Valley Farms for organic produce last month.,"[""01KZ3JF5JJNHDVKA0DPZ969RHY"", ""01KZ3JETJAH6XKTP22GZ2NQ5HJ"", ""01KZ3JF5JGPRVEZF9JHZ8QFPB6""]","[0, 1, 2]","[[""01KZ3JETJQ3YF4JTDKHZJ77T9N""], [""01KZ3JED2AC2RZTR9EE4X62J9K""], [""01KZ3JETJPY3M466EC3T0VB5VD""]]","{""entities"": [""Mei's""], ""time_constraints"": [""past year""], ""operands"": [], ""list_cardinality"": {""known"": true, ""count"": 25}, ""update_state"": """", ""gap"": {""kind"": ""time_range"", ""entity"": """", ""start"": null, ""end"": null, ""operand"": """", ""source_need"": ""time:past year""}}",[],pass,
023-b20260803-r3-0-00106-0-00106-q0,single-hop,train,When is Lily's birthday party?,June 20th,"Alex's friend Mike's daughter, Lily, is having a birthday party on June 20th, 2026. || Alex's friend Mike's daughter, Lily, will host her birthday party at her house.","[""01KZ3M94CTD8GC65QNF2AYFPTT"", ""01KZ3M94CVBCFPB6MGBFYPYNVK""]","[0, 1]","[[""01KZ3M8RDDSG4MSB7AN76CM051""], [""01KZ3M8RDDSG4MSB7AN76CM051""]]","{""entities"": [""Lily's""], ""time_constraints"": [], ""operands"": [], ""list_cardinality"": {""known"": false, ""count"": 0}, ""update_state"": """", ""gap"": null}","[{""kind"": ""KEEP"", ""candidate_id"": ""01KZ3M94CTD8GC65QNF2AYFPTT"", ""source_id"": ""01KZ3M8RDDSG4MSB7AN76CM051""}]",pass,
023-b20260803-r3-0-00102-0-00102-q0,single-hop,train,How many guests are expected for the wedding booked on April 7th?,80,"Mei has a wedding booked for April 7th, 2026.","[""01KZ3M4D9C9331NYV6AT8B4G07""]",[0],"[[""01KZ3M4530PB8M3GNQDD0ZQEHM""]]","{""entities"": [""April""], ""time_constraints"": [""april 7""], ""operands"": [], ""list_cardinality"": {""known"": true, ""count"": 80}, ""update_state"": """", ""gap"": {""kind"": ""time_range"", ""entity"": """", ""start"": null, ""end"": null, ""operand"": """", ""source_need"": ""time:april 7""}}",[],pass,
023-b20260803-r3-0-00087-0-00087-q0,single-hop,train,How many servers do you currently have in your server farm according to the initial conversation?,three,"Dana plans to update his servers every month, but sometimes he gets busy and it slips to every two months.","[""01KZ3KKN3N50CZVREJ062CEFS7""]",[0],"[[""01KZ3KKD64EWDCA5SVBKAG6NS0""]]","{""entities"": [], ""time_constraints"": [], ""operands"": [], ""list_cardinality"": {""known"": true, ""count"": 0}, ""update_state"": ""currently"", ""gap"": {""kind"": ""entity"", ""entity"": """", ""start"": null, ""end"": null, ""operand"": """", ""source_need"": """"}}",[],pass,
023-b20260803-r3-0-00163-0-00163-q0,single-hop,train,When did the new supplier for organic vegetables start working with Mei's restaurant?,June 1st,Mei decided to have a small stage near the main entrance for the band setup. || Mei had a busy day at the restaurant on 2026-05-21. || Mei has reserved 180 chairs and tables for the event on June 15th. || Mei is looking for a new supplier for organic dairy products on 2026-05-21. || Mei mentioned they have a big event coming up on June 15th with a local band. || Mei needs to adjust the menu based on customer feedback for the summer season on 2026-05-21. || Mei owns a small Italian restaurant in the city center. || Mei started a new supplier for organic vegetables on June 1st. || Mei started seeing more bookings for the summer season on 2026-05-21. || Mei wants to ensure the acoustics are good and the stage looks professional for the band setup. || Mei will discuss menu options with the assistant this weekend on 2026-05-21. || The restaurant focuses on pasta dishes. || The restaurant had a big wedding booking last night on 2026-05-20. || The restaurant has three private dining rooms. || The restaurant's hours are from 11 AM to 10 PM every day. || Vegetables recommended by the supplier were satisfactory for the caterer on 2026-05-21.,"[""01KZ3PBR5YZBCBYDFD03KKNJMX"", ""01KZ3PBFVH52YHQQVAS8N0T6WG"", ""01KZ3PBR5X5SYW4VWB5BB3464G"", ""01KZ3PBFW21T4PMQS74Y0S4P22"", ""01KZ3PBR5V2KAWBGWHVS0X1YSP"", ""01KZ3PBFVYQKNVW86BNW0CRF18"", ""01KZ3PARSYK0Y7DRJJMY4QQNWF"", ""01KZ3PB0K12BTQFWCR0QSCNGCC"", ""01KZ3PBFVXG6SJR429KDJDJ38A"", ""01KZ3PBR5ZAYBCZ67Z4GSFHVY6"", ""01KZ3PBFW0YJ37NDHXZ2RB53C7"", ""01KZ3PART1SNECNJ77N8AKHF6W"", ""01KZ3PBFVKW1GJHAD6CQPA6MQT"", ""01KZ3PART21CHPMJ70ENSC1MJB"", ""01KZ3PART40K0AAR1CKFT7FA39"", ""01KZ3PBFVSQY7GDK3EPDYGRW42""]","[0, 1, 2, 3, 4, 5, 6, 7, 8, 9, 10, 11, 12, 13, 14, 15]","[[""01KZ3PBFW6QMSP2CGZ7G5VTBH6""], [""01KZ3PB0KDP51BPQJCTZY3BJEQ""], [""01KZ3PBFW56GJRKNB74M0EZNX7""], [""01KZ3PB0KHPKTDYC81R5KBEENA""], [""01KZ3PBFW4QFQ4CFHTEK4C32B0""], [""01KZ3PB0KGD837GZG4WVK4E87G""], [""01KZ3PABNPJFVVNXHJG1GPHFWA""], [""01KZ3PARTA85ZJ3QEZADKSF6KZ""], [""01KZ3PB0KGD837GZG4WVK4E87G""], [""01KZ3PBFW7CEVRSK24Z8AM4J3T""], [""01KZ3PB0KHS3BH98R6QHVX9YQ9""], [""01KZ3PABNPJFVVNXHJG1GPHFWA""], [""01KZ3PB0KEZ1WYZENMYAF5V2XZ""], [""01KZ3PABNQX75KZ472AD3DTXJZ""], [""01KZ3PABNPJFVVNXHJG1GPHFWA""], [""01KZ3PB0KEZ1WYZENMYAF5V2XZ""]]","{""entities"": [""Mei's""], ""time_constraints"": [], ""operands"": [], ""list_cardinality"": {""known"": false, ""count"": 0}, ""update_state"": """", ""gap"": null}",[],fail,gap漏标；应 KEEP 01KZ3PB0K12BTQFWCR0QSCNGCC，候选直接给出新有机蔬菜供应商从 June 1st 开始合作。
023-b20260803-r3-0-00174-0-00174-q0,single-hop,train,When did Dana start her home-lab project?,Dana started her home-lab project in early 2024.,Dana added two-factor authentication and updated all security protocols in her home-lab project. || Dana encountered a learning curve while setting up the firewall in her home-lab. || Dana encountered minor issues with network configuration after installing the server. || Dana experienced a 30% improvement in processing time for her AI models after upgrading her server hardware. || Dana finished the initial setup of the new security protocol in her home-lab project last week. || Dana has successfully set up the test environment for the security protocol without any issues. || Dana installed a new server on January 5th. || Dana is considering automating the backup process in her home-lab project. || Dana is considering integrating a firewall into her home-lab security measures. || Dana is planning to set up a new database system using MongoDB in her home-lab. || Dana is testing the new security protocol with basic scenarios to ensure its functionality. || Dana plans to set up a backup system for the home-lab project. || Dana plans to test the system's response to unauthorized access attempts. || Dana runs a home-lab with multiple servers. || Dana's home-lab consists of five servers running Ubuntu Server 22.04 LTS. || Dana's main project in the home-lab is a web server running a custom e-commerce application. || Dana started the home-lab project in early 2024. || Dana updated firewall rules after installing the server. || Dana upgraded her server hardware to an Intel Xeon with 64GB RAM and 8TB of storage on 2026-03-21. || Dana will start working on the backup system next week.,"[""01KZ3PRR59CCXZ7P9MR9KTXZA8"", ""01KZ3PRR5BW29BYD3SF3NS1CQB"", ""01KZ3PRAXNJ8N9RXF124YK80SY"", ""01KZ3PRR575TTKJJQ13H2N3C0N"", ""01KZ3PR373XA8VQGD7QEYMQF5P"", ""01KZ3PR375ZC97585D0FGD85B0"", ""01KZ3PRAXMSBK29QM0XB79A0T7"", ""01KZ3PR376ZAE5T8QWDNFRGVMZ"", ""01KZ3PRR5A6XAQK5MS5JHWG95F"", ""01KZ3PRR5BD1F2DBS879X8V2RY"", ""01KZ3PR374EJ2E2JK193EHZT0K"", ""01KZ3PRAXSRY3GC618A0J1QCC7"", ""01KZ3PR3755WXJKF71X2NH5CRZ"", ""01KZ3PQRW580CW99V0Q389H1ED"", ""01KZ3PQRW7EZN9C5E7XMRR7QM6"", ""01KZ3PQRW839Z3939VW56C96KA"", ""01KZ3PQRWAKHQ6AY9BD2R2JGWM"", ""01KZ3PRAXRD2N31WQ18ZCWVRGM"", ""01KZ3PRR56SRC5MVWMAH5G61J7"", ""01KZ3PRAXVKRYKJQ5SCFF1E2C3""]","[0, 1, 2, 3, 4, 5, 6, 7, 8, 9, 10, 11, 12, 13, 14, 15, 16, 17, 18, 19]","[[""01KZ3PRAXYQDMFCWWN7QM7Y7HH""], [""01KZ3PRAXZCNVS8VN4BSGXCQJH""], [""01KZ3PR377QC2PFAVYEM1XP652""], [""01KZ3PRAXXE9JEV86TGW0YB3KT""], [""01KZ3PQRWCSBVMBNEW0WA5WN0X""], [""01KZ3PQRWDWG6XF89412BBWZ53""], [""01KZ3PR377QC2PFAVYEM1XP652""], [""01KZ3PQRWDARKS86BTB1F55ABE""], [""01KZ3PRAXYQDMFCWWN7QM7Y7HH""], [""01KZ3PRAY0C5SQJ1NW0X1QBBSB""], [""01KZ3PQRWCSBVMBNEW0WA5WN0X""], [""01KZ3PR378ZCG8P5QZ89YS5PJB""], [""01KZ3PQRWCRF3NPF5GKC99D1B8""], [""01KZ3PQJGTXY4XBAD1TT3ZD0PM""], [""01KZ3PQJGT11E4KVVZGXZVJ6XC""], [""01KZ3PQJGVPDN3KH9RJM039RFQ""], [""01KZ3PQJGVA0JX4T4BPN1WTXW4""], [""01KZ3PR377QC2PFAVYEM1XP652""], [""01KZ3PRAXXE9JEV86TGW0YB3KT"", ""01KZ3PRAXXXMD8A381HX2YN8DW""], [""01KZ3PR378ZCG8P5QZ89YS5PJB""]]","{""entities"": [""Dana""], ""time_constraints"": [], ""operands"": [], ""list_cardinality"": {""known"": false, ""count"": 0}, ""update_state"": """", ""gap"": null}","[{""kind"": ""KEEP"", ""candidate_id"": ""01KZ3PQRW580CW99V0Q389H1ED"", ""source_id"": ""01KZ3PQJGTXY4XBAD1TT3ZD0PM""}, {""kind"": ""KEEP"", ""candidate_id"": ""01KZ3PRR59CCXZ7P9MR9KTXZA8"", ""source_id"": ""01KZ3PRAXYQDMFCWWN7QM7Y7HH""}]",fail,KEEP 01KZ3PQRW580CW99V0Q389H1ED、01KZ3PRR59CCXZ7P9MR9KTXZA8 均无启动时间；应 KEEP 01KZ3PQRWAKHQ6AY9BD2R2JGWM。
023-b20260803-r3-0-00063-0-00063-q0,single-hop,train,How often do you typically update your servers?,I try to update them monthly to keep everything secure and up-to-date.,Dana updates her servers monthly to keep them secure and up-to-date.,"[""01KZ3JS632NBV24EWAVZ32S9D8""]",[0],"[[""01KZ3JRWYRDX8DJMGES0HT8GQD""]]","{""entities"": [], ""time_constraints"": [], ""operands"": [], ""list_cardinality"": {""known"": false, ""count"": 0}, ""update_state"": """", ""gap"": null}","[{""kind"": ""KEEP"", ""candidate_id"": ""01KZ3JS632NBV24EWAVZ32S9D8"", ""source_id"": ""01KZ3JRWYRDX8DJMGES0HT8GQD""}]",pass,
023-b20260803-r3-0-00101-0-00101-q0,single-hop,train,What are the exact dates of the Paris trip mentioned in the conversations?,May 3rd to May 8th,Alex is planning a family trip to Paris in May.,"[""01KZ3M44YH60KD2XERK12FSBDN""]",[0],"[[""01KZ3M3Y637MBSP69ZK91EZM7Y""]]","{""entities"": [""Paris""], ""time_constraints"": [], ""operands"": [], ""list_cardinality"": {""known"": false, ""count"": 0}, ""update_state"": """", ""gap"": {""kind"": ""entity"", ""entity"": ""Paris"", ""start"": null, ""end"": null, ""operand"": """", ""source_need"": ""entity:Paris""}}",[],pass,
023-b20260803-r3-0-00072-0-00072-q0,single-hop,train,When is your daughter's birthday this year?,March 15th,Alex’s sister’s birthday is on May 27th.,"[""01KZ3K3ZJ51RTFMV1Q3TH8Y42T""]",[0],"[[""01KZ3K3P5Q744J7NHE37ER250H""]]","{""entities"": [], ""time_constraints"": [""this year""], ""operands"": [], ""list_cardinality"": {""known"": false, ""count"": 0}, ""update_state"": """", ""gap"": {""kind"": ""time_range"", ""entity"": """", ""start"": null, ""end"": null, ""operand"": """", ""source_need"": ""time:this year""}}",[],pass,
023-b20260803-r3-0-00123-0-00123-q0,single-hop,train,Did Mei mention having any new supplier for fresh vegetables?,"Yes, Mei mentioned a new supplier in Morocco for exotic spices and a new supplier in New York for fresh vegetables.","A supplier for organic vegetables had a slight delay but deliveries are back on track. || Early reviews of the new menu items are positive. || Mei added light, refreshing dishes like salads and grilled fish to the menu. || Mei booked 15 new tables for the outdoor area. || Mei has contacted a new supplier in New York. || Mei is considering adding local herbs in the soups. || Mei is considering reaching out to regular customers to boost reservations for the special dinner. || Mei is finalizing the menu for the special dinner. || Mei is managing a restaurant. || Mei is trying to keep up with the supply chain, sometimes facing delays. || Mei plans to include local specialties like duck confit and truffle risotto in the anniversary dinner menu. || Mei plans to introduce a new vegan menu soon. || Mei runs a restaurant called 'Savor' in downtown. || Mei's supplier in Boston has been unreliable. || Mei started receiving deliveries from a new vegetable supplier last week. || Mei uses a reservation app called Resy. || Mei will host an anniversary dinner on May 15th next month. || More customers are asking for vegetarian options. || The supplier for organic vegetables will deliver by the end of this week.","[""01KZ3MWGMKNVX4S07GR0R1DHK7"", ""01KZ3MVYYJXSD3B6AD5P8S3JH2"", ""01KZ3MVYYG23GE7SR1VTGKD113"", ""01KZ3MVYYFT2620SZYBSHMR5MG"", ""01KZ3MW5ARX5HERQ75Z91PAD31"", ""01KZ3MVYYHDMANVNHYJ2MR9NQV"", ""01KZ3MWGMP9BF09PNJYZMWHDCV"", ""01KZ3MWGMJY5Q22PW6BXE9NTAJ"", ""01KZ3MWGMEY8H5SJNA77NP9VYP"", ""01KZ3MVQA8X14C2JMEZ3J1XFEF"", ""01KZ3MW5AVN28800GEQHKN4F17"", ""01KZ3MVQA76KGDYGDB607XRRPC"", ""01KZ3MVQA0AXFYVAPFG62YRRHM"", ""01KZ3MW5APRGGG9JRHPWBBAFYD"", ""01KZ3MVYYCPJMHASQVQSJWY6SN"", ""01KZ3MVQA4SDWMPWMRV1FFWNE8"", ""01KZ3MW5ATECJDPMSRJZ4Y6BW4"", ""01KZ3MVQA5Z0SAY0EM979FC1S2"", ""01KZ3MWGMMXH5VWZ5SET4YKPJS""]","[0, 1, 2, 3, 4, 5, 6, 7, 8, 9, 10, 11, 12, 13, 14, 15, 16, 17, 18]","[[""01KZ3MW5AXACBTHPRDEMDQ8W9C""], [""01KZ3MVQAB3BM06EYH6XE87848""], [""01KZ3MVQABNPG1K00C26ENNM2Y""], [""01KZ3MVQAA5CB2H9J111XZSHHD""], [""01KZ3MVYYKQR808E9S6Y0ZFZXY""], [""01KZ3MVQABNPG1K00C26ENNM2Y""], [""01KZ3MW5AYMN23QHYNNP97H82K""], [""01KZ3MW5AX13XCWSFG4F5V005F""], [""01KZ3MW5AX13XCWSFG4F5V005F""], [""01KZ3MVD3A2BR8ZW4DFFX2VXGR""], [""01KZ3MVYYKV3FF10W7TF2TQQRG""], [""01KZ3MVD39QBV66CMSPGARJP90""], [""01KZ3MVD38QP7AVZMMQ2MBCT5S""], [""01KZ3MVYYKEWVPCXJ1HAWPVR5S""], [""01KZ3MVQAA6GQS0RF2A5R0XAKN""], [""01KZ3MVD39T8AYR5VM3RWDJFY0""], [""01KZ3MVYYMCPBCWVDBGSC579MX""], [""01KZ3MVD39QBV66CMSPGARJP90""], [""01KZ3MW5AXACBTHPRDEMDQ8W9C""]]","{""entities"": [""Mei""], ""time_constraints"": [], ""operands"": [], ""list_cardinality"": {""known"": false, ""count"": 0}, ""update_state"": """", ""gap"": null}","[{""kind"": ""KEEP"", ""candidate_id"": ""01KZ3MW5AVN28800GEQHKN4F17"", ""source_id"": ""01KZ3MVYYKV3FF10W7TF2TQQRG""}, {""kind"": ""KEEP"", ""candidate_id"": ""01KZ3MW5ARX5HERQ75Z91PAD31"", ""source_id"": ""01KZ3MVYYKQR808E9S6Y0ZFZXY""}]",fail,KEEP 01KZ3MW5AVN28800GEQHKN4F17 是菜单，01KZ3MW5ARX5HERQ75Z91PAD31 只说联系纽约供应商，未覆盖摩洛哥香料及纽约鲜蔬供应商完整信息；应为 gap。
023-b20260803-r3-0-00039-0-00039-q0,single-hop,train,When did Dana start her home-lab project?,"Dana started her home-lab project about a year ago, in March 2025.","Dana added a new router last month to improve bandwidth. || Dana added more bandwidth to the network configuration to handle increased traffic during peak hours. || Dana has been working on optimizing the server performance in her home-lab project. || Dana is working on a home-lab project with a tight schedule. || Dana plans to add a new feature—a cloud backup solution—to her home-lab project next week. || Dana's team hopes to begin the AI project in June. || Dana's team is planning to add one more developer next month. || Dana updated the project log with notes about server hardware and virtual machines for the demo. || Dana upgraded the SSDs to improve read/write speeds, achieving a 30% improvement in benchmarks.","[""01KZ3HWRSADK2XSPARANK6G8PH"", ""01KZ3HX1CHSH6PJRP1YMKGE1VG"", ""01KZ3HX1CE9D701D5NPTAH6DVY"", ""01KZ3HWGM9PS2KNHM0Z03VH6QD"", ""01KZ3HX1CPC88J8DF2HVBEJHDG"", ""01KZ3HWRSDW35NYCXWVYHJSEGX"", ""01KZ3HWRSCPZXRCZNGAW3VX2RR"", ""01KZ3HWGMEVEFX44C48YRGD5B5"", ""01KZ3HX1CF3NATNYRFKKFGA90T""]","[0, 1, 2, 3, 4, 5, 6, 7, 8]","[[""01KZ3HWGMH21TYWDQEA6N37TBD""], [""01KZ3HWRSF997Y04VCPHKCS0CQ""], [""01KZ3HWRSFJPAPGNRY3ZF99J4Z""], [""01KZ3HWAGZZ4VEWE9PCDERAAHZ""], [""01KZ3HWRSGS7T048EWY98S3YJT""], [""01KZ3HWGMKZDGX3CR0PFGNV795""], [""01KZ3HWGMKBVZQEATA6ZP4RHBX""], [""01KZ3HWAH228F5T34QZKH6YHBC""], [""01KZ3HWRSFMME1DMRJNHS8AJK5""]]","{""entities"": [""Dana""], ""time_constraints"": [], ""operands"": [], ""list_cardinality"": {""known"": false, ""count"": 0}, ""update_state"": """", ""gap"": null}","[{""kind"": ""KEEP"", ""candidate_id"": ""01KZ3HWRSADK2XSPARANK6G8PH"", ""source_id"": ""01KZ3HWGMH21TYWDQEA6N37TBD""}]",fail,KEEP 01KZ3HWRSADK2XSPARANK6G8PH 只说上月加路由器，不含 March 2025 启动信息；应为 gap。
023-b20260803-r3-0-00105-0-00105-q0,single-hop,train,When did Sarah agree to work from home two days a week?,During the team’s preferences discussion in May 2026.,Sarah is working on final bug fixes for the project. || Sarah prefers to work from home two days a week.,"[""01KZ3M8EW49ANN8Z69F309J6XF"", ""01KZ3M84RZF27SZ1E1CQCYEWA0""]","[0, 1]","[[""01KZ3M84S5Z1VJ85F0ARXQ1N7K""], [""01KZ3M7RSSN05KTBA5Z1YCDSY3"", ""01KZ3M7RSV2GS46VZBBF5832C2""]]","{""entities"": [""Sarah""], ""time_constraints"": [], ""operands"": [], ""list_cardinality"": {""known"": false, ""count"": 0}, ""update_state"": """", ""gap"": {""kind"": ""entity"", ""entity"": ""Sarah"", ""start"": null, ""end"": null, ""operand"": """", ""source_need"": ""entity:Sarah""}}",[],pass,
023-b20260803-r3-0-00023-0-00023-q0,single-hop,train,When did Dana start her home-lab project?,about two months ago,"Dana added a new server with a Ryzen 9 7950X processor in March 2026. || Dana added profiling tools to identify bottlenecks in her home-lab project. || Dana encountered a small issue with network configuration during the setup of the new server in March 2026. || Dana expects to complete the security feature additions to her home-lab project by the end of next week. || Dana finalized the network setup after tweaking the network configuration settings in March 2026. || Dana finds Prometheus and Grafana working well for detailed metrics and easy dashboard creation in March 2026. || Dana finished setting up the new hardware for her home-lab project last week. || Dana has been optimizing the code for better performance in her home-lab project. || Dana has been working on setting up a mini cloud server at home using Raspberry Pi 4s. || Dana integrated the latest TensorFlow version into her home-lab project. || Dana is considering using a smaller GPU model to address power consumption issues in her project. || Dana is exploring the use of renewable energy sources like solar panels for her home-lab project. || Dana is facing challenges with power consumption in her home-lab project. || Dana is using neural network architecture tweaks to reduce latency in her project. || Dana plans to add security features to her home-lab project, starting with installing a firewall and setting up intrusion detection systems. || Dana plans to host a local workshop for AI enthusiasts by the end of June. || Dana plans to use three Raspberry Pi 4s in her home-lab project. || Dana resolved a minor issue with the network configuration during the setup of her home-lab project. || Dana started experimenting with Prometheus and Grafana for monitoring the new server in March 2026.","[""01KZ3HARTB8T9RJ2XRCV6JRZ0H"", ""01KZ3HAD86NZV7XARVETXB762H"", ""01KZ3HARTE0TF0KVB0017DNHFJ"", ""01KZ3HA1D842XYAVTCA6JB2DRN"", ""01KZ3HARTGYGNRGY0Z6MV75YVM"", ""01KZ3HARTMXQ14MT8ZZ99X0VV8"", ""01KZ3HA1D0DMW0R1RV34SHETH3"", ""01KZ3HAD83M677E1TZ3PCXD5N7"", ""01KZ3H9R6ZVKS93D9EBZG9R4Z0"", ""01KZ3HAD80MF50JH5PQE5ER3VZ"", ""01KZ3HAD875PJ3S65GKRE7N601"", ""01KZ3HAD88J7J0SARRHEMHVAH0"", ""01KZ3HAD87P56K5MDFG2FFPZTA"", ""01KZ3HAD85APMHV5KA900PBE9Y"", ""01KZ3HA1D695SRVGHWMB35WA73"", ""01KZ3HAD894Z6Q31NJ57B6JAEX"", ""01KZ3H9R72YGWP3XE1WFSVZSHQ"", ""01KZ3HA1D3HMEVDNFEDS74YNQ0"", ""01KZ3HARTJVJS2W6MB9GKRDBMH""]","[0, 1, 2, 3, 4, 5, 6, 7, 8, 9, 10, 11, 12, 13, 14, 15, 16, 17, 18]","[[""01KZ3HAD8A2W1WCD3133YT2PA9""], [""01KZ3HA1DBBPRHHBX0ZM8NPJQ5""], [""01KZ3HAD8A0A9BWW47DPT4TZTJ""], [""01KZ3H9R76SCK5BG4D81FYT945""], [""01KZ3HAD8AP6CD86C593E9BY47""], [""01KZ3HAD8B10QAS1V21F9H4SRX""], [""01KZ3H9R75SY3RG0GTJ0CQ6YZP""], [""01KZ3HA1DAZZRMD83DZ1MRCXA5""], [""01KZ3H9HRMEV79N09MZTZFDMCJ""], [""01KZ3HA1DAZZRMD83DZ1MRCXA5""], [""01KZ3HA1DC08WXE7JWQEGZ878T""], [""01KZ3HA1DC08WXE7JWQEGZ878T""], [""01KZ3HA1DC514600RBCZ0JEQM8""], [""01KZ3HA1DBBPRHHBX0ZM8NPJQ5""], [""01KZ3H9R76TX2RZNKD9XCJB7HF""], [""01KZ3HA1DD32R7VM1A2TCE6JMY""], [""01KZ3H9HRN9FHC1PZ9C36Z8CBX""], [""01KZ3H9R75SY3RG0GTJ0CQ6YZP""], [""01KZ3HAD8BCYA1SQEHSBSVM2EM""]]","{""entities"": [""Dana""], ""time_constraints"": [], ""operands"": [], ""list_cardinality"": {""known"": false, ""count"": 0}, ""update_state"": """", ""gap"": null}","[{""kind"": ""KEEP"", ""candidate_id"": ""01KZ3HAD86NZV7XARVETXB762H"", ""source_id"": ""01KZ3HA1DBBPRHHBX0ZM8NPJQ5""}, {""kind"": ""KEEP"", ""candidate_id"": ""01KZ3HA1D0DMW0R1RV34SHETH3"", ""source_id"": ""01KZ3H9R75SY3RG0GTJ0CQ6YZP""}]",fail,KEEP 01KZ3HAD86NZV7XARVETXB762H、01KZ3HA1D0DMW0R1RV34SHETH3 分别是 profiling 与上周装硬件，均不支持 about two months ago；应为 gap。
023-b20260803-r3-0-00059-0-00059-q0,single-hop,train,When did Dana start her home-lab project?,Dana started her home-lab project in early 2025.,"Dana added a new server to the network last week. || Dana has been trying to find help for integrating the new server through community forums and direct contact with the manufacturer. || Dana is currently managing one server in her home-lab. || Dana is using Debian 11 on the server in her home-lab. || Dana's home-lab project involves setting up a small server to host a personal wiki, a music library, and a development environment. || Dana's server in the home-lab is an old desktop computer converted into a server. || Dana started her home-lab project in early 2025. || Dana thinks the team needs to set clearer expectations regarding the timeline.","[""01KZ3JMVWZ9GPZ42NKX6VTJCTK"", ""01KZ3JN7PQ2XHCRGEN387DE0KA"", ""01KZ3JMAJB44Q4GR077RFT273N"", ""01KZ3JMAJDVXTSY06CFGHKXFNZ"", ""01KZ3JMAJAYZR2M3HV125MMBKM"", ""01KZ3JMAJCHDB0HED13Y5BJ9BH"", ""01KZ3JMAJ97TNW3F0589KWRH1K"", ""01KZ3JN7PT49CCD683M9XC14QF""]","[0, 1, 2, 3, 4, 5, 6, 7]","[[""01KZ3JMAJEZPQDJPZW1W0VZHM1""], [""01KZ3JMVX85CYY68AY96EX4B2Y"", ""01KZ3JMVX89SXJD2JC8H4YZ2EB"", ""01KZ3JMVX96JPCXD3FJZ78QAK0"", ""01KZ3JMVX9FCNK1VQ4FQQ6W0XB""], [""01KZ3JM1GRRTTXF6BNV3KR49P2""], [""01KZ3JM1GS3NK3PKDHQ02EQ5YA""], [""01KZ3JM1GQT85EN5ZE48GAHME1""], [""01KZ3JM1GRRTTXF6BNV3KR49P2""], [""01KZ3JM1GRZAGWRZYMF4EYRMPN""], [""01KZ3JMVX9QVASZD7V6E3Y26HB""]]","{""entities"": [""Dana""], ""time_constraints"": [], ""operands"": [], ""list_cardinality"": {""known"": false, ""count"": 0}, ""update_state"": """", ""gap"": null}","[{""kind"": ""KEEP"", ""candidate_id"": ""01KZ3JMAJ97TNW3F0589KWRH1K"", ""source_id"": ""01KZ3JM1GRZAGWRZYMF4EYRMPN""}]",pass,
023-b20260803-r3-0-00172-0-00172-q0,single-hop,train,When did Dana plan to start assembling and setting up her home-lab project?,She planned to start this weekend.,"Dana encountered network latency issues when testing the connection speed between the lab and her office after upgrading her server. || Dana also plans to set up a dedicated VLAN for better isolation in her home-lab project. || Dana considered adding multi-factor authentication for security, opting for Google Authenticator. || Dana finished the hardware setup for the new server last week. || Dana has been working on the home-lab project since January. || Dana has chosen a Raspberry Pi 4, an external USB drive, and a basic network switch for her home-lab project. || Dana integrated a new monitoring script that checks CPU and disk usage every hour and logs it to a database. || Dana integrated new server hardware into the home-lab project last month. || Dana is considering using Ubuntu Server for her home-lab project. || Dana is working on a home-lab project to learn about networking, storage, and basic system administration. || Dana plans to add more virtual machines for testing and update monitoring tools. || Dana plans to finalize the networking setup and migrate services by the end of April. || Dana plans to implement containerization next week after ensuring stability. || Dana plans to set up a firewall and implement an intrusion detection system to enhance security. || Dana plans to spend $500-$700 on hardware for her home-lab project, plus some time investment. || Dana plans to start assembling and setting up her home-lab this weekend after ensuring all components arrive. || Dana plans to test upgrading the network card to address network latency issues this week. || Dana’s new home-lab server has improved performance, particularly with the new storage system. || Dana upgraded her home-lab server to the latest Ubuntu version in March 2026.","[""01KZ3PNYQPX94WNE6VS8FD9CXR"", ""01KZ3PNYQR23EB56ZZD032S1XE"", ""01KZ3PP6W4H61NXM3M0D8C77WQ"", ""01KZ3PPFNVP0KWAAXFS5NW890R"", ""01KZ3PP6W1C1MVCNQ8Z0EPGGP5"", ""01KZ3PNH06VEEYK3WCHXPPHDM6"", ""01KZ3PNYQNVQ7CW551X52CBDTY"", ""01KZ3PP6W2HTJNVX86BAMX9WAE"", ""01KZ3PNH083QWP735SNAT2SV0Q"", ""01KZ3PNH02AQZ5278CKTJCRJGG"", ""01KZ3PPFNWVGCEX0294KJA6NZN"", ""01KZ3PP6W355NWDYHV5STE3N85"", ""01KZ3PPFNZHJSAWMJC7YWBRZ91"", ""01KZ3PP6W58FBAM246BJMZ41ME"", ""01KZ3PNH055V3J8VW21SEWT6EB"", ""01KZ3PNH07R97S8TTJV30QASNE"", ""01KZ3PNYQQGW0AAV48WTV2JECK"", ""01KZ3PNYQMZRDZZWEAHPF7JFXS"", ""01KZ3PNYQKM1QVNFW2334ZTCCC""]","[0, 1, 2, 3, 4, 5, 6, 7, 8, 9, 10, 11, 12, 13, 14, 15, 16, 17, 18]","[[""01KZ3PNH0ACMKJ9D357YQ1X223""], [""01KZ3PNH0AYTK59VN6484NPEMS""], [""01KZ3PNYQTH6B6QRH9ZKX5F5C0""], [""01KZ3PP6W7CX13RWEWYC8VG5PP""], [""01KZ3PNYQS4FQ4ZHE8X6DYTV3R""], [""01KZ3PN86H9BFH7SNP8NCYE8XN""], [""01KZ3PNH0A9F22TWEJ1WDKHSMY""], [""01KZ3PNYQS4FQ4ZHE8X6DYTV3R""], [""01KZ3PN86JJ8HM0ENFMHDVFFGT""], [""01KZ3PN86GH740X7RQ2ZHA5650""], [""01KZ3PP6W7AD3QWQ714BMAANY7""], [""01KZ3PNYQSPM8YB1CNM44G9900""], [""01KZ3PP6W8SVKXZRD8ZS3SZC89""], [""01KZ3PNYQT4H2TPY3PY6MS52R3""], [""01KZ3PN86HS07CJQH04F7W2H2T""], [""01KZ3PN86JYQZJ5EKV63S71AMW""], [""01KZ3PNH0AYTK59VN6484NPEMS""], [""01KZ3PNH09YA3QSPKJNRFYJNK0""], [""01KZ3PNH09B0EATQHN5APCC4KZ""]]","{""entities"": [""Dana""], ""time_constraints"": [], ""operands"": [], ""list_cardinality"": {""known"": false, ""count"": 0}, ""update_state"": """", ""gap"": null}","[{""kind"": ""KEEP"", ""candidate_id"": ""01KZ3PNYQQGW0AAV48WTV2JECK"", ""source_id"": ""01KZ3PNH0AYTK59VN6484NPEMS""}]",fail,KEEP 01KZ3PNYQQGW0AAV48WTV2JECK 是本周升级网卡；应 KEEP 01KZ3PNH07R97S8TTJV30QASNE，候选直接给出本周末开始组装。
023-b20260803-r3-0-00157-0-00157-q0,single-hop,train,Did your sister join the family trip to Canada last year?,"Yes, she joined the trip and brought her kids too.","Alex and family will travel to Paris in June and Vienna in July. || Alex finalized the family trip to Paris for July 15th, lasting 10 days.","[""01KZ3P47TFQFRX6MB5DEM9TYMF"", ""01KZ3P3MSJWSR40AW8MS2E9JEW""]","[0, 1]","[[""01KZ3P3X3FTWF1NBQAGS9P9XME""], [""01KZ3P3E0N88331G8F3D40W31A""]]","{""entities"": [""Canada""], ""time_constraints"": [""last year""], ""operands"": [], ""list_cardinality"": {""known"": false, ""count"": 0}, ""update_state"": """", ""gap"": {""kind"": ""time_range"", ""entity"": """", ""start"": null, ""end"": null, ""operand"": """", ""source_need"": ""time:last year""}}",[],pass,
023-b20260803-r3-0-00018-0-00018-q0,single-hop,train,When did Sam start working on his thesis project?,"I started last year in January, so it's been about 15 months now.","Managing state consistency across multiple microservices has been a challenge for Sam. || Sam aims to have a new simulation model ready by the end of the month. || Sam considered using edge computing to reduce latency in his project simulations. || Sam decided to use IoT sensor data from a local smart city initiative for his project simulations. || Sam encountered issues with network latency in his project simulations. || Sam found a 2025 paper comparing the performance of PBFT and Raft under network partitions. || Sam has read up on the Raft consensus algorithm. || Sam is considering implementing a distributed ledger for state management. || Sam is currently working on the third chapter of his thesis. || Sam is focusing on consensus algorithms for his thesis project proposal. || Sam is working on a project proposal for his thesis. || Sam is working on a thesis about improving the scalability of cloud-based services using microservices architecture. || Sam is working on a thesis chapter about distributed consensus algorithms. || Sam needs to add more details on Practical Byzantine Fault Tolerance (PBFT) and Raft in his thesis. || Sam planned to integrate real-world data into his project simulations. || Sam plans to start implementing changes to his project this week. || Sam plans to start with a basic implementation of Raft this weekend. || Sam's thesis has four chapters in total. || Sam started working on his thesis project in January last year, approximately 15 months ago. || The deadline for Sam's presentation is April 18th, 2026.","[""01KZ3H40GPV8PJ70PK3Y6W6158"", ""01KZ3H4QX1YND71T27YE8N9QYH"", ""01KZ3H4QWVAYJF2JQT2KM4AJSB"", ""01KZ3H4QWY91NAY3NP764FTWGX"", ""01KZ3H4QWS3YEG5RHMYTZWAHX8"", ""01KZ3H51N35PVN7DZJ2HRSYWF1"", ""01KZ3H4AM4X7V584RAJB8YEYFM"", ""01KZ3H40GQAB0G44T562QXQRTJ"", ""01KZ3H40GNBM9PFJJRZCR4P9RR"", ""01KZ3H4AM3K7VJG1SRE5N9GTXB"", ""01KZ3H4AM2W6F3AQG3QVDAYW5Y"", ""01KZ3H40GG7T6WER9K7ZKW0JQ5"", ""01KZ3H51MWH3T4AET88WNFYEYQ"", ""01KZ3H51MYYEX7MMNF6E1ACRZ0"", ""01KZ3H4QWXR7YFMKMDD8HKPQ13"", ""01KZ3H4QX0PDCH54HHF6M0P2F5"", ""01KZ3H4AM5CA617FXC31R7YMEW"", ""01KZ3H40GNX9XFQR88Z9EGS1C3"", ""01KZ3H40GM8CEDK8RTZG1VNEM9"", ""01KZ3H51N5ZHSPF3Z7J8XD2EQW""]","[0, 1, 2, 3, 4, 5, 6, 7, 8, 9, 10, 11, 12, 13, 14, 15, 16, 17, 18, 19]","[[""01KZ3H3MNH9V75N51WWX6RKG4M""], [""01KZ3H4AM7YWE7T87RDEWNZ0J3""], [""01KZ3H4AM6WA0CERNP45BTQYTY""], [""01KZ3H4AM7VQJKGKBC7TQAY07D""], [""01KZ3H4AM6DTTJFC1K35TPDR61""], [""01KZ3H4QX3PNTYEAGQGD01TZEM""], [""01KZ3H40GR99BBZ98HH39TRRZ6""], [""01KZ3H3MNH9V75N51WWX6RKG4M""], [""01KZ3H3MNGC74TT7D1QZR4TQ51""], [""01KZ3H40GR2KPTAH2DYAQSDHYS""], [""01KZ3H40GQQ0E07EAFSD6JA3RJ""], [""01KZ3H3MNFJ5ATJA9D3G69E8A6""], [""01KZ3H4QX2FWHAG6GBHDX4C6XE""], [""01KZ3H4QX32R5F85FR5F062GXM""], [""01KZ3H4AM7MYPY9V092ASD8JX7""], [""01KZ3H4AM7YWE7T87RDEWNZ0J3""], [""01KZ3H40GR99BBZ98HH39TRRZ6""], [""01KZ3H3MNGC74TT7D1QZR4TQ51""], [""01KZ3H3MNGC74TT7D1QZR4TQ51""], [""01KZ3H4QX4SP22ZGC3S2JCYWNQ""]]","{""entities"": [""Sam""], ""time_constraints"": [], ""operands"": [], ""list_cardinality"": {""known"": false, ""count"": 0}, ""update_state"": """", ""gap"": null}","[{""kind"": ""KEEP"", ""candidate_id"": ""01KZ3H40GNX9XFQR88Z9EGS1C3"", ""source_id"": ""01KZ3H3MNGC74TT7D1QZR4TQ51""}]",fail,KEEP 01KZ3H40GNX9XFQR88Z9EGS1C3 只说论文有四章；应 KEEP 01KZ3H40GM8CEDK8RTZG1VNEM9。
023-b20260803-r3-0-00133-0-00133-q0,single-hop,train,When is Sarah's birthday according to the conversation?,April 27th,Sarah’s birthday is on 2026-04-27.,"[""01KZ3N74AXV01Y4DQ1TGPKC0C4""]",[0],"[[""01KZ3N6YE8WJF9SWMM09MBYCAS""]]","{""entities"": [""Sarah's""], ""time_constraints"": [], ""operands"": [], ""list_cardinality"": {""known"": false, ""count"": 0}, ""update_state"": """", ""gap"": null}","[{""kind"": ""KEEP"", ""candidate_id"": ""01KZ3N74AXV01Y4DQ1TGPKC0C4"", ""source_id"": ""01KZ3N6YE8WJF9SWMM09MBYCAS""}]",pass,
023-b20260803-r3-0-00053-0-00053-q0,single-hop,train,When did the new supplier for organic vegetables start delivering?,May 5th,There might be delays in organic vegetable supply due to weather conditions this week.,"[""01KZ3JDQ1N6KDCM8MRXETTMBF4""]",[0],"[[""01KZ3JDFF0F2AHJCA4GQE62HN3""]]","{""entities"": [], ""time_constraints"": [], ""operands"": [], ""list_cardinality"": {""known"": false, ""count"": 0}, ""update_state"": """", ""gap"": {""kind"": ""entity"", ""entity"": """", ""start"": null, ""end"": null, ""operand"": """", ""source_need"": """"}}",[],pass,
023-b20260803-r3-0-00054-0-00054-q1,temporal,train,When did Mei mention signing a contract with Green Valley Farms for organic produce?,Last month,Mei confirmed a booking for 30 guests on the 15th of this month for a private event. || Mei is still busy with the restaurant. || Mei signed a contract with Green Valley Farms for organic produce last month.,"[""01KZ3JF5JJNHDVKA0DPZ969RHY"", ""01KZ3JETJAH6XKTP22GZ2NQ5HJ"", ""01KZ3JF5JGPRVEZF9JHZ8QFPB6""]","[0, 1, 2]","[[""01KZ3JETJQ3YF4JTDKHZJ77T9N""], [""01KZ3JED2AC2RZTR9EE4X62J9K""], [""01KZ3JETJPY3M466EC3T0VB5VD""]]","{""entities"": [""Farms"", ""Green"", ""Mei"", ""Valley""], ""time_constraints"": [], ""operands"": [], ""list_cardinality"": {""known"": false, ""count"": 0}, ""update_state"": """", ""gap"": null}","[{""kind"": ""KEEP"", ""candidate_id"": ""01KZ3JF5JGPRVEZF9JHZ8QFPB6"", ""source_id"": ""01KZ3JETJPY3M466EC3T0VB5VD""}]",pass,
023-b20260803-r3-0-00130-0-00130-q1,temporal,train,When did Mei plan to host a special event?,April 22nd,"Mei expanded the menu for a special event coming up in June. || Mei is planning a special event on April 22nd. || Mei needs 5-7 extra servers for the event. || Mei needs additional bamboo plates, napkins, and cutlery sets for the event. || Mei owns a restaurant in downtown. || Mei switched to a new supplier for organic vegetables last month. || Mei updated the booking system to include more details for regular customers.","[""01KZ3N4AY0J7H43FMPBQDMWQDG"", ""01KZ3N3XH2NHF05D9NC0TR9V1V"", ""01KZ3N3XH7AFJ7BP6N8111Q3QE"", ""01KZ3N3XH46MRJ9JNXDXNBC1XB"", ""01KZ3N3S2MHDR1Q03CHSG7J61S"", ""01KZ3N4AXYHCCR76Z42R0Q3NWW"", ""01KZ3N4AY30M4H8X8FZTNJQEWB""]","[0, 1, 2, 3, 4, 5, 6]","[[""01KZ3N42TVFTB2YQ02042HJ1D6""], [""01KZ3N3S2P2WN6MSWDA3T3K6CP""], [""01KZ3N3S2Q0RYMHMT0H2EDH4XD""], [""01KZ3N3S2QHYGMY0JP5CR35B3V""], [""01KZ3N3QR1XC61M57X0PZQPK5G""], [""01KZ3N42TVQ4SVM9P82P4J4KJR""], [""01KZ3N42TVMSP9PTD63AG6BHY3""]]","{""entities"": [""Mei""], ""time_constraints"": [], ""operands"": [], ""list_cardinality"": {""known"": false, ""count"": 0}, ""update_state"": """", ""gap"": null}","[{""kind"": ""KEEP"", ""candidate_id"": ""01KZ3N3XH2NHF05D9NC0TR9V1V"", ""source_id"": ""01KZ3N3S2P2WN6MSWDA3T3K6CP""}]",pass,
023-b20260803-r3-0-00017-0-00017-q1,temporal,train,When is Aunt Mia’s birthday?,Aunt Mia’s birthday is on July 15th.,The spa treatment for Alex's mother's birthday is booked for March 28th.,"[""01KZ3H3MJ22HQ1VZZCNHZ535EV""]",[0],"[[""01KZ3H3AR07XZ6TFF5MWVSZVT0""]]","{""entities"": [""Aunt"", ""Mia""], ""time_constraints"": [], ""operands"": [], ""list_cardinality"": {""known"": false, ""count"": 0}, ""update_state"": """", ""gap"": {""kind"": ""entity"", ""entity"": ""Aunt"", ""start"": null, ""end"": null, ""operand"": """", ""source_need"": ""entity:Aunt""}}",[],pass,
023-b20260803-r3-0-00147-0-00147-q1,temporal,train,When did you add a new server to your home lab setup?,January 15th,Dana faced issues with network latency after updating the firmware on the server a couple of weeks ago.,"[""01KZ3NR84KS4B0G22VTBBZH10Q""]",[0],"[[""01KZ3NQTRKMKZAX54VRJE7KC4D"", ""01KZ3NQTRKXJDVEZGDYC850SYX""]]","{""entities"": [], ""time_constraints"": [], ""operands"": [], ""list_cardinality"": {""known"": false, ""count"": 0}, ""update_state"": """", ""gap"": {""kind"": ""entity"", ""entity"": """", ""start"": null, ""end"": null, ""operand"": """", ""source_need"": """"}}",[],pass,
023-b20260803-r3-0-00014-0-00014-q1,temporal,train,When do you think you'll have a prototype ready for your fault-tolerant network project?,By next month.,Sam expects to have a prototype ready by early July. || Sam will test and refine the system based on the initial results of the prototype.,"[""01KZ3GZSAYAT3S8P3RTGFSCRWK"", ""01KZ3GZSAZK14KSRK97F7N9FZ5""]","[0, 1]","[[""01KZ3GZ7WCQCZ3JCKB6XT5Z2N8""], [""01KZ3GZ7WCQCZ3JCKB6XT5Z2N8""]]","{""entities"": [], ""time_constraints"": [], ""operands"": [], ""list_cardinality"": {""known"": false, ""count"": 0}, ""update_state"": """", ""gap"": {""kind"": ""entity"", ""entity"": """", ""start"": null, ""end"": null, ""operand"": """", ""source_need"": """"}}",[],pass,
023-b20260803-r3-0-00181-0-00181-q1,temporal,train,When did Mei receive a booking request for a private dinner?,April 21st,Mei can accommodate the group in the main dining area. || Mei is adding a new seafood platter and a vegetarian pasta dish to the menu. || Mei needs to restock some ingredients by the end of this week. || Mei owns a restaurant called 'Savor' in downtown. || Mei received a booking request for a group of 15 for a private dinner on April 21st.,"[""01KZ3Q05A0274ZGSWPDK0B3MYH"", ""01KZ3Q05A2A8BK2WK99Y25C48Q"", ""01KZ3Q05A18EPBYPJ8RY1WJTYP"", ""01KZ3PZX6XV5QSWH3NPCQGFHAC"", ""01KZ3Q059YA6T3XKKJMAH6RYDT""]","[0, 1, 2, 3, 4]","[[""01KZ3PZX70MF3X9K6N35HJBE0T""], [""01KZ3PZX71Q2NTD7A5C6TKQCR1""], [""01KZ3PZX70T8S1YMWJTEC10WJA""], [""01KZ3PZVBS19S47SB9AHJR95WM""], [""01KZ3PZX70MF3X9K6N35HJBE0T""]]","{""entities"": [""Mei""], ""time_constraints"": [], ""operands"": [], ""list_cardinality"": {""known"": false, ""count"": 0}, ""update_state"": """", ""gap"": null}","[{""kind"": ""KEEP"", ""candidate_id"": ""01KZ3Q059YA6T3XKKJMAH6RYDT"", ""source_id"": ""01KZ3PZX70MF3X9K6N35HJBE0T""}]",pass,
023-b20260803-r3-0-00165-0-00165-q1,temporal,train,When did Sam plan to complete his thesis by?,the end of March,"Sam aims to complete his thesis by the end of March. || Sam has updated the case study section of his thesis to include the latest findings from the PAX system project. || Sam is facing challenges with simulating network failures in his thesis. || Sam is using ns-3 for network simulation in his thesis. || Sam is working on a thesis focused on fault tolerance in distributed systems. || Sam aims to complete the major parts of the thesis by the end of next year, providing sufficient time for analysis and writing. || Sam discussed his thesis project on distributed systems with the assistant last month. || Sam faced issues with data consistency when integrating new PAX metrics into his analysis. || Sam found the TPC-H and TPC-C benchmarks useful for his thesis project. || Sam has outlined his thesis chapters and set preliminary deadlines. || Sam has run into challenges with performance metrics in his thesis project. || Sam has started reading papers on distributed system resilience. || Sam implemented a more robust synchronization protocol to resolve data consistency issues. || Sam intends to start with a literature review and possibly conduct small-scale experiments to understand the hybrid storage strategy better. || Sam is studying private clouds due to their better control over security and compliance, particularly relevant for finance and healthcare industries. || Sam is unsure whether to focus more on latency or throughput for his thesis project. || Sam is working on a thesis about optimizing data distribution in cloud environments, specifically focusing on improving data access times and reducing latency. || Sam plans to implement a hybrid storage strategy combining local and distributed storage solutions to optimize data distribution in private clouds. || Sam plans to meet with Dr. Lee next week to get tips on ns-3. || Sam plans to meet with his advisor next week to discuss the thesis updates. || Sam’s first chapter is planned to be completed by the end of February. || The assistant recalled discussing benchmarking tools TPC-H and TPC-C with Sam.","[""01KZ3PE5H2M1SCAM0Q64JM8KC6"", ""01KZ3PE5GVC4W7YVNMGP8975V2"", ""01KZ3PDV340N1A75BGM1VQPTHE"", ""01KZ3PDV350MWG41W7WH66FQME"", ""01KZ3PDV33Z11KDZTYWB6TMXWR"", ""01KZ3PD3A0B0MZ2JSE0ZHCJ6HQ"", ""01KZ3PDGMQFMWB49D2B732ESB5"", ""01KZ3PE5H059MTQ3AFTDSJG9MZ"", ""01KZ3PDGMVMVM54GBCNSAKYA6Y"", ""01KZ3PDV39XJJ15NF8FF51G594"", ""01KZ3PDGMR2NCGS0ZMAG1S77BJ"", ""01KZ3PDV383RYCEMQ32TPMNR05"", ""01KZ3PE5H1KXGZQ0QJ604WD4KN"", ""01KZ3PD3A066527W2T4R06H3CZ"", ""01KZ3PD39Y7XRCZFMTZKDYCXHY"", ""01KZ3PDGMW3C1Z80AWV44AV9TY"", ""01KZ3PD39W4HV7BX3MWVK2J3SV"", ""01KZ3PD39ZG6V4RW8V4QT4WWWD"", ""01KZ3PDV37T7T9TEQJGNTHH6A6"", ""01KZ3PE5H27D746D729S3RQET6"", ""01KZ3PDV3AP0GGQFPF4G8FZAE2"", ""01KZ3PDGMT17BV2T7ZWXHCW3DV""]","[0, 1, 2, 3, 4, 5, 6, 7, 8, 9, 10, 11, 12, 13, 14, 15, 16, 17, 18, 19, 20, 21]","[[""01KZ3PDV3CV6JN0WQ3AVEW3RBD""], [""01KZ3PDV3BXN0SN44H9DFDAA9X""], [""01KZ3PDGMZAMMDFTDF7HD4GW98""], [""01KZ3PDGN0PG66VS5PE8WM7XC1""], [""01KZ3PDGMZS7DDPZTJ0M66BP4W""], [""01KZ3PCTKB35TZE0RZBFZWQSMY""], [""01KZ3PD3A1YCW7TXY176Q30B85""], [""01KZ3PDV3BR7EXKJAPFY0FHN2D""], [""01KZ3PD3A22C9XW1JKPVR8EQSN"", ""01KZ3PD3A2MV91QJH9Y2P4K1BX""], [""01KZ3PDGN064SB7001TW0QRVJW""], [""01KZ3PD3A1FBFKFSA2Z31CD4Z0""], [""01KZ3PDGN0CHGNWMPCQWEEN3ZZ""], [""01KZ3PDV3BR7EXKJAPFY0FHN2D""], [""01KZ3PCTK9Q7FC6XEXM2P1KWZM""], [""01KZ3PCTK8VFF24N2JC2T8776J""], [""01KZ3PD3A22C9XW1JKPVR8EQSN""], [""01KZ3PCTK7TEWHNJ32DKWCY3W9""], [""01KZ3PCTK9S1Q48VRCZ1FF4YH1""], [""01KZ3PDGN0CHGNWMPCQWEEN3ZZ""], [""01KZ3PDV3CPSTXKFPX7GQW9KG2""], [""01KZ3PDGN064SB7001TW0QRVJW""], [""01KZ3PD3A2MV91QJH9Y2P4K1BX""]]","{""entities"": [""Sam""], ""time_constraints"": [], ""operands"": [], ""list_cardinality"": {""known"": false, ""count"": 0}, ""update_state"": """", ""gap"": null}","[{""kind"": ""KEEP"", ""candidate_id"": ""01KZ3PE5H2M1SCAM0Q64JM8KC6"", ""source_id"": ""01KZ3PDV3CV6JN0WQ3AVEW3RBD""}]",pass,
023-b20260803-r3-0-00140-0-00140-q1,temporal,train,When is the family trip to Japan planned?,Early July,Alex's family is planning a vacation to Japan in early July.,"[""01KZ3NFV2PE09V86PKSJ15W4N1""]",[0],"[[""01KZ3NFM0YTHMPPFENDZ2ZKJVZ""]]","{""entities"": [""Japan""], ""time_constraints"": [], ""operands"": [], ""list_cardinality"": {""known"": false, ""count"": 0}, ""update_state"": """", ""gap"": null}","[{""kind"": ""KEEP"", ""candidate_id"": ""01KZ3NFV2PE09V86PKSJ15W4N1"", ""source_id"": ""01KZ3NFM0YTHMPPFENDZ2ZKJVZ""}]",pass,
023-b20260803-r3-0-00065-0-00065-q1,temporal,train,When is Sophie's birthday according to the conversation?,March 20th,Sophie’s birthday is on March 20th.,"[""01KZ3JWNBP17K5M6DMGW78AA0R""]",[0],"[[""01KZ3JWDVCTR9E69VBK6JVNTJA""]]","{""entities"": [""Sophie's""], ""time_constraints"": [], ""operands"": [], ""list_cardinality"": {""known"": false, ""count"": 0}, ""update_state"": """", ""gap"": null}","[{""kind"": ""KEEP"", ""candidate_id"": ""01KZ3JWNBP17K5M6DMGW78AA0R"", ""source_id"": ""01KZ3JWDVCTR9E69VBK6JVNTJA""}]",pass,
023-b20260803-r3-0-00097-0-00097-q1,temporal,train,When is Sarah's birthday party planned for this year?,June 15th,"Alex has four family members: Sarah, Mark, Lily, and Tom. || Sarah’s birthday party is planned for June 15th this year.","[""01KZ3KY9NPT2G2FR3VJQA9NKCX"", ""01KZ3KZB6Z037B21J8QM6A0ASV""]","[0, 1]","[[""01KZ3KY3ENMREME62JCN7GY97X""], [""01KZ3KZ27B3W4YCR87J9AGFF08""]]","{""entities"": [""Sarah's""], ""time_constraints"": [""this year""], ""operands"": [], ""list_cardinality"": {""known"": false, ""count"": 0}, ""update_state"": """", ""gap"": null}","[{""kind"": ""KEEP"", ""candidate_id"": ""01KZ3KZB6Z037B21J8QM6A0ASV"", ""source_id"": ""01KZ3KZ27B3W4YCR87J9AGFF08""}]",pass,
023-b20260803-r3-0-00115-0-00115-q1,temporal,train,When was the initial target date for the product launch mentioned?,"April 15th, 2026","Priya aims to launch the product on March 15th, 2026. || Priya's product launch is scheduled for March 15th. || The marketing team needs all necessary materials by the product launch date.","[""01KZ3MKARHN05P3EXM9CGZ0S49"", ""01KZ3MKTZRHS0TNEFQ5E5AXTZC"", ""01KZ3MKV031KQWNSCNE258R2Q8""]","[0, 1, 2]","[[""01KZ3MK4A59KEN80DBK6VMQXYR""], [""01KZ3MKM9GQB49573RSTCPA28H""], [""01KZ3MKM9HDT6KP9ANA04B07QK""]]","{""entities"": [], ""time_constraints"": [], ""operands"": [], ""list_cardinality"": {""known"": false, ""count"": 0}, ""update_state"": """", ""gap"": {""kind"": ""entity"", ""entity"": """", ""start"": null, ""end"": null, ""operand"": """", ""source_need"": """"}}",[],pass,
023-b20260803-r3-0-00197-0-00197-q1,temporal,train,When is Sarah's birthday this year?,May 12th,"Sarah’s birthday is on May 12th. || Alex and the assistant will collaborate on decorating for Sarah’s birthday party. || Alex is considering setting up a photo booth with movie character themes for Sarah’s birthday party. || Alex is planning a family trip to Paris with his wife, Tom, Sarah, and himself. || Alex is planning a small gathering for Sarah’s birthday at home. || Alex's daughter Sarah's birthday is on June 15th. || Alex will handle the food and cake for Sarah’s birthday party. || Sarah's birthday is on February 20th, 2026. || Sarah wants a small gathering at home for her birthday. || The assistant suggested a Japanese theme for Sarah’s birthday party.","[""01KZ3QJ8FAE801Z7P900QTMDYJ"", ""01KZ3QHT8QH3CFY7THJS8K1FE0"", ""01KZ3QHT8JFZREZAH78GKS6VNH"", ""01KZ3QHBXRADHGRK84K2DSG37W"", ""01KZ3QHT8GRTRD4W4Y52NEGG1X"", ""01KZ3QHBY00MJ6EBMFR1WHWZC4"", ""01KZ3QHT8MBP832Y32MDPT2GEH"", ""01KZ3QHT8F4624K8AB4VJ6B3PA"", ""01KZ3QHT8P9XQMA4F0JX9SEZCK"", ""01KZ3QJ8F6JCD6YCRST7GR2GQM""]","[0, 1, 2, 3, 4, 5, 6, 7, 8, 9]","[[""01KZ3QJ260M59P7FGVR7T7W4SW"", ""01KZ3QJ261K1JCJ3SYPB9QXVCJ""], [""01KZ3QHBYA0NXAXG3JY23M23MR"", ""01KZ3QHBYA0XKCG5ACXDH9CY0W""], [""01KZ3QHBY9R0B3MXFRG9EMN58K""], [""01KZ3QGY1XX29GXNTHWQGER59K"", ""01KZ3QGY1YCTYSEKVVZX2076AJ""], [""01KZ3QHBY9NXW88VK2W65TKCAF""], [""01KZ3QGY1XX29GXNTHWQGER59K""], [""01KZ3QHBYA0XKCG5ACXDH9CY0W""], [""01KZ3QHBY8T72TH2JEJGWY9DXZ""], [""01KZ3QHBY9NXW88VK2W65TKCAF""], [""01KZ3QJ261JR5STT84J78D2V6Y""]]","{""entities"": [""Sarah's""], ""time_constraints"": [""this year""], ""operands"": [], ""list_cardinality"": {""known"": false, ""count"": 0}, ""update_state"": """", ""gap"": null}","[{""kind"": ""KEEP"", ""candidate_id"": ""01KZ3QJ8FAE801Z7P900QTMDYJ"", ""source_id"": ""01KZ3QJ260M59P7FGVR7T7W4SW""}]",pass,
023-b20260803-r3-0-00069-0-00069-q1,temporal,train,When did Sam plan to start implementing gRPC for his project?,Next week,Sam is considering switching to gRPC for the peer-to-peer communication protocol due to its efficiency for RPC calls. || Sam plans to start implementing gRPC this week. || Dr. Patel suggested revisiting the peer-to-peer communication protocol used in Sam's research due to potential inefficiencies. || Dr. Thompson suggested using a more efficient consensus protocol to address Sam's algorithm issues. || Sam discussed scalability issues with his latest data replication algorithm with his advisor Dr. Thompson last week. || Sam has a meeting with Dr. Patel next Tuesday to discuss his thesis progress. || Sam has been trying to integrate more nodes into his test network for the scalability part but hasn't succeeded. || Sam is a graduate student writing a thesis on distributed systems. || Sam is considering the Raft protocol for addressing the latency issues in his data replication algorithm. || Sam is working on a thesis related to distributed systems and is currently stuck on the scalability part. || Sam mentioned their thesis topic is on the impact of edge computing on network latency in distributed systems. || Sam plans to run simulations on the Raft protocol this weekend to test its performance. || Sam’s presentation next month will include a new section on practical applications.,"[""01KZ3K0KQGE8QAADHM2E1HS93B"", ""01KZ3K0KQHQWYNNQDTK23VXQZ1"", ""01KZ3K0KQFTMM15RDBVFGNYMA5"", ""01KZ3K0YWNV2ENFE104W9PHQP6"", ""01KZ3K0YWM0MDKER06VFAF2F1J"", ""01KZ3K0KQHWTSS0HCP071GFZDV"", ""01KZ3K0KQDSMFNRCWPZQ818JSE"", ""01KZ3K04K663KAGVHSK5VF4DXM"", ""01KZ3K0YWQQZ1VTB7RCCDAPA48"", ""01KZ3K0KQAHY5SFSNMVR0NM1Y2"", ""01KZ3K0669RX0FX3719NBRBM0G"", ""01KZ3K0YWR9TZM578Y0VVKXSQX"", ""01KZ3K0YWSFBDRWTEWFJCESNEY""]","[0, 1, 2, 3, 4, 5, 6, 7, 8, 9, 10, 11, 12]","[[""01KZ3K066DTC8ZQ6BF0CC95AN5""], [""01KZ3K066D2QDKWC0ZT73MBG4C""], [""01KZ3K066CRTKH0178E57TSP84""], [""01KZ3K0KQKR3QE81JEJ3H9SH68""], [""01KZ3K0KQKR3QE81JEJ3H9SH68""], [""01KZ3K066DT1VS7SEWEZ00G7TF""], [""01KZ3K066CAD144T7M1FTR8RBP""], [""01KZ3K02YJFJQP0M2QDP5R6P3D""], [""01KZ3K0KQMPD5NHRPAA7KJ1J2P""], [""01KZ3K066CAD144T7M1FTR8RBP""], [""01KZ3K04K81MW70PFR294ER5SF""], [""01KZ3K0KQMPD5NHRPAA7KJ1J2P""], [""01KZ3K0KQMY3VBRRWD2E8VT2D4""]]","{""entities"": [""Sam""], ""time_constraints"": [], ""operands"": [], ""list_cardinality"": {""known"": false, ""count"": 0}, ""update_state"": """", ""gap"": null}","[{""kind"": ""KEEP"", ""candidate_id"": ""01KZ3K0KQHQWYNNQDTK23VXQZ1"", ""source_id"": ""01KZ3K066D2QDKWC0ZT73MBG4C""}]",fail,KEEP 01KZ3K0KQHQWYNNQDTK23VXQZ1 明确说 this week，与 gold 的 Next week 冲突；应为 gap。
023-b20260803-r3-0-00087-0-00087-q1,temporal,train,When did Dana finish setting up the new switches and routers in his home-lab project?,Last week.,"Dana added notes on the new hardware and optimizations to the documentation. || Dana finished setting up new switches and routers last week. || Dana got the server up and running last week. || Dana has been working on the home-lab project this weekend. || Dana has fixed minor bugs in the monitoring scripts for the home-lab project. || Dana has three servers in his server farm: one for web hosting, one for file storage, and another for development purposes. || Dana is working on a home automation system and a small server farm. || Dana optimized the server performance for better data processing speeds. || Dana plans to research the use of a switch instead of a router for the home-lab project. || Dana plans to start working on the networking part of the home-lab project soon. || Dana plans to update his servers every month, but sometimes he gets busy and it slips to every two months. || Dana used an Antec Focus Plus 850W power supply for the server. || The main issue with Dana's server setup was power supply compatibility.","[""01KZ3KMS4E0TDT3WCBSJ2AMNCV"", ""01KZ3KMS4C1G5QG2M3BTTYEPZZ"", ""01KZ3KM1WD5CY0BA0T0H9NQ74J"", ""01KZ3KMJWC1WNBBAF8M7CVT498"", ""01KZ3KM1WK0FEJA76ZBECER2YX"", ""01KZ3KKN3KY5ME360WXJH27DD3"", ""01KZ3KKN3HBF8P8PZ68B00SDP6"", ""01KZ3KMS4CS4TJQGWBE2JX3ADB"", ""01KZ3KM1WJ8P1V5WYG0B7ZM9SQ"", ""01KZ3KM1WJBY30QS6HKV7AGDXM"", ""01KZ3KKN3N50CZVREJ062CEFS7"", ""01KZ3KM1WHZRR2F6425D38ZZJP"", ""01KZ3KM1WFP997JK0ZQTBEQRF9""]","[0, 1, 2, 3, 4, 5, 6, 7, 8, 9, 10, 11, 12]","[[""01KZ3KMJX3NB8M2R7HG349X45T""], [""01KZ3KMJX0M421VT1C9Z8A4KX0""], [""01KZ3KKN3Q51DVMG2AWV6F2GXG""], [""01KZ3KM1WNVVQJEM18XNF0CA39""], [""01KZ3KKN3RHTF5PMP7MBZ9S8DP""], [""01KZ3KKD636B0XQ898A6KSEQJF""], [""01KZ3KKD62YC80HHC61WW1A46Q""], [""01KZ3KMJX19Y6XQBRNT2BQZCVF""], [""01KZ3KKN3QCMGVYCS7SASP2113""], [""01KZ3KKN3QAQEY794MAVFSF0ET""], [""01KZ3KKD64EWDCA5SVBKAG6NS0""], [""01KZ3KKN3QDEVSFWQ924JP5QBJ""], [""01KZ3KKN3Q51DVMG2AWV6F2GXG""]]","{""entities"": [""Dana""], ""time_constraints"": [], ""operands"": [], ""list_cardinality"": {""known"": false, ""count"": 0}, ""update_state"": """", ""gap"": null}","[{""kind"": ""KEEP"", ""candidate_id"": ""01KZ3KMS4C1G5QG2M3BTTYEPZZ"", ""source_id"": ""01KZ3KMJX0M421VT1C9Z8A4KX0""}]",pass,
023-b20260803-r3-0-00062-0-00062-q1,temporal,train,When did you finalize the launch date for the health app?,March 15th,The launch is planned for June 15th.,"[""01KZ3JREEQCHN8S84D7458D829""]",[0],"[[""01KZ3JR63YZGRZPPJPDE62HNCS""]]","{""entities"": [], ""time_constraints"": [], ""operands"": [], ""list_cardinality"": {""known"": false, ""count"": 0}, ""update_state"": """", ""gap"": {""kind"": ""entity"", ""entity"": """", ""start"": null, ""end"": null, ""operand"": """", ""source_need"": """"}}",[],pass,
023-b20260803-r3-0-00129-0-00129-q1,temporal,train,When did Dana finish upgrading the server to Ubuntu 26.04 LTS?,2026-01-21,"Dana upgraded the server to Ubuntu 26.04 LTS on 2026-01-21. || After the upgrade, Dana noticed improved performance, especially with Docker containers. || Dana encountered a compatibility issue with the networking stack update and had to revert it. || Dana faced initial challenges with Kubernetes due to its steep learning curve. || Dana faced some issues during the reconfiguration of services after the server upgrade. || Dana had to reconfigure services like Nginx and PostgreSQL after the server upgrade. || Dana has monthly check-ins to review progress and plan for the next month. || Dana has updated the README file with more details on setting up the environment and added a troubleshooting section. || Dana identified the cause of the networking stack issue as a compatibility problem with the new firmware on one of her routers. || Dana integrates Trello and Jira with Git for version control. || Dana intends to start with a couple of Linux distros and a Windows 10 VM. || Dana is a software engineer. || Dana is considering adding a monitoring system using Prometheus and Grafana to her home-lab project. || Dana is considering Debian and Arch Linux for the dev VMs. || Dana is updating the firmware on her router to resolve the networking stack issue. || Dana is working on setting up a new server with Ubuntu 22.04. || Dana makes weekly updates to her projects. || Dana plans to add support for a new virtualization platform to her home-lab project after researching it. || Dana plans to set up virtual machines for development environments. || Dana plans to start installing Debian and Arch Linux over the weekend. || Dana started learning Docker about two years ago. || Dana tweaked the firewall rules more than expected during the server upgrade. || Dana updated the backup scripts to ensure they work with the new OS version after the server upgrade. || Dana uses Docker and Kubernetes for her home-lab project. || Dana uses Jira for tracking bugs and feature requests. || Dana uses Trello for task management.","[""01KZ3N3QGMNZR4WNHJHBFP7C11"", ""01KZ3N3QGP07JBQS71H407RXA6"", ""01KZ3N3AZYZ7Q05WPB25FFQH3J"", ""01KZ3N2Q5M476P8YQ32AZQZDKC"", ""01KZ3N3QGXD6ZS11AB19TE0002"", ""01KZ3N3QGT6RWQR25QVAAB54T5"", ""01KZ3N2Q5VFGFFK2FP2D72VV1Y"", ""01KZ3N3B033Q4181H163JE48RA"", ""01KZ3N3B00V0F6S39E6FBEC2Y5"", ""01KZ3N2Q5R7M8V1NZS0FZ4EGJ9"", ""01KZ3N303YHTMMKVA26RMR3953"", ""01KZ3N2Q5EV35VRDJXTY888Q30"", ""01KZ3N3QH5ZXGDMM9HTV53DY1Q"", ""01KZ3N303ZFEQF58YA2VYT3CB8"", ""01KZ3N3B02ZWXG5MTA812KMVAM"", ""01KZ3N303VQ4ZTH0G8QK91K4N9"", ""01KZ3N2Q5T9FE9BCT9X0VFVN8H"", ""01KZ3N3B04YEQJMJ3P1WB8FE0E"", ""01KZ3N303XA7RD43MTYSMX3HR5"", ""01KZ3N303ZCS6H41G33D1X3DY3"", ""01KZ3N2Q5J61FDC3A0F8QW6C0E"", ""01KZ3N3QH03KKXZQ9R9BAV3YPQ"", ""01KZ3N3QH2CDVEB43RV9G18ERH"", ""01KZ3N2Q5GZ9NJWTGF1E5QWKYX"", ""01KZ3N2Q5QTTGC76005MCSNNCF"", ""01KZ3N2Q5NRT78J5PJFJXSJAHQ""]","[0, 1, 2, 3, 4, 5, 6, 7, 8, 9, 10, 11, 12, 13, 14, 15, 16, 17, 18, 19, 20, 21, 22, 23, 24, 25]","[[""01KZ3N3B05810QWYP7MDEMNJ46""], [""01KZ3N3B055HTS4T2P2FKFAFBJ"", ""01KZ3N3B05810QWYP7MDEMNJ46""], [""01KZ3N3040GKA5VMNN096QBNCA""], [""01KZ3N2BC3PPNDWGQZBD21P4SH""], [""01KZ3N3B0568QNJZCAG6JDKP8B""], [""01KZ3N3B055HTS4T2P2FKFAFBJ""], [""01KZ3N2BC5J022TSKMTAVEYR82""], [""01KZ3N3041XYR3XTSFT0HVJQMB""], [""01KZ3N3041BKR1ME47RR7XMGJ1""], [""01KZ3N2BC46VGN4VQ52QBBZP4V""], [""01KZ3N2Q5W59EQB9SGFAGJEXJJ""], [""01KZ3N2BC2KZYB3YEX20NV23CN""], [""01KZ3N3B06YZMC1GVQE4JPD1BX""], [""01KZ3N2Q5XYGF76HXRHDN8SMRH""], [""01KZ3N3041BKR1ME47RR7XMGJ1""], [""01KZ3N2Q5W8SHZAN9YYD59TKMB""], [""01KZ3N2BC5J022TSKMTAVEYR82""], [""01KZ3N3043NWE01RW0D9G9YDWZ""], [""01KZ3N2Q5W59EQB9SGFAGJEXJJ""], [""01KZ3N2Q5YATR01TY89JC4SY4G""], [""01KZ3N2BC3PPNDWGQZBD21P4SH""], [""01KZ3N3B057ZGM6B5BG5F93G56""], [""01KZ3N3B054Q7SZ48YF5E0QVWP"", ""01KZ3N3B06MB4MNNVEE5E9V5NP""], [""01KZ3N2BC3B5MP7VCHXM98EJ8T""], [""01KZ3N2BC46VGN4VQ52QBBZP4V""], [""01KZ3N2BC46VGN4VQ52QBBZP4V""]]","{""entities"": [""Dana"", ""LTS"", ""Ubuntu""], ""time_constraints"": [], ""operands"": [], ""list_cardinality"": {""known"": false, ""count"": 0}, ""update_state"": """", ""gap"": null}","[{""kind"": ""KEEP"", ""candidate_id"": ""01KZ3N3QGMNZR4WNHJHBFP7C11"", ""source_id"": ""01KZ3N3B05810QWYP7MDEMNJ46""}]",pass,
023-b20260803-r3-0-00133-0-00133-q1,temporal,train,When are Alex's children's birthdays this year?,"Alex's daughter's birthday is on June 10th, and his son's is on August 20th.",Alex and family plan to go on a summer trip to Canada. || Alex and family will visit Canada from June 15th to June 25th. || Alex is planning a trip to Paris starting on 2026-05-15. || Alex needs new luggage for the Paris trip. || The cousin's birthday party is on July 17th at Alex's parents' house.,"[""01KZ3N7CB2HK37XFNEK5VCS4WY"", ""01KZ3N7CB57TSM2B6ZQ8ZGQYMK"", ""01KZ3N74ATE5DGBYYPSHGDQT5B"", ""01KZ3N74AW0HDJ0APG715PGQY7"", ""01KZ3N7CB75BVHV6RJP4QYY0A9""]","[0, 1, 2, 3, 4]","[[""01KZ3N74AZRXHPF7446ZX8S5WT""], [""01KZ3N74B0RMXDWNGAS2HM1MP8""], [""01KZ3N6YE7R08T0STWD8Q4ZQMK""], [""01KZ3N6YE8T9YTWZ5C5BYSMGNB""], [""01KZ3N74AZWSKRHG7KWABGN34V""]]","{""entities"": [""Alex's""], ""time_constraints"": [""this year""], ""operands"": [], ""list_cardinality"": {""known"": false, ""count"": 0}, ""update_state"": """", ""gap"": null}","[{""kind"": ""KEEP"", ""candidate_id"": ""01KZ3N7CB2HK37XFNEK5VCS4WY"", ""source_id"": ""01KZ3N74AZRXHPF7446ZX8S5WT""}, {""kind"": ""KEEP"", ""candidate_id"": ""01KZ3N7CB57TSM2B6ZQ8ZGQYMK"", ""source_id"": ""01KZ3N74B0RMXDWNGAS2HM1MP8""}]",fail,KEEP 01KZ3N7CB2HK37XFNEK5VCS4WY、01KZ3N7CB57TSM2B6ZQ8ZGQYMK 只描述加拿大旅行，不含两个孩子的生日；应为 gap。
023-b20260803-r3-0-00034-0-00034-q1,temporal,train,When is your sister's birthday?,January 28th,"The family members include the user's parents, sister, and her two children. || The sister's birthday is in July.","[""01KZ3HP59QT8T0K2Q1HKMMH19H"", ""01KZ3HP59X48NH3ACRN6KVGT63""]","[0, 1]","[[""01KZ3HNYXTKHQBPRHQYJMZST0M""], [""01KZ3HNYXVZZ46HC8BN32DRDYP""]]","{""entities"": [], ""time_constraints"": [], ""operands"": [], ""list_cardinality"": {""known"": false, ""count"": 0}, ""update_state"": """", ""gap"": {""kind"": ""entity"", ""entity"": """", ""start"": null, ""end"": null, ""operand"": """", ""source_need"": """"}}",[],pass,
023-b20260803-r3-0-00114-0-00114-q1,temporal,train,When did Dana start her home-lab project?,Dana started her home-lab project in January 2024.,Dana had to upgrade her power supply due to high power consumption in her home lab. || Dana has already checked the manual and ensured cable connections for the router. || Dana intends to add more components to her home lab in the next quarter. || Dana is facing a networking issue with a TP-Link AX8400 router in her home-lab project. || Dana is interested in setting up automated backups and failover systems in her home-lab project. || Dana plans to add more GPUs to her home lab for GPU-intensive tasks. || Dana's home-lab consists of three servers. || Dana's home lab includes an Intel Core i9-13900K server with 64GB RAM and an AMD Ryzen 9 7950X server with 128GB RAM. || Dana started her home-lab project in January 2024. || Dana started her home-lab project in late 2023. || Dana upgraded her home-lab project to version 5.3 last week. || Dana wants to improve her skills in server management and network design through her home-lab project. || The backup server in Dana's home-lab runs Debian 11. || The development server in Dana's home-lab runs Ubuntu 22.04. || The testing server in Dana's home-lab runs CentOS 8.,"[""01KZ3MJBREGNG16MJHZ706CC03"", ""01KZ3MJJY22JFFVWPYFNBKCQ8D"", ""01KZ3MJBRF4M2JSNCZ56FW54HM"", ""01KZ3MJJY0BFSJY00ST59WBDG9"", ""01KZ3MHXSBRGM1QPM00JR670F5"", ""01KZ3MJBRFN6F2NG05E86EPMTA"", ""01KZ3MHXS2HFPH4KNJQW2RF9AC"", ""01KZ3MJBRDXC68RZHPR3SAZVZA"", ""01KZ3MHXS0BSB9YKTYQTYWGC34"", ""01KZ3MJBRBSBZYSMKA8R1QQ34F"", ""01KZ3MJBR9N9CVH89J109C1QTD"", ""01KZ3MHXS9ZYD9VM18D6JM0Z27"", ""01KZ3MHXS8YFHXG65ZZ0EZM6FN"", ""01KZ3MHXS4ZPP8TGG7DMKTN8Y4"", ""01KZ3MHXS644B0DQWJNS04M8YR""]","[0, 1, 2, 3, 4, 5, 6, 7, 8, 9, 10, 11, 12, 13, 14]","[[""01KZ3MHXSETB0V81GBYHQVRKEP""], [""01KZ3MJBRG2P1ZER0JAZ8ES182""], [""01KZ3MHXSGC7K5A44786R0K3N7""], [""01KZ3MJBRG2P1ZER0JAZ8ES182""], [""01KZ3MHKD5C294DN86SYAQEJMV""], [""01KZ3MHXSFACTH4JQ5V862EP64""], [""01KZ3MHKD4GB7PGM98NE8A2AMR"", ""01KZ3MHKD4J5XX36WG0MBKJJ6N""], [""01KZ3MHXSEDKMNW8PX7AFAXQ5H""], [""01KZ3MHKD3RT1XKVTKAPRCD12E"", ""01KZ3MHKD4XXF8SDV9SCJTDS09""], [""01KZ3MHXSDRVM6CZP477AEA0ZP""], [""01KZ3MHXSCWW1M1KXJ7B8F6VSK""], [""01KZ3MHKD5C294DN86SYAQEJMV""], [""01KZ3MHKD5B5QGHGX6FTJBZNQH""], [""01KZ3MHKD5B5QGHGX6FTJBZNQH""], [""01KZ3MHKD5B5QGHGX6FTJBZNQH""]]","{""entities"": [""Dana""], ""time_constraints"": [], ""operands"": [], ""list_cardinality"": {""known"": false, ""count"": 0}, ""update_state"": """", ""gap"": null}",[],fail,gap漏标；应 KEEP 01KZ3MHXS0BSB9YKTYQTYWGC34，候选精确给出 January 2024。
023-b20260803-r3-0-00098-0-00098-q1,temporal,train,When did you mention the initial target release date for the EcoBrite project?,"October 15, 2026","Alex is the technical lead for the EcoBrite project. || All products in the EcoBrite project must meet strict environmental standards. || John is the design lead for the EcoBrite project. || Priya is managing the 'EcoBrite' project. || Sarah is the marketing specialist for the EcoBrite project. || The EcoBrite project aims to launch a new line of eco-friendly office supplies. || The EcoBrite project aims to launch with a minimum of 10 product items. || The target release date for the EcoBrite project is October 15, 2026.","[""01KZ3KZVTM8EJSA09Z4G1T9YYS"", ""01KZ3KZVTN19J8CKGJDJ8GS35R"", ""01KZ3KZVTJTWA0F0XP7C99H9H2"", ""01KZ3KZVTE5SN2EQ3AVYH5GEP6"", ""01KZ3KZVTKXN8TVP7YKE21A62S"", ""01KZ3KZVTHBJ1TTTKSQX2NAD0E"", ""01KZ3KZVTPZRT0MQ243HE5HX8E"", ""01KZ3KZVTG8S149T01EG65CQBH""]","[0, 1, 2, 3, 4, 5, 6, 7]","[[""01KZ3KZBBEB0555KE1K9XYZJ0G""], [""01KZ3KZBBEVG1NGEWQR9ESQ3TJ""], [""01KZ3KZBBEB0555KE1K9XYZJ0G""], [""01KZ3KZBBDVWM9N16V3WPZP0AB""], [""01KZ3KZBBEB0555KE1K9XYZJ0G""], [""01KZ3KZBBDVWM9N16V3WPZP0AB""], [""01KZ3KZBBEVG1NGEWQR9ESQ3TJ""], [""01KZ3KZBBDVWM9N16V3WPZP0AB""]]","{""entities"": [""EcoBrite""], ""time_constraints"": [], ""operands"": [], ""list_cardinality"": {""known"": false, ""count"": 0}, ""update_state"": """", ""gap"": null}","[{""kind"": ""KEEP"", ""candidate_id"": ""01KZ3KZVTG8S149T01EG65CQBH"", ""source_id"": ""01KZ3KZBBDVWM9N16V3WPZP0AB""}]",pass,
023-b20260803-r3-0-00092-0-00092-q1,temporal,train,When did Dana add two more servers to her home-lab project?,Last week,"All servers in Dana's lab run Ubuntu 22.04 LTS. || Dana added three new servers to the home-lab project last week. || Dana added two servers to her home-lab project last week. || Dana decided to upgrade the network infrastructure to 10GbE this month. || Dana experienced a delay in the home-lab project due to hardware issues. || Dana has a Dell R740 server with 24 cores and 256GB of RAM. || Dana has been using the Dell R740 server since 2024. || Dana has spent more than planned on the home-lab project budget, but within manageable limits. || Dana is considering Zabbix and Prometheus for the new monitoring system, starting with Zabbix. || Dana is planning to set up a new monitoring system. || Dana is setting up a small Kubernetes cluster for microservices development. || Dana is using a semi-automated system for applying security patches on the home-lab project. || Dana plans to expand the Kubernetes cluster to four nodes by the end of 2026. || Dana uses the Dell R740 server for running development environments and testing new software.","[""01KZ3KRZ7G90YPQJVSQNPFYERQ"", ""01KZ3KSP5RTJAWCWM0ZMSXS7R3"", ""01KZ3KSE5JQN4BM8QMWWDE1ED0"", ""01KZ3KSP5TBQNW0HDYMMF2MCTH"", ""01KZ3KSE5QSPZRKM2XW4NJ60X1"", ""01KZ3KRZ79KGWEWVZXWQ0SE1N4"", ""01KZ3KRZ7BR0DYBW2MYXD9R3B4"", ""01KZ3KSE5N7DQR0PYVERQW1G1K"", ""01KZ3KSP5YP8SH2SPH71FFDKGG"", ""01KZ3KSP5W5NA20MB7XKBQ8GS4"", ""01KZ3KRZ7E0NKRP77ABT08H0J6"", ""01KZ3KSE5RK535YGBJHBKNEY5T"", ""01KZ3KRZ7F5BH6CM9H7MZX8ZY0"", ""01KZ3KRZ7DEP1C3P13F9MZDXV6""]","[0, 1, 2, 3, 4, 5, 6, 7, 8, 9, 10, 11, 12, 13]","[[""01KZ3KRH7A24N5AGR72BPD77F7""], [""01KZ3KSE5TWBBRNTCKS79E0F1H""], [""01KZ3KS5AWRH6BBZ8CX9AGMNAB""], [""01KZ3KSE5V16NDNX8M8HC1MWXW""], [""01KZ3KS5AWC40RE0WRXSM2TFRD""], [""01KZ3KRH74DZMV32KX6M1E0H01"", ""01KZ3KRH74KQGKXC6TW9KAPM80""], [""01KZ3KRH767CNVJB7GNHZ3Q24V""], [""01KZ3KS5AWY5XM794ADTSAG5CF""], [""01KZ3KSE5WDTYHPM920QC6610M""], [""01KZ3KSE5WSBVXWFBPWDP6AZ0E""], [""01KZ3KRH77RGEREBF4A1PZRNBZ""], [""01KZ3KS5AXPNS5C7HS0RZVFR86""], [""01KZ3KRH79YAGN7TB955ANARMW""], [""01KZ3KRH767CNVJB7GNHZ3Q24V""]]","{""entities"": [""Dana""], ""time_constraints"": [], ""operands"": [], ""list_cardinality"": {""known"": false, ""count"": 0}, ""update_state"": """", ""gap"": null}","[{""kind"": ""KEEP"", ""candidate_id"": ""01KZ3KSP5RTJAWCWM0ZMSXS7R3"", ""source_id"": ""01KZ3KSE5TWBBRNTCKS79E0F1H""}, {""kind"": ""KEEP"", ""candidate_id"": ""01KZ3KSE5JQN4BM8QMWWDE1ED0"", ""source_id"": ""01KZ3KS5AWRH6BBZ8CX9AGMNAB""}]",fail,KEEP 01KZ3KSP5RTJAWCWM0ZMSXS7R3 说新增 three 台服务器，与题中 two 台冲突；仅 01KZ3KSE5JQN4BM8QMWWDE1ED0 是正确证据。
023-b20260803-r3-0-00106-0-00106-q1,temporal,train,When did Alex mention he planned to leave for his trip to Japan?,July 1st,"Alex and the assistant discussed visiting the Louvre and Notre-Dame in Paris. || Alex and the kids plan to visit the Louvre and the Musée d'Orsay in Paris. || Alex and the user visited the Blue Lagoon and saw the Northern Lights in Iceland. || Alex booked the last flight and hotel for Paris. || Alex has a family trip planned to Japan in July. || Alex is considering booking ski lessons for the children during the trip. || Alex plans to have a small gathering at home for her daughter’s birthday on June 17th. || Alex reserved flights and a hotel for a summer trip to Paris with the kids in July. || Alex’s children are excited about getting new winter gear. || The Japan trip involves four people: Alex, his wife, and two kids.","[""01KZ3M9QFACNH8XKD9CNS93DKA"", ""01KZ3M9CXA37773CGNY1HWYJ36"", ""01KZ3M9YZBQ7D6BDK529JDTTN6"", ""01KZ3M9QF875JXYA8A58C8FJWX"", ""01KZ3M94CF0ZTJ19RZAMBNQ20C"", ""01KZ3M9QFFXH8EMRXQDW4KDQG2"", ""01KZ3M9CXC9ZEQN0K7JX5QFF1E"", ""01KZ3M9CX8NWC22AG4C3KC23NR"", ""01KZ3M9QFC7GX9QJJ2YDTY1JS9"", ""01KZ3M94CNH2DBE3YS9TN5PCNR""]","[0, 1, 2, 3, 4, 5, 6, 7, 8, 9]","[[""01KZ3M9CXF11ZQ4VZPH6X2W742""], [""01KZ3M94CY033V410KKM8XHHH9""], [""01KZ3M9QFH0NFRPYCN7BAA9GXC""], [""01KZ3M9CXF11ZQ4VZPH6X2W742""], [""01KZ3M8RDBAF2AT1YNA4VD1GAX""], [""01KZ3M9CXGYVK1334CJDR9TWB2""], [""01KZ3M94CZFQCMCJPJFWYR5KYV""], [""01KZ3M94CXQEGZKMPRSQCYW6Q7""], [""01KZ3M9CXGYVK1334CJDR9TWB2""], [""01KZ3M8RDCMZQ8GH7SBW9CD6V1""]]","{""entities"": [""Alex"", ""Japan""], ""time_constraints"": [], ""operands"": [], ""list_cardinality"": {""known"": false, ""count"": 0}, ""update_state"": """", ""gap"": null}","[{""kind"": ""KEEP"", ""candidate_id"": ""01KZ3M94CF0ZTJ19RZAMBNQ20C"", ""source_id"": ""01KZ3M8RDBAF2AT1YNA4VD1GAX""}]",fail,KEEP 01KZ3M94CF0ZTJ19RZAMBNQ20C 只给出 July，未覆盖精确日期 July 1st；应为 gap。
023-b20260803-r3-0-00047-0-00047-q1,temporal,train,When did Sam decide to implement his new algorithm to reduce latency in the distributed system simulation?,2026-06-01,"Managing security groups and network configurations was also a challenge for Sam during his setup with AWS. || Sam has completed the literature review and is in the experimental phase of his thesis on distributed systems. || Sam has encountered issues with the distributed simulation setup. || Sam has made progress on his thesis with distributed system simulations. || Sam implemented an algorithm to reduce latency in node communication. || Sam is gathering more data for his thesis case studies. || Sam is testing three main protocols: TCP, UDP, and a custom protocol he developed. || Sam is using AWS for his cloud environment due to its robust infrastructure and wide range of services. || Sam needs to ensure the system can handle increased load as more nodes are added. || Sam observed diminishing returns in scalability with increased node numbers. || Sam plans to discuss potential optimizations for better scalability in his thesis. || Sam plans to explore fault tolerance next by integrating his protocol with existing load balancers. || Sam plans to publish his findings at a conference this summer. || Sam plans to start implementing changes in his simulation this week. || Sam plans to use gRPC for inter-node communication in his simulation. || Sam prefers to work independently on setting up his development environment. || Sam's custom protocol shows a 20% reduction in latency compared to TCP under high load conditions. || Sam's thesis topic is unknown. || Sam updated his project timeline to reflect the decision to use gRPC. || Sam will meet with his advisor on Friday to discuss the next steps. || Setting up multiple instances and ensuring proper communication was a challenge for Sam during his setup with AWS.","[""01KZ3J5EZHV60DA48HTTTX3TA8"", ""01KZ3J5EZCA6MDZEWT8Q4JG16Q"", ""01KZ3J67GAVC3A0NE109T21ZQT"", ""01KZ3J5S32TAR5X3A9F2HK0B2X"", ""01KZ3J5S34S2DHZQBW5Q78TYR0"", ""01KZ3J5S35AYYJHTDH3P0MAX10"", ""01KZ3J5EZD83HXVBDFZN0KEX9Y"", ""01KZ3J5EZFC555DTVH5BHJYY4R"", ""01KZ3J67GHZKXH9SYPSEMQ4AWW"", ""01KZ3J5S3651BB95DNYHESTJSK"", ""01KZ3J5S37ED4REG7B9BY1FW5X"", ""01KZ3J5EZKA51B3WQT3EWCK5ZN"", ""01KZ3J5EZKSJJVZDVJZA3SS8FP"", ""01KZ3J67GFXPY3BXKA7QW4VY8K"", ""01KZ3J67GCZ7VTX1AW6RNC87G1"", ""01KZ3J67GHY5XT10MNDA7957RA"", ""01KZ3J5EZJQZ7SAF3M396TAV5A"", ""01KZ3J51FBJ7HHVA3NDWHA90B0"", ""01KZ3J67GEYXTTC8QRNZF06NXD"", ""01KZ3J67GGV6F12YWXZB263BJQ"", ""01KZ3J5EZG59J7Q26FH29CCE5X""]","[0, 1, 2, 3, 4, 5, 6, 7, 8, 9, 10, 11, 12, 13, 14, 15, 16, 17, 18, 19, 20]","[[""01KZ3J51FEXBQVK9FFHAW219KB""], [""01KZ3J51FDHYG2VGM88Y1B9W7X""], [""01KZ3J5S38ATGX0EMXW88PXJSB""], [""01KZ3J5EZM15ZS8DM8WYFV82WJ""], [""01KZ3J5EZMME4VR8DW44MYSAXQ""], [""01KZ3J5EZNN4C122DYMJP76FDZ""], [""01KZ3J51FEWJDSBJR383WHKT3G""], [""01KZ3J51FEWJDSBJR383WHKT3G""], [""01KZ3J5S3BMN1Z818CHDZ4J2CA""], [""01KZ3J5EZNJK57ZRSFPF3Z6AJA""], [""01KZ3J5EZP0YEKBH21CFAYCMW1""], [""01KZ3J51FG081YQ6P72WVAMA71""], [""01KZ3J51FG081YQ6P72WVAMA71""], [""01KZ3J5S3AQPDAYPE18R87MHNR""], [""01KZ3J5S39A9XHMW4T0J4CSBMQ""], [""01KZ3J5S3AJ26R3ZCE5CGCW3G0""], [""01KZ3J51FFGK94DMW8GA60C0Q1""], [""01KZ3J50M0XHG25X3HS35SDDAV""], [""01KZ3J5S39SXWM9PMYDTBW94AH""], [""01KZ3J5S3A5VD24VM7CWMGSZS6""], [""01KZ3J51FEXBQVK9FFHAW219KB""]]","{""entities"": [""Sam""], ""time_constraints"": [], ""operands"": [], ""list_cardinality"": {""known"": false, ""count"": 0}, ""update_state"": """", ""gap"": {""kind"": ""entity"", ""entity"": ""Sam"", ""start"": null, ""end"": null, ""operand"": """", ""source_need"": ""entity:Sam""}}",[],pass,
023-b20260803-r3-0-00012-0-00012-q1,temporal,train,When is Sarah's birthday according to the latest information?,Sarah's birthday is on June 17th.,Sarah and her kids are suggested to join Alex on the trip. || Sarah’s birthday is on June 17th.,"[""01KZ3GXXRFHKW4P0VKYD0852AA"", ""01KZ3GXPNQB363W0VKAWR9JR9K""]","[0, 1]","[[""01KZ3GXPNT9M0BBNADVR6YA35W""], [""01KZ3GXFV3VNYB642SVPZ16H8C"", ""01KZ3GXFV4X7ZJWPP64F7FQVAN""]]","{""entities"": [""Sarah's""], ""time_constraints"": [], ""operands"": [], ""list_cardinality"": {""known"": false, ""count"": 0}, ""update_state"": ""latest"", ""gap"": null}","[{""kind"": ""KEEP"", ""candidate_id"": ""01KZ3GXPNQB363W0VKAWR9JR9K"", ""source_id"": ""01KZ3GXFV3VNYB642SVPZ16H8C""}, {""kind"": ""KEEP"", ""candidate_id"": ""01KZ3GXPNQB363W0VKAWR9JR9K"", ""source_id"": ""01KZ3GXFV4X7ZJWPP64F7FQVAN""}]",pass,
023-b20260803-r3-0-00159-0-00159-q1,temporal,train,When does Sarah's birthday come up?,Sarah’s birthday is on April 28th.,"A small gathering will be planned for Sarah’s birthday at home, themed after her favorite Japanese cartoon. || Invitations for Sarah’s birthday party will be sent out early. || Sarah’s birthday is on April 28, 2026.","[""01KZ3P66NPRYY6DJYQZHZJ9G8B"", ""01KZ3P66NQ9KR4FGZD2KY2NEFY"", ""01KZ3P66NN06Z37NE74ESTZK0X""]","[0, 1, 2]","[[""01KZ3P5YG05DEZZZKCA0H8FBTY""], [""01KZ3P5YG05R0HFKBC4B05S62T""], [""01KZ3P5YFZBKQWEPBTB5PZ6TA9"", ""01KZ3P5YG01EZCP969668JC0C5"", ""01KZ3P5YG05DEZZZKCA0H8FBTY""]]","{""entities"": [""Sarah's""], ""time_constraints"": [], ""operands"": [], ""list_cardinality"": {""known"": false, ""count"": 0}, ""update_state"": """", ""gap"": null}","[{""kind"": ""KEEP"", ""candidate_id"": ""01KZ3P66NN06Z37NE74ESTZK0X"", ""source_id"": ""01KZ3P5YG05DEZZZKCA0H8FBTY""}]",pass,
023-b20260803-r3-0-00187-0-00187-q2,multi-hop,train,Is Sarah still coming to the family gathering in Paris and does she have plans to celebrate her birthday there?,"Yes, Sarah is still coming and she has plans to celebrate her birthday with a surprise party at their place.","Alex is planning a surprise party for Sarah at their place. || Alex’s family (including his parents and children) is traveling to Hawaii for a week starting on 2026-03-25. || Sarah, Alex's cousin, is visiting Paris during the trip. || Sarah is bringing her kids for the family gathering in Paris. || Sarah’s birthday is in April.","[""01KZ3Q658JJVCDMEJC57ECJJVX"", ""01KZ3Q6DB0EBJQHR98B9AWCK49"", ""01KZ3Q658FY65AEAZT5MB7797W"", ""01KZ3Q658G4AEJV2TGDPR8YMMV"", ""01KZ3Q658JTADQB12F51Y6MGKY""]","[0, 1, 2, 3, 4]","[[""01KZ3Q5XSETA4NE6XCK9EYPHMM""], [""01KZ3Q658KS30VSA6AJCSTBBD4""], [""01KZ3Q5XSD5Z3YYF6DQ8M8NBCD""], [""01KZ3Q5XSD5Z3YYF6DQ8M8NBCD""], [""01KZ3Q5XSDGNS1823BKBSPCCDH""]]","{""entities"": [""Paris"", ""Sarah""], ""time_constraints"": [], ""operands"": [], ""list_cardinality"": {""known"": false, ""count"": 0}, ""update_state"": ""still"", ""gap"": null}","[{""kind"": ""KEEP"", ""candidate_id"": ""01KZ3Q658JJVCDMEJC57ECJJVX"", ""source_id"": ""01KZ3Q5XSETA4NE6XCK9EYPHMM""}, {""kind"": ""KEEP"", ""candidate_id"": ""01KZ3Q658FY65AEAZT5MB7797W"", ""source_id"": ""01KZ3Q5XSD5Z3YYF6DQ8M8NBCD""}]",pass,
023-b20260803-r3-0-00004-0-00004-q2,multi-hop,train,"When is Lisa's birthday, and what is the planned duration of the trip to Japan?","Lisa's birthday is on May 27th, and the planned duration of the trip to Japan is from July 15th to August 1st.","Alex and family are confirmed to travel to Japan from July 15th to August 1st. || The family consists of four members: the user, Lisa (the user's wife), Tom (the user's son), and Jane (the user's daughter).","[""01KZ3GMW5V8JQVK1ECFHAM2Q0J"", ""01KZ3GMFE3B680MY28F64FW9QN""]","[0, 1]","[[""01KZ3GMFE8JRZ5W5PFFYD6TE2M""], [""01KZ3GM3KBN1G67ZBZFXF7VBDW""]]","{""entities"": [""Japan"", ""Lisa's""], ""time_constraints"": [], ""operands"": [], ""list_cardinality"": {""known"": false, ""count"": 0}, ""update_state"": """", ""gap"": null}","[{""kind"": ""KEEP"", ""candidate_id"": ""01KZ3GMW5V8JQVK1ECFHAM2Q0J"", ""source_id"": ""01KZ3GMFE8JRZ5W5PFFYD6TE2M""}, {""kind"": ""KEEP"", ""candidate_id"": ""01KZ3GMFE3B680MY28F64FW9QN"", ""source_id"": ""01KZ3GM3KBN1G67ZBZFXF7VBDW""}]",fail,KEEP 01KZ3GMW5V8JQVK1ECFHAM2Q0J 只覆盖旅行区间，01KZ3GMFE3B680MY28F64FW9QN 只说明 Lisa 身份；候选无 May 27th 生日，应为 gap。
023-b20260803-r3-0-00026-0-00026-q2,multi-hop,train,When did Priya discuss the extension of the deadline with the team members who had concerns about the initial beta release deadline?,June 7th,"Priya finalized the core features for the beta release on June 25th. || Priya had a meeting with team members on June 7th to address concerns about the deadline. || Priya is managing the release of a new software update called 'SkyBridge'. || Priya planned to finalize all features by May 5th and the soft launch was set for May 10th. || Priya plans to overhaul the mobile app interface this week. || The marketing budget is higher than expected. || The marketing campaign for the product will start on March 15th. || The official product launch is scheduled for April 1st. || There are savings in travel costs due to remote work, allowing us to stay within our initial estimates.","[""01KZ3HED306B4VZ0YFH1YXJS8C"", ""01KZ3HED31WRFMDYW1RQH54RMJ"", ""01KZ3HDP6YTBRAAP3ZTGR81EGK"", ""01KZ3HDYJDP6J2675QR9DFJJ84"", ""01KZ3HED34YR6F0N8P1VZMZ2YS"", ""01KZ3HE66X9J3KHRDR1G94SZPJ"", ""01KZ3HE66Q45KE0J6R0JBVR3ZV"", ""01KZ3HE66S1KXJXD9CMVNSZD9Q"", ""01KZ3HE66YKEXP9DJM8B72G1RN""]","[0, 1, 2, 3, 4, 5, 6, 7, 8]","[[""01KZ3HE66ZFD3QEA27DJ8PG9Z8""], [""01KZ3HE66ZAFY3R5X4QQNJ3E6M""], [""01KZ3HDC98ZGR6R2MQGHYYP62S"", ""01KZ3HDC99HPPSQD8XQ099XB5Y""], [""01KZ3HDP78EH31QKHHF2ME7YBM""], [""01KZ3HE670HZTQZF5J32KQX5V5""], [""01KZ3HDYJKG7EKA9AD7Y6PXXME""], [""01KZ3HDYJJMYGCDQSN7P5PDEN8""], [""01KZ3HDYJJMYGCDQSN7P5PDEN8""], [""01KZ3HDYJKG7EKA9AD7Y6PXXME""]]","{""entities"": [""Priya""], ""time_constraints"": [], ""operands"": [], ""list_cardinality"": {""known"": false, ""count"": 0}, ""update_state"": """", ""gap"": null}","[{""kind"": ""KEEP"", ""candidate_id"": ""01KZ3HED31WRFMDYW1RQH54RMJ"", ""source_id"": ""01KZ3HE66ZAFY3R5X4QQNJ3E6M""}]",fail,KEEP 01KZ3HED31WRFMDYW1RQH54RMJ 只证明 June 7th 处理 deadline concerns，未证明讨论了 deadline extension。
023-b20260803-r3-0-00133-0-00133-q2,multi-hop,train,"When is the cousin's birthday party that Alex needs help organizing, and what is the date range for the family trip to Canada mentioned in the conversation?","The cousin's birthday party is on July 17th, and the family trip to Canada is from June 15th to June 25th.",Alex and family plan to go on a summer trip to Canada. || Alex and family will visit Canada from June 15th to June 25th. || The cousin's birthday party is on July 17th at Alex's parents' house. || About 20 guests are expected for the cousin's birthday party. || Alex is planning a trip to Paris starting on 2026-05-15. || Alex needs new luggage for the Paris trip.,"[""01KZ3N7CB2HK37XFNEK5VCS4WY"", ""01KZ3N7CB57TSM2B6ZQ8ZGQYMK"", ""01KZ3N7CB75BVHV6RJP4QYY0A9"", ""01KZ3N7CB8SJEX7HPNDKHZP04K"", ""01KZ3N74ATE5DGBYYPSHGDQT5B"", ""01KZ3N74AW0HDJ0APG715PGQY7""]","[0, 1, 2, 3, 4, 5]","[[""01KZ3N74AZRXHPF7446ZX8S5WT""], [""01KZ3N74B0RMXDWNGAS2HM1MP8""], [""01KZ3N74AZWSKRHG7KWABGN34V""], [""01KZ3N74AZWSKRHG7KWABGN34V""], [""01KZ3N6YE7R08T0STWD8Q4ZQMK""], [""01KZ3N6YE8T9YTWZ5C5BYSMGNB""]]","{""entities"": [""Alex"", ""Canada""], ""time_constraints"": [], ""operands"": [], ""list_cardinality"": {""known"": false, ""count"": 0}, ""update_state"": """", ""gap"": null}","[{""kind"": ""KEEP"", ""candidate_id"": ""01KZ3N7CB75BVHV6RJP4QYY0A9"", ""source_id"": ""01KZ3N74AZWSKRHG7KWABGN34V""}, {""kind"": ""KEEP"", ""candidate_id"": ""01KZ3N7CB57TSM2B6ZQ8ZGQYMK"", ""source_id"": ""01KZ3N74B0RMXDWNGAS2HM1MP8""}]",pass,
023-b20260803-r3-0-00000-0-00000-q2,multi-hop,train,"When did Sarah prefer to review designs according to the conversation from February 13, 2026, and is this preference still valid as mentioned in June 1, 2026?","Sarah preferred to review designs on Tuesday mornings, and this preference is still valid as mentioned in the June 1, 2026, conversation.",Sarah is avoiding late nights due to maintaining her work-life balance. || Sarah prefers not to work late hours. || Sarah prefers to review designs on Tuesday mornings. || Sarah's review sessions will be moved to Thursday afternoons.,"[""01KZ3GGXHGD1A84CM8AQGMQ42S"", ""01KZ3GGXHEMWK11Z216QFRVX2G"", ""01KZ3GGHD51NRSVFA1PAJTK236"", ""01KZ3GGHD83QKR41Y8C0W67XVS""]","[0, 1, 2, 3]","[[""01KZ3GGHDESXY8B25EAMDCRK7M""], [""01KZ3GGHDE396YM6GVTDF6FV91""], [""01KZ3GGACF6MC8T1MECS1N54HR""], [""01KZ3GGACGG0YV64TDH3RT91XR""]]","{""entities"": [""February"", ""June"", ""Sarah""], ""time_constraints"": [""february 13"", ""2026"", ""june 1""], ""operands"": [], ""list_cardinality"": {""known"": false, ""count"": 0}, ""update_state"": ""still"", ""gap"": null}","[{""kind"": ""KEEP"", ""candidate_id"": ""01KZ3GGHD51NRSVFA1PAJTK236"", ""source_id"": ""01KZ3GGACF6MC8T1MECS1N54HR""}, {""kind"": ""KEEP"", ""candidate_id"": ""01KZ3GGHD83QKR41Y8C0W67XVS"", ""source_id"": ""01KZ3GGACGG0YV64TDH3RT91XR""}]",fail,KEEP 01KZ3GGHD83QKR41Y8C0W67XVS 说 review sessions 已移至 Thursday afternoons，直接冲突于 Tuesday-morning 偏好仍有效。
023-b20260803-r3-0-00162-0-00162-q2,multi-hop,train,When did Dana start her home-lab project and what kind of tasks does she plan to perform with her Raspberry Pis?,"Dana started her home-lab project about six months ago, around July 2025, and plans to use the Raspberry Pis for basic web server testing, IoT projects, and learning about network setups.","Dana added an SSD for redundancy in the data storage setup. || Dana added logging to the new server to catch potential problems early. || Dana currently has three Raspberry Pi 4s in her home lab. || Dana encountered networking issues, particularly with firewall configurations, during her server setup. || Dana found the server hardware she chose to be powerful and stable for her needs. || Dana got the new server up and running on 2026-03-21. || Dana has been working on a home-lab project since July 2025. || Dana integrated a basic image recognition AI model into her server setup. || Dana intends to train a model for image recognition using home photos. || Dana needs more data sets for the AI project. || Dana optimized some firewall rules for the new server. || Dana plans to expand her home lab with more Raspberry Pi 4s. || Dana plans to set up a small AI model training environment. || Dana plans to use her Raspberry Pi 4s for web server testing, IoT projects, and learning network setups. || Dana resolved issues with the Raspberry Pi cluster by replacing the power supply on 2026-01-10. || Dana's goal is to set up a small-scale cloud environment and experiment with virtualization technologies. || Dana set up a new server in her home-lab last week. || Dana updated the monitoring scripts to check the new server regularly. || Dana updated the software to the latest version in the home-lab project.","[""01KZ3PABGNPD62KTX41RJAGQXR"", ""01KZ3PA1FVDQ8QCMJRBEFACE6J"", ""01KZ3P9MHYFEVZK9WNC5JXAXKS"", ""01KZ3P9V1FY69DYR3Y3JDZM12K"", ""01KZ3P9V1GQXRJXFTPWEE8QT48"", ""01KZ3PA1FQ307ENETMCTB2GJ81"", ""01KZ3P9MHVCXJQZVK375QHTV6G"", ""01KZ3P9V1EEV3A132DQS4B8XZ8"", ""01KZ3PABGS3YT1HQYFEEKWDMBN"", ""01KZ3PABGSTCB2R28BJ9EC0BGP"", ""01KZ3PA1FT85H6F6HTMP3WTNNK"", ""01KZ3P9MJ0GWN8K0QS2GH947HQ"", ""01KZ3PABGRN769S4EQRPSB7QZ3"", ""01KZ3P9MJ1X7G9JBXJAEVAJSWT"", ""01KZ3PABGKKPCS3AEPZBS477FH"", ""01KZ3P9MJ314DQ0Y557V8RR0C8"", ""01KZ3P9V1CQ1VFCRC38ADNB6YJ"", ""01KZ3PA1FSXF3J7QNAEXXS24MQ"", ""01KZ3PABGPX79MY35BR049RWVD""]","[0, 1, 2, 3, 4, 5, 6, 7, 8, 9, 10, 11, 12, 13, 14, 15, 16, 17, 18]","[[""01KZ3PA1FW2RP2EDZ6ANXKDPXD"", ""01KZ3PA1FW4GF6Y3WW52E54Q47""], [""01KZ3P9V1J8GWTDVEM1KMD85D1""], [""01KZ3P9APP08AX5ZNMV8R402SW""], [""01KZ3P9MJ5SJ33HA7RFCYG962H""], [""01KZ3P9MJ6NPDKC7HKPMV0NFT6""], [""01KZ3P9V1HCWV9KB2ZKG6DMT9D""], [""01KZ3P9APQZ8Y5J7CF4C1GDMZP""], [""01KZ3P9MJ5MCFNV0SYA89F3YP2""], [""01KZ3PA1FX3CBXW40KTWXNB374"", ""01KZ3PA1FXZNGJ9QCYT9VY3GGN""], [""01KZ3PA1FX5C1MGK2GJF2PQ4HH"", ""01KZ3PA1FX6SFP327X5Q0JSBBQ""], [""01KZ3P9V1J9RXJNVGNJPNNJBQV""], [""01KZ3P9APP08AX5ZNMV8R402SW""], [""01KZ3PA1FW85D2054K93KKHPE0"", ""01KZ3PA1FXCRQJ3ZHRQ6F1Z0SA""], [""01KZ3P9APPY9JZFHBG6BG3KX7V""], [""01KZ3PA1FW7JMDA0SY25ZFTRQD"", ""01KZ3PA1FW9NKVJ5CN1GS0F89J""], [""01KZ3P9APQ04K94JZHKS6MCG80""], [""01KZ3P9MJ4CHSSBNR9K6486R5F""], [""01KZ3P9V1HTFJ6NFGZBW84K805""], [""01KZ3PA1FW4GF6Y3WW52E54Q47""]]","{""entities"": [""Dana"", ""Pis"", ""Raspberry""], ""time_constraints"": [], ""operands"": [], ""list_cardinality"": {""known"": false, ""count"": 0}, ""update_state"": """", ""gap"": null}","[{""kind"": ""KEEP"", ""candidate_id"": ""01KZ3PA1FQ307ENETMCTB2GJ81"", ""source_id"": ""01KZ3P9V1HCWV9KB2ZKG6DMT9D""}, {""kind"": ""KEEP"", ""candidate_id"": ""01KZ3P9MHVCXJQZVK375QHTV6G"", ""source_id"": ""01KZ3P9APQZ8Y5J7CF4C1GDMZP""}, {""kind"": ""KEEP"", ""candidate_id"": ""01KZ3PABGRN769S4EQRPSB7QZ3"", ""source_id"": ""01KZ3PA1FW85D2054K93KKHPE0""}, {""kind"": ""KEEP"", ""candidate_id"": ""01KZ3PABGPX79MY35BR049RWVD"", ""source_id"": ""01KZ3PA1FW4GF6Y3WW52E54Q47""}, {""kind"": ""KEEP"", ""candidate_id"": ""01KZ3PABGSTCB2R28BJ9EC0BGP"", ""source_id"": ""01KZ3PA1FX5C1MGK2GJF2PQ4HH""}, {""kind"": ""KEEP"", ""candidate_id"": ""01KZ3P9MJ1X7G9JBXJAEVAJSWT"", ""source_id"": ""01KZ3P9APPY9JZFHBG6BG3KX7V""}]",pass,
023-b20260803-r3-0-00111-0-00111-q2,multi-hop,train,When did Dana start her home-lab project and what was the goal mentioned in the first session?,"Dana started her home-lab project about a year ago, around February 2025. Her goal was to test new web technologies and improve her server management skills.",Dana added two more servers to the home-lab project this week. || Dana decided to add Ubuntu 22.04 as a new operating system for the VM. || Dana implemented a new firewall rule and updated encryption keys to improve security protocols. || Dana installed a new GPU on March 15th. || Dana integrated the newly added servers seamlessly with the existing setup. || Dana is a software engineer working on a home-lab project. || Dana is considering PyTorch and TensorFlow for his AI model testing. || Dana is testing new AI models in real-world scenarios. || Dana is working on upgrading her home-lab to support more virtual machines. || Dana plans to add an SSD to his gaming rig by April. || Dana plans to perform performance tests on the new VMs once they are set up. || Dana's goal for the home-lab project is to test new web technologies and improve server management skills. || Dana's home-lab does not have specific hardware requirements beyond enough RAM and storage. || Dana's home-lab has experienced minor network glitches but no major issues recently. || Dana's home-lab project involves setting up a small server cluster for testing software configurations and hosting a personal website. || Dana's home-lab server cluster currently consists of three servers. || Dana started the home-lab project around February 2025. || Dana tested Prometheus for monitoring and found it fits well with the current infrastructure.,"[""01KZ3MFYZ7114M98M2V647S1NZ"", ""01KZ3MFDDXW4VJCSD0WCW70FEC"", ""01KZ3MFYZBWCCRE58CVBCW0JA2"", ""01KZ3MFPMSFF3Y7J8RY8E4N6Q8"", ""01KZ3MFYZA29GS8WHAX95CP7R5"", ""01KZ3MF5BS2X4S7H444Z7J1CE0"", ""01KZ3MFPMYD7C4JRPF7DZZTENE"", ""01KZ3MFPMX23G55P5WDMD2YKNH"", ""01KZ3MFDDWN46SZ2Z9QRBQ8RTY"", ""01KZ3MFPMVSGXDVMYJ2KKT7Q7W"", ""01KZ3MFDE0RZ95MWFGPXBE7J7F"", ""01KZ3MF5BZ5JVJG9ZTKAAC83M4"", ""01KZ3MFDDY049CT2793YQQMWE4"", ""01KZ3MFDDZ8YJF3TRAFRT3NTMV"", ""01KZ3MF5BVX4P1ZWEZ1E8VZ805"", ""01KZ3MF5BZWGXTAR7BFFX22PW8"", ""01KZ3MF5BXACVAG2F2EAKN8NXE"", ""01KZ3MFYZCA1CC0KHS0MRX9WFA""]","[0, 1, 2, 3, 4, 5, 6, 7, 8, 9, 10, 11, 12, 13, 14, 15, 16, 17]","[[""01KZ3MFPN0GK0RTWRG7NKBP1KZ""], [""01KZ3MF5C1S4S2WGPQ319AKERD""], [""01KZ3MFPN0ZFE2XMSAQDRT1V7X""], [""01KZ3MFDE1CZ33PB377WK8MP59""], [""01KZ3MFPN0GK0RTWRG7NKBP1KZ""], [""01KZ3MEW1FBA6VZG4WF5XKT0XF""], [""01KZ3MFDE293VEZEDAR66VJ4S7""], [""01KZ3MFDE1YPKC9X6Y8SJ7NM0Y""], [""01KZ3MF5C0P0KF0GFVPBD69QV7""], [""01KZ3MFDE1CZ33PB377WK8MP59""], [""01KZ3MF5C22V9DMJ0PQ5HFKM5J""], [""01KZ3MEW1JAM6MXKWRH87EVBGB""], [""01KZ3MF5C2RY7EPFAC9YNTSSY4""], [""01KZ3MF5C2Z5JKF7MFYFBTRMCB""], [""01KZ3MEW1GBJE435DZ7EP7JJXD""], [""01KZ3MEW1K8808XTA1DDDA9FE0""], [""01KZ3MEW1HFCNA5FBVXAENPSCS""], [""01KZ3MFPN1ZFRJ0CPCJHNXHHDA""]]","{""entities"": [""Dana""], ""time_constraints"": [], ""operands"": [], ""list_cardinality"": {""known"": false, ""count"": 0}, ""update_state"": """", ""gap"": null}","[{""kind"": ""KEEP"", ""candidate_id"": ""01KZ3MFYZA29GS8WHAX95CP7R5"", ""source_id"": ""01KZ3MFPN0GK0RTWRG7NKBP1KZ""}, {""kind"": ""KEEP"", ""candidate_id"": ""01KZ3MF5BZ5JVJG9ZTKAAC83M4"", ""source_id"": ""01KZ3MEW1JAM6MXKWRH87EVBGB""}]",fail,现有 KEEP 只覆盖项目目标，遗漏启动时间；还应 KEEP 01KZ3MF5BXACVAG2F2EAKN8NXE。
023-b20260803-r3-0-00078-0-00078-q2,multi-hop,train,"When did Alex's mom's birthday fall in 2026, and which plans did he consider for it?","Alex's mom's birthday was on January 25th, 2026. He considered a hiking trip at the state park with a picnic.","Alex has booked flights for the trip. || Alex is considering taking the family reunion to Europe this year, possibly to France or Italy. || Alex is planning a family vacation in June. || Alex is planning a family vacation next month. || Alex is planning the trip for mid-July 2027. || Alex plans to visit Paris and Rome next year. || Alex plans to wait until closer to the family reunion to book flights and accommodations. || The family reunion will include Alex's parents, siblings, and their families, totaling about 25 people.","[""01KZ3KA4MBH9X022HNK62K8ZBT"", ""01KZ3K9TJ86QWJPQ8NXT435GV5"", ""01KZ3K9M8NTNFFN10KY14V2SHW"", ""01KZ3KAC71HWW19KCQFZ0ZSQ0P"", ""01KZ3KA4MFPJGWBFZK8QFNE3AF"", ""01KZ3KA4MABYGQCPFHRC7BP6YQ"", ""01KZ3K9TJC8DJQSPZRDZX6DAEH"", ""01KZ3K9TJ9ZC4MF9W0SNRAQVJX""]","[0, 1, 2, 3, 4, 5, 6, 7]","[[""01KZ3K9TJD34YF17M65F298SYB""], [""01KZ3K9M8TB1AAFPAPN8W6WRVF""], [""01KZ3K9DA5XA9SXBEWDYY0AE3V""], [""01KZ3KA4MHGDD49KRSPBMZZ452""], [""01KZ3K9TJEF54FR9VJJ730A8D8""], [""01KZ3K9TJD34YF17M65F298SYB""], [""01KZ3K9M8VFKMD0DD89TDPQ0PB""], [""01KZ3K9M8VA75VMZWTZDAWPY36""]]","{""entities"": [""Alex's""], ""time_constraints"": [""2026""], ""operands"": [], ""list_cardinality"": {""known"": false, ""count"": 0}, ""update_state"": """", ""gap"": null}","[{""kind"": ""KEEP"", ""candidate_id"": ""01KZ3KA4MABYGQCPFHRC7BP6YQ"", ""source_id"": ""01KZ3K9TJD34YF17M65F298SYB""}, {""kind"": ""KEEP"", ""candidate_id"": ""01KZ3KA4MFPJGWBFZK8QFNE3AF"", ""source_id"": ""01KZ3K9TJEF54FR9VJJ730A8D8""}]",fail,KEEP 01KZ3KA4MABYGQCPFHRC7BP6YQ、01KZ3KA4MFPJGWBFZK8QFNE3AF 是欧洲旅行计划，未覆盖母亲生日或 hiking picnic；应为 gap。
023-b20260803-r3-0-00108-0-00108-q2,multi-hop,train,"When did the team originally plan the launch date for NovaTech, and did this date change after the tech team reassured Priya that all critical bugs were fixed?","The original launch date was December 15, 2026, and it did not change after the tech team reassured Priya that all critical bugs were fixed.","Priya's team is excited about the new features for the upcoming launch on March 25th. || A dry run of the launch is scheduled for March 22nd at 10 AM. || Priya finished the final review of the marketing campaign with the creative team. || Priya is working on a project called 'NovaTech'. || Priya mentioned challenges with the tech stack during the backend and frontend development for the product launch. || Priya will send out final update emails by the next day. || The assistant will ensure everyone has their laptops and internet access sorted for the dry run. || The planned launch date for NovaTech is December 15, 2026. || The team prefers more flexible hours post-launch. || Thorough testing and marketing readiness for NovaTech should be completed by November 15, 2026.","[""01KZ3MCHQTV7818CA1XEE2PMD6"", ""01KZ3MCHQX2RZ694X7P76S6JKB"", ""01KZ3MC89QDSPGFPJCVAXQSSWE"", ""01KZ3MBR44SAHKS1K58HBT1QHZ"", ""01KZ3MBZSJHCJNAGZX52EMVS35"", ""01KZ3MC89WRM851EJAJ53MMKVA"", ""01KZ3MCHR1D5HGEQ4Z492X5PE2"", ""01KZ3MBR469Q36SD1NNPXRGFS6"", ""01KZ3MBZSRD9JMDPW3FRFFVTYA"", ""01KZ3MBR49P1Q9BK9S9NVXV752""]","[0, 1, 2, 3, 4, 5, 6, 7, 8, 9]","[[""01KZ3MC89XSNXSRNGHGX3EEM1Y""], [""01KZ3MC89Y9WHYHSNF7DKMJN02""], [""01KZ3MBZSVGBJRDC5R8R6A5V00""], [""01KZ3MBJ30MTXD3WZK9JA61DFX""], [""01KZ3MBR4ARAKBFBYVN9VYP8CZ""], [""01KZ3MBZSWNSZVSF6A6M47099N""], [""01KZ3MC89YY7KHMD93T4G34FFJ""], [""01KZ3MBJ30NYG0M5BM5RRA21HV""], [""01KZ3MBR4D5F7HXRQM97XWRP0G""], [""01KZ3MBJ319D8A0RM9SWBS2QQK""]]","{""entities"": [""NovaTech"", ""Priya""], ""time_constraints"": [], ""operands"": [{""name"": ""after"", ""satisfied"": false}], ""list_cardinality"": {""known"": false, ""count"": 0}, ""update_state"": """", ""gap"": null}",[],pass,
023-b20260803-r3-0-00019-0-00019-q2,multi-hop,train,When does the user's son's passport expire and what hotel is reserved for the upcoming trip to Italy?,The user's son's passport expires in March 2027 and the hotel reserved for the upcoming trip to Italy is the Grand Hotel Milano in Milan.,Alex’s daughter’s passport expires in April 2028. || Alex’s son’s passport expires in March 2027. || The user's birthday is on March 15th.,"[""01KZ3H5VGMZK4MF0JT0PMR1XZ3"", ""01KZ3H5VGKQCX7GQSMZ6S371NY"", ""01KZ3H5GVKPF1T9XQP4HQDEBRS""]","[0, 1, 2]","[[""01KZ3H5GVN6JKD86YE4WQFRHW5""], [""01KZ3H5GVN6JKD86YE4WQFRHW5""], [""01KZ3H51TSPZQSA57WM9H51V2C""]]","{""entities"": [""Italy""], ""time_constraints"": [], ""operands"": [], ""list_cardinality"": {""known"": false, ""count"": 0}, ""update_state"": """", ""gap"": null}","[{""kind"": ""KEEP"", ""candidate_id"": ""01KZ3H5VGKQCX7GQSMZ6S371NY"", ""source_id"": ""01KZ3H5GVN6JKD86YE4WQFRHW5""}, {""kind"": ""KEEP"", ""candidate_id"": ""01KZ3H5VGMZK4MF0JT0PMR1XZ3"", ""source_id"": ""01KZ3H5GVN6JKD86YE4WQFRHW5""}]",fail,KEEP 01KZ3H5VGKQCX7GQSMZ6S371NY 只覆盖儿子护照，01KZ3H5VGMZK4MF0JT0PMR1XZ3 是女儿护照；候选无 Grand Hotel Milano，应为 gap。
023-b20260803-r3-0-00062-0-00062-q2,multi-hop,train,What are the current sprint review dates and when is the app launch scheduled according to the most recent conversation?,Sprint reviews are held on the third Friday of every month and the app launch is scheduled for June 15th.,The launch is planned for June 15th.,"[""01KZ3JREEQCHN8S84D7458D829""]",[0],"[[""01KZ3JR63YZGRZPPJPDE62HNCS""]]","{""entities"": [], ""time_constraints"": [], ""operands"": [], ""list_cardinality"": {""known"": false, ""count"": 0}, ""update_state"": ""current"", ""gap"": null}","[{""kind"": ""KEEP"", ""candidate_id"": ""01KZ3JREEQCHN8S84D7458D829"", ""source_id"": ""01KZ3JR63YZGRZPPJPDE62HNCS""}]",fail,KEEP 01KZ3JREEQCHN8S84D7458D829 只覆盖 June 15th 发布日，候选无每月第三个星期五的 sprint review；应为 gap。
023-b20260803-r3-0-00072-0-00072-q2,multi-hop,train,"When is Alex's sister's birthday, and what activity did Alex mention for the celebration?","Alex's sister's birthday is on May 27th, and Alex mentioned planning a picnic at a local park as a celebration.","Alex’s sister is visiting next week and will stay at Alex’s place. || Alex is considering the Manta Ray Night Dive tour but is concerned about the cost. || Alex is planning a vacation to Hawaii. || Alex needs to confirm flight details and hotel bookings for the upcoming trip to Europe. || Alex planned a family trip to Japan in March. || Alex’s return flight from the trip is on June 10th. || Alex’s sister’s birthday is on May 27th. || Alex wants to celebrate their daughter’s 10th birthday with a small party at home. || Alex wants to stay at the Grand Hotel in Paris during the trip. || The snorkeling trip is suggested as a budget-friendly alternative to the Manta Ray Night Dive tour. || The trip duration is seven days, with three days allocated for Paris, two for Rome, and two for Barcelona.","[""01KZ3K4CD2CMBACNDHR3VFM17Y"", ""01KZ3K4CCV4804NGA3JJW098M4"", ""01KZ3K4CCRZQGXJMDSY1042C0C"", ""01KZ3K3ZJ0BVC9FNWHFHQV1GJ3"", ""01KZ3K3P5B9JPZ9G5SV5YR6QDA"", ""01KZ3K3ZJ3WJ99SVVZ6G8M3VDJ"", ""01KZ3K3ZJ51RTFMV1Q3TH8Y42T"", ""01KZ3K4CCZ1P6P83AK9B19CQ2G"", ""01KZ3K3ZJ2K31F2SB1G2SBDQBC"", ""01KZ3K4CCXZPVF562XFXDMBKQV"", ""01KZ3K3ZJ4PT2TN7WQ2SR52AJF""]","[0, 1, 2, 3, 4, 5, 6, 7, 8, 9, 10]","[[""01KZ3K3ZJ9X5RK5NJ54MC0841K""], [""01KZ3K3ZJ889M0W94T5Q7B6AKE"", ""01KZ3K3ZJ8FMJ2MQEAVAD3XHE1""], [""01KZ3K3ZJ7QX8JGB945716T5K2""], [""01KZ3K3P5NDJ905J4X2DMDJD68""], [""01KZ3K3D2Y9AGPPGVMXMY2BV21""], [""01KZ3K3P5P2TH6GKYY1AHS03R6""], [""01KZ3K3P5Q744J7NHE37ER250H""], [""01KZ3K3ZJ83JDTG9Z2MJW0PAF0""], [""01KZ3K3P5NDJ905J4X2DMDJD68""], [""01KZ3K3ZJ83JDTG9Z2MJW0PAF0""], [""01KZ3K3P5QKACPS2ECTJGN2HBE""]]","{""entities"": [""Alex"", ""Alex's""], ""time_constraints"": [], ""operands"": [], ""list_cardinality"": {""known"": false, ""count"": 0}, ""update_state"": """", ""gap"": null}",[],pass,
023-b20260803-r3-0-00077-0-00077-q2,multi-hop,train,When did Dana start her home-lab project and what did she say about the server model she was initially using?,Dana started her home-lab project in 2024 and she was initially using an Intel NUC 12 Pro with 16GB RAM and an SSD.,"Dana added 16GB of RAM to her server on 2025-12-18. || Dana encountered network configuration issues with the home-lab project. || Dana faced compatibility issues during the integration of Alexa with HomeAutomationAPI. || Dana got the network up and running but now faces performance bottlenecks related to storage. || Dana hopes to complete the basic configuration of the new server by next week. || Dana installed the latest OS version and configured network settings on the new server. || Dana integrated voice commands through Alexa into her HomeAutomationAPI project. || Dana is considering upgrading to NVMe drives for storage on the home-lab project. || Dana is testing a new Raspberry Pi model for handling multiple services efficiently. || Dana is using an Intel NUC 12 Pro with 16GB RAM and an SSD for her home-lab project. || Dana is working on security configurations for the new server. || Dana plans to install a database, web servers, and monitoring tools on the new server. || Dana received a new server and began setting it up on 2026-02-10. || Dana's home-lab project aims to test new software configurations and improve her DevOps skills. || Dana started her home-lab project in 2024. || Dana typically runs around 5 virtual machines on her server, including OSes like Ubuntu and Windows Server. || Dana updated the project documentation on March 8th, including recent changes and fixes. || Dana updated the security protocols in her HomeAutomationAPI project. || Dana will set up backups after installing applications on the new server.","[""01KZ3K9446NEMS80YS33PX7KWG"", ""01KZ3K9D63X6X4QDY4VDKWACBY"", ""01KZ3K9448W8B2HYYNNGDMM5ZK"", ""01KZ3K9D66VWVRJMCY5XC1RW9R"", ""01KZ3K8WCBV6W1C7KZWS04ZMY6"", ""01KZ3K8WC2T0RNYS4AV0C321BJ"", ""01KZ3K9447KA4Z189FE7R4B3WV"", ""01KZ3K9D67990Q134J26HS4DJW"", ""01KZ3K944AK78SR43XE837775T"", ""01KZ3K8KE9H1CYWBYRZ4XNS44C"", ""01KZ3K8WC5AWZ6A152PA0NKZ0C"", ""01KZ3K8WC75DWK11RV060NF85R"", ""01KZ3K8WBZC0DJ3VW5HQZJADBF"", ""01KZ3K8KE8QE5EMZT0KYXC4N9P"", ""01KZ3K8KE6SW7MJ040R7D2NASQ"", ""01KZ3K8KEAPY2SPQ3H6QNDS1EV"", ""01KZ3K9D68AHGZ4J1TM3HMVG6B"", ""01KZ3K94491CMPW82DWFDY1PNW"", ""01KZ3K8WC9CPX0NCMJBDK3N7G8""]","[0, 1, 2, 3, 4, 5, 6, 7, 8, 9, 10, 11, 12, 13, 14, 15, 16, 17, 18]","[[""01KZ3K8WCD0HE0VV364ERV5GP8"", ""01KZ3K8WCDY2XR31HMREJVCSTV""], [""01KZ3K944BP7SKRF07NGE3JW26""], [""01KZ3K8WCEFKRQQK962E6SF908""], [""01KZ3K944BNYX12GC7RSRTNVB8""], [""01KZ3K8KEDC0VMQ70TXVN1723J""], [""01KZ3K8KEC1XG9Z6B6VP7G3HRT""], [""01KZ3K8WCEZ5W9FRMDTS7G1E9A""], [""01KZ3K944BB1AGTZGFBNDH9611""], [""01KZ3K8WCEHHE5G4PQS7SH85BF""], [""01KZ3K8DAE5YTGSDXEX7ST2JSE""], [""01KZ3K8KEC1XG9Z6B6VP7G3HRT""], [""01KZ3K8KEDHDQ1168Q2JX0J7WE""], [""01KZ3K8KEC1XG9Z6B6VP7G3HRT""], [""01KZ3K8DADEKG02GBJGMKPBA2C""], [""01KZ3K8DAC6RM99N42389TW8NV""], [""01KZ3K8DAFETHJYFJ6TFT9B2G5""], [""01KZ3K944C0FVEDX17CMA83ZCD""], [""01KZ3K8WCEZ5W9FRMDTS7G1E9A""], [""01KZ3K8KEDHDQ1168Q2JX0J7WE""]]","{""entities"": [""Dana""], ""time_constraints"": [], ""operands"": [], ""list_cardinality"": {""known"": false, ""count"": 0}, ""update_state"": """", ""gap"": null}","[{""kind"": ""KEEP"", ""candidate_id"": ""01KZ3K944AK78SR43XE837775T"", ""source_id"": ""01KZ3K8WCEHHE5G4PQS7SH85BF""}]",fail,KEEP 01KZ3K944AK78SR43XE837775T 是测试 Raspberry Pi；应 KEEP 01KZ3K8KE6SW7MJ040R7D2NASQ、01KZ3K8KE9H1CYWBYRZ4XNS44C。
023-b20260803-r3-0-00047-0-00047-q2,multi-hop,train,"What protocol did Sam implement to reduce latency in his distributed system simulations, and when did he plan to start implementing the changes?",Sam implemented a new algorithm for his custom protocol to reduce latency. He planned to start implementing the changes this week.,"Managing security groups and network configurations was also a challenge for Sam during his setup with AWS. || Sam has completed the literature review and is in the experimental phase of his thesis on distributed systems. || Sam has encountered issues with the distributed simulation setup. || Sam has made progress on his thesis with distributed system simulations. || Sam implemented an algorithm to reduce latency in node communication. || Sam is gathering more data for his thesis case studies. || Sam is testing three main protocols: TCP, UDP, and a custom protocol he developed. || Sam is using AWS for his cloud environment due to its robust infrastructure and wide range of services. || Sam needs to ensure the system can handle increased load as more nodes are added. || Sam observed diminishing returns in scalability with increased node numbers. || Sam plans to discuss potential optimizations for better scalability in his thesis. || Sam plans to explore fault tolerance next by integrating his protocol with existing load balancers. || Sam plans to publish his findings at a conference this summer. || Sam plans to start implementing changes in his simulation this week. || Sam plans to use gRPC for inter-node communication in his simulation. || Sam prefers to work independently on setting up his development environment. || Sam's custom protocol shows a 20% reduction in latency compared to TCP under high load conditions. || Sam's thesis topic is unknown. || Sam updated his project timeline to reflect the decision to use gRPC. || Sam will meet with his advisor on Friday to discuss the next steps. || Setting up multiple instances and ensuring proper communication was a challenge for Sam during his setup with AWS.","[""01KZ3J5EZHV60DA48HTTTX3TA8"", ""01KZ3J5EZCA6MDZEWT8Q4JG16Q"", ""01KZ3J67GAVC3A0NE109T21ZQT"", ""01KZ3J5S32TAR5X3A9F2HK0B2X"", ""01KZ3J5S34S2DHZQBW5Q78TYR0"", ""01KZ3J5S35AYYJHTDH3P0MAX10"", ""01KZ3J5EZD83HXVBDFZN0KEX9Y"", ""01KZ3J5EZFC555DTVH5BHJYY4R"", ""01KZ3J67GHZKXH9SYPSEMQ4AWW"", ""01KZ3J5S3651BB95DNYHESTJSK"", ""01KZ3J5S37ED4REG7B9BY1FW5X"", ""01KZ3J5EZKA51B3WQT3EWCK5ZN"", ""01KZ3J5EZKSJJVZDVJZA3SS8FP"", ""01KZ3J67GFXPY3BXKA7QW4VY8K"", ""01KZ3J67GCZ7VTX1AW6RNC87G1"", ""01KZ3J67GHY5XT10MNDA7957RA"", ""01KZ3J5EZJQZ7SAF3M396TAV5A"", ""01KZ3J51FBJ7HHVA3NDWHA90B0"", ""01KZ3J67GEYXTTC8QRNZF06NXD"", ""01KZ3J67GGV6F12YWXZB263BJQ"", ""01KZ3J5EZG59J7Q26FH29CCE5X""]","[0, 1, 2, 3, 4, 5, 6, 7, 8, 9, 10, 11, 12, 13, 14, 15, 16, 17, 18, 19, 20]","[[""01KZ3J51FEXBQVK9FFHAW219KB""], [""01KZ3J51FDHYG2VGM88Y1B9W7X""], [""01KZ3J5S38ATGX0EMXW88PXJSB""], [""01KZ3J5EZM15ZS8DM8WYFV82WJ""], [""01KZ3J5EZMME4VR8DW44MYSAXQ""], [""01KZ3J5EZNN4C122DYMJP76FDZ""], [""01KZ3J51FEWJDSBJR383WHKT3G""], [""01KZ3J51FEWJDSBJR383WHKT3G""], [""01KZ3J5S3BMN1Z818CHDZ4J2CA""], [""01KZ3J5EZNJK57ZRSFPF3Z6AJA""], [""01KZ3J5EZP0YEKBH21CFAYCMW1""], [""01KZ3J51FG081YQ6P72WVAMA71""], [""01KZ3J51FG081YQ6P72WVAMA71""], [""01KZ3J5S3AQPDAYPE18R87MHNR""], [""01KZ3J5S39A9XHMW4T0J4CSBMQ""], [""01KZ3J5S3AJ26R3ZCE5CGCW3G0""], [""01KZ3J51FFGK94DMW8GA60C0Q1""], [""01KZ3J50M0XHG25X3HS35SDDAV""], [""01KZ3J5S39SXWM9PMYDTBW94AH""], [""01KZ3J5S3A5VD24VM7CWMGSZS6""], [""01KZ3J51FEXBQVK9FFHAW219KB""]]","{""entities"": [""Sam""], ""time_constraints"": [], ""operands"": [], ""list_cardinality"": {""known"": false, ""count"": 0}, ""update_state"": """", ""gap"": null}","[{""kind"": ""KEEP"", ""candidate_id"": ""01KZ3J5S34S2DHZQBW5Q78TYR0"", ""source_id"": ""01KZ3J5EZMME4VR8DW44MYSAXQ""}, {""kind"": ""KEEP"", ""candidate_id"": ""01KZ3J67GFXPY3BXKA7QW4VY8K"", ""source_id"": ""01KZ3J5S3AQPDAYPE18R87MHNR""}]",fail,现有 KEEP 覆盖降延迟算法和 this week，但未证明该算法属于 custom protocol；还应 KEEP 01KZ3J5EZJQZ7SAF3M396TAV5A。
023-b20260803-r3-0-00147-0-00147-q2,multi-hop,train,When did Dana update her servers and add a new Raspberry Pi 4 to her home lab?,Dana updated her servers on January 15th and added a new Raspberry Pi 4 to her home lab on April 16th.,Dana added a couple of GPUs to her home-lab on January 2026-01-15. || Dana added a new server to her home-lab last month. || Dana added a new server to her lab setup on 2026-03-15. || Dana experienced a 30% reduction in training time after upgrading her hardware. || Dana faced driver issues with the new GPUs but resolved them. || Dana faced issues with network latency after updating the firmware on the server a couple of weeks ago. || Dana is a software engineer. || Dana is experimenting with AI models for predictive maintenance in her home-lab. || Dana maintains a home lab for testing software configurations. || Dana plans to add more RAM to her home-lab soon. || Dana plans to consider better cooling solutions for her home-lab as GPU count increases. || Dana started AI model experiments on January 2026-01-15. || Dana uses Ansible for server automation.,"[""01KZ3NQTRDX050JTY23K5PPXFM"", ""01KZ3NR84GAPQFNRRGE9HBH7EN"", ""01KZ3NQFVMT273WDG9AA322HAQ"", ""01KZ3NQTRGJEMFKVSMQXPY62K3"", ""01KZ3NQTRH1AFF94WWHZ6KKB5Q"", ""01KZ3NR84KS4B0G22VTBBZH10Q"", ""01KZ3NQDY53Q0E4EM4K22YTK5A"", ""01KZ3NR84N2MDMY4YTAPMNWV3G"", ""01KZ3NQDY7V1MEZBMP6A6026NA"", ""01KZ3NQTRHAY52KKY2FRE9B9EB"", ""01KZ3NQTRJCR6P0PNCKEDFVVJH"", ""01KZ3NQTRF9JHH48SZEJAPWNMA"", ""01KZ3NQDYFEVHJFKN1HBKGY7TX""]","[0, 1, 2, 3, 4, 5, 6, 7, 8, 9, 10, 11, 12]","[[""01KZ3NQFVN87KCB1HS56FSDTP0""], [""01KZ3NQTRKPCWHAFH6HJVVVE9P""], [""01KZ3NQDYJ92RHFBKEMCVYRH27""], [""01KZ3NQFVPC40X6YRDHTBT633B""], [""01KZ3NQFVP87640YJYA26SRKSS""], [""01KZ3NQTRKMKZAX54VRJE7KC4D"", ""01KZ3NQTRKXJDVEZGDYC850SYX""], [""01KZ3NQ3DQRN6ZD3WES973M0AM""], [""01KZ3NQTRMC2A08K04R733DPW8""], [""01KZ3NQ3DQRN6ZD3WES973M0AM""], [""01KZ3NQFVPGXYP15T6PY25YG2H""], [""01KZ3NQFVPGXYP15T6PY25YG2H""], [""01KZ3NQFVNZZZACVR9TDWX9FHZ""], [""01KZ3NQ3DTQGQ6HA710031JH6M""]]","{""entities"": [""Dana"", ""Pi"", ""Raspberry""], ""time_constraints"": [], ""operands"": [], ""list_cardinality"": {""known"": false, ""count"": 0}, ""update_state"": """", ""gap"": null}","[{""kind"": ""KEEP"", ""candidate_id"": ""01KZ3NQTRDX050JTY23K5PPXFM"", ""source_id"": ""01KZ3NQFVN87KCB1HS56FSDTP0""}, {""kind"": ""KEEP"", ""candidate_id"": ""01KZ3NR84KS4B0G22VTBBZH10Q"", ""source_id"": ""01KZ3NQTRKMKZAX54VRJE7KC4D""}]",fail,KEEP 01KZ3NQTRDX050JTY23K5PPXFM 是 1 月 15 日加 GPU，01KZ3NR84KS4B0G22VTBBZH10Q 是数周前更新固件；均不支持服务器更新及 4 月 16 日加 Raspberry Pi，应为 gap。
023-b20260803-r3-0-00197-0-00197-q2,multi-hop,train,When is Sarah's birthday and has her celebration date changed from the previous conversation?,Sarah's birthday is on May 12th.,"Sarah’s birthday is on May 12th. || Alex and the assistant will collaborate on decorating for Sarah’s birthday party. || Alex is considering setting up a photo booth with movie character themes for Sarah’s birthday party. || Alex is planning a family trip to Paris with his wife, Tom, Sarah, and himself. || Alex is planning a small gathering for Sarah’s birthday at home. || Alex's daughter Sarah's birthday is on June 15th. || Alex will handle the food and cake for Sarah’s birthday party. || Sarah's birthday is on February 20th, 2026. || Sarah wants a small gathering at home for her birthday. || The assistant suggested a Japanese theme for Sarah’s birthday party.","[""01KZ3QJ8FAE801Z7P900QTMDYJ"", ""01KZ3QHT8QH3CFY7THJS8K1FE0"", ""01KZ3QHT8JFZREZAH78GKS6VNH"", ""01KZ3QHBXRADHGRK84K2DSG37W"", ""01KZ3QHT8GRTRD4W4Y52NEGG1X"", ""01KZ3QHBY00MJ6EBMFR1WHWZC4"", ""01KZ3QHT8MBP832Y32MDPT2GEH"", ""01KZ3QHT8F4624K8AB4VJ6B3PA"", ""01KZ3QHT8P9XQMA4F0JX9SEZCK"", ""01KZ3QJ8F6JCD6YCRST7GR2GQM""]","[0, 1, 2, 3, 4, 5, 6, 7, 8, 9]","[[""01KZ3QJ260M59P7FGVR7T7W4SW"", ""01KZ3QJ261K1JCJ3SYPB9QXVCJ""], [""01KZ3QHBYA0NXAXG3JY23M23MR"", ""01KZ3QHBYA0XKCG5ACXDH9CY0W""], [""01KZ3QHBY9R0B3MXFRG9EMN58K""], [""01KZ3QGY1XX29GXNTHWQGER59K"", ""01KZ3QGY1YCTYSEKVVZX2076AJ""], [""01KZ3QHBY9NXW88VK2W65TKCAF""], [""01KZ3QGY1XX29GXNTHWQGER59K""], [""01KZ3QHBYA0XKCG5ACXDH9CY0W""], [""01KZ3QHBY8T72TH2JEJGWY9DXZ""], [""01KZ3QHBY9NXW88VK2W65TKCAF""], [""01KZ3QJ261JR5STT84J78D2V6Y""]]","{""entities"": [""Sarah's""], ""time_constraints"": [], ""operands"": [], ""list_cardinality"": {""known"": false, ""count"": 0}, ""update_state"": """", ""gap"": null}","[{""kind"": ""KEEP"", ""candidate_id"": ""01KZ3QJ8FAE801Z7P900QTMDYJ"", ""source_id"": ""01KZ3QJ260M59P7FGVR7T7W4SW""}]",pass,
023-b20260803-r3-0-00023-0-00023-q2,multi-hop,train,"When did Dana mention she started her home-lab project, and what did she say about the number of Raspberry Pis she planned to use?","Dana mentioned she started her home-lab project about two months ago, which would be around early February, and she planned to use three Raspberry Pis.","Dana added a new server with a Ryzen 9 7950X processor in March 2026. || Dana added profiling tools to identify bottlenecks in her home-lab project. || Dana encountered a small issue with network configuration during the setup of the new server in March 2026. || Dana expects to complete the security feature additions to her home-lab project by the end of next week. || Dana finalized the network setup after tweaking the network configuration settings in March 2026. || Dana finds Prometheus and Grafana working well for detailed metrics and easy dashboard creation in March 2026. || Dana finished setting up the new hardware for her home-lab project last week. || Dana has been optimizing the code for better performance in her home-lab project. || Dana has been working on setting up a mini cloud server at home using Raspberry Pi 4s. || Dana integrated the latest TensorFlow version into her home-lab project. || Dana is considering using a smaller GPU model to address power consumption issues in her project. || Dana is exploring the use of renewable energy sources like solar panels for her home-lab project. || Dana is facing challenges with power consumption in her home-lab project. || Dana is using neural network architecture tweaks to reduce latency in her project. || Dana plans to add security features to her home-lab project, starting with installing a firewall and setting up intrusion detection systems. || Dana plans to host a local workshop for AI enthusiasts by the end of June. || Dana plans to use three Raspberry Pi 4s in her home-lab project. || Dana resolved a minor issue with the network configuration during the setup of her home-lab project. || Dana started experimenting with Prometheus and Grafana for monitoring the new server in March 2026.","[""01KZ3HARTB8T9RJ2XRCV6JRZ0H"", ""01KZ3HAD86NZV7XARVETXB762H"", ""01KZ3HARTE0TF0KVB0017DNHFJ"", ""01KZ3HA1D842XYAVTCA6JB2DRN"", ""01KZ3HARTGYGNRGY0Z6MV75YVM"", ""01KZ3HARTMXQ14MT8ZZ99X0VV8"", ""01KZ3HA1D0DMW0R1RV34SHETH3"", ""01KZ3HAD83M677E1TZ3PCXD5N7"", ""01KZ3H9R6ZVKS93D9EBZG9R4Z0"", ""01KZ3HAD80MF50JH5PQE5ER3VZ"", ""01KZ3HAD875PJ3S65GKRE7N601"", ""01KZ3HAD88J7J0SARRHEMHVAH0"", ""01KZ3HAD87P56K5MDFG2FFPZTA"", ""01KZ3HAD85APMHV5KA900PBE9Y"", ""01KZ3HA1D695SRVGHWMB35WA73"", ""01KZ3HAD894Z6Q31NJ57B6JAEX"", ""01KZ3H9R72YGWP3XE1WFSVZSHQ"", ""01KZ3HA1D3HMEVDNFEDS74YNQ0"", ""01KZ3HARTJVJS2W6MB9GKRDBMH""]","[0, 1, 2, 3, 4, 5, 6, 7, 8, 9, 10, 11, 12, 13, 14, 15, 16, 17, 18]","[[""01KZ3HAD8A2W1WCD3133YT2PA9""], [""01KZ3HA1DBBPRHHBX0ZM8NPJQ5""], [""01KZ3HAD8A0A9BWW47DPT4TZTJ""], [""01KZ3H9R76SCK5BG4D81FYT945""], [""01KZ3HAD8AP6CD86C593E9BY47""], [""01KZ3HAD8B10QAS1V21F9H4SRX""], [""01KZ3H9R75SY3RG0GTJ0CQ6YZP""], [""01KZ3HA1DAZZRMD83DZ1MRCXA5""], [""01KZ3H9HRMEV79N09MZTZFDMCJ""], [""01KZ3HA1DAZZRMD83DZ1MRCXA5""], [""01KZ3HA1DC08WXE7JWQEGZ878T""], [""01KZ3HA1DC08WXE7JWQEGZ878T""], [""01KZ3HA1DC514600RBCZ0JEQM8""], [""01KZ3HA1DBBPRHHBX0ZM8NPJQ5""], [""01KZ3H9R76TX2RZNKD9XCJB7HF""], [""01KZ3HA1DD32R7VM1A2TCE6JMY""], [""01KZ3H9HRN9FHC1PZ9C36Z8CBX""], [""01KZ3H9R75SY3RG0GTJ0CQ6YZP""], [""01KZ3HAD8BCYA1SQEHSBSVM2EM""]]","{""entities"": [""Dana"", ""Pis"", ""Raspberry""], ""time_constraints"": [], ""operands"": [], ""list_cardinality"": {""known"": false, ""count"": 0}, ""update_state"": """", ""gap"": null}","[{""kind"": ""KEEP"", ""candidate_id"": ""01KZ3HAD80MF50JH5PQE5ER3VZ"", ""source_id"": ""01KZ3HA1DAZZRMD83DZ1MRCXA5""}, {""kind"": ""KEEP"", ""candidate_id"": ""01KZ3HA1D695SRVGHWMB35WA73"", ""source_id"": ""01KZ3H9R76TX2RZNKD9XCJB7HF""}, {""kind"": ""KEEP"", ""candidate_id"": ""01KZ3HAD894Z6Q31NJ57B6JAEX"", ""source_id"": ""01KZ3HA1DD32R7VM1A2TCE6JMY""}]",fail,三个现有 KEEP 均无所问信息；候选 01KZ3H9R72YGWP3XE1WFSVZSHQ 也只覆盖三台 Raspberry Pi，缺 about two months ago，故应为 gap。
023-b20260803-r3-0-00106-0-00106-q2,multi-hop,train,"When does Lily's birthday party take place, and how does it compare to the date of the Japan trip?","Lily's birthday party is on June 20th, which is a week before the Japan trip starting on July 1st.","Alex has a family trip planned to Japan in July. || Alex's friend Mike's daughter, Lily, is having a birthday party on June 20th, 2026. || Alex's friend Mike's daughter, Lily, will host her birthday party at her house.","[""01KZ3M94CF0ZTJ19RZAMBNQ20C"", ""01KZ3M94CTD8GC65QNF2AYFPTT"", ""01KZ3M94CVBCFPB6MGBFYPYNVK""]","[0, 1, 2]","[[""01KZ3M8RDBAF2AT1YNA4VD1GAX""], [""01KZ3M8RDDSG4MSB7AN76CM051""], [""01KZ3M8RDDSG4MSB7AN76CM051""]]","{""entities"": [""Japan"", ""Lily's""], ""time_constraints"": [], ""operands"": [{""name"": ""compare"", ""satisfied"": false}], ""list_cardinality"": {""known"": false, ""count"": 0}, ""update_state"": """", ""gap"": null}","[{""kind"": ""KEEP"", ""candidate_id"": ""01KZ3M94CTD8GC65QNF2AYFPTT"", ""source_id"": ""01KZ3M8RDDSG4MSB7AN76CM051""}, {""kind"": ""KEEP"", ""candidate_id"": ""01KZ3M94CVBCFPB6MGBFYPYNVK"", ""source_id"": ""01KZ3M8RDDSG4MSB7AN76CM051""}]",fail,KEEP 01KZ3M94CTD8GC65QNF2AYFPTT 只覆盖 Lily 生日，01KZ3M94CVBCFPB6MGBFYPYNVK 只覆盖地点；没有候选给出 Japan trip 的 July 1st，无法支持一周前的比较。
023-b20260803-r3-0-00166-0-00166-q2,multi-hop,train,"In which month did Sam decide to start implementing peer-to-peer networking for his project, and when did he expect to finish his initial tests on his self-healing mechanisms?","Sam decided to start implementing peer-to-peer networking next week (around March 17th), and he expected to finish his initial tests on his self-healing mechanisms by early May.",Dr. Chen said she would provide initial feedback on Sam’s thesis proposal draft this week. || Sam expects to start coding by mid-April and finish initial tests by early May. || Sam found several papers on fault-tolerant consensus that could be useful for his thesis proposal. || Sam has been using time-blocking to manage his time between reviewing papers and updating his thesis. || Sam has been working on optimizing data synchronization in his thesis. || Sam has been working on optimizing the read and write operations of a project involving a distributed storage system. || Sam has been working on the architecture section of his thesis proposal. || Sam is focusing on failover strategies to improve system reliability in the distributed storage system project. || Sam is planning to implement adaptive quorum sizes based on network conditions and resource availability to mitigate network latency and resource usage issues. || Sam is using a quorum-based approach to ensure strong consistency in the distributed storage system project. || Sam met with Dr. Lee on March 5th to discuss potential improvements for his thesis. || Sam needs to finalize his thesis proposal by the end of next week. || Sam needs to present his findings at a conference in June. || Sam plans to start implementing peer-to-peer networking next week. || Sam plans to use Cassandra for testing self-healing mechanisms in his distributed database project. || Sam ran some tests with a subset of the data to evaluate the quorum-based approach in the distributed storage system project. || Sam's thesis focuses on improving fault tolerance in distributed databases using self-healing mechanisms. || Sam sent an email to Dr. Chen with his thesis proposal draft for feedback. || Sam updated his timeline and aims to have his thesis proposal ready by the end of next week. || The deadline for Sam's thesis is June 15th.,"[""01KZ3PFFH534KMVRZRN3N90DM4"", ""01KZ3PEE2MD6WT0B9J688D8D49"", ""01KZ3PFFGWADYAFNH5PR8H7XEE"", ""01KZ3PFFH08N2V2S83BNWA92JJ"", ""01KZ3PENYN6FBNRPMZXYJDBZN1"", ""01KZ3PF1HDV4JRVARXK98K9S18"", ""01KZ3PFFGSK35BKSRP1V1YYASR"", ""01KZ3PF1HM3DZ69H70K7FQ50WV"", ""01KZ3PF1HJAZGJZGR57RMXV4Q5"", ""01KZ3PF1HFYDXJE7JF6M05W92Z"", ""01KZ3PENYPQY3AG4M9P47ZY23V"", ""01KZ3PFFGQ0VEV3WXTANJ3DXG7"", ""01KZ3PEE2PZ66Y65JKESZR0WSK"", ""01KZ3PENYRCX4G0R5JEMASHHCN"", ""01KZ3PEE2JS6MHCDPX9D31BN4B"", ""01KZ3PF1HHBEQDVWN411B5DN95"", ""01KZ3PEE2GX8SDZRQBQY95ZG04"", ""01KZ3PFFH2ZXNC66D16HFK85FM"", ""01KZ3PFFGYC0E8YE63F6C01AJW"", ""01KZ3PENYS0HS3T097NTD524DS""]","[0, 1, 2, 3, 4, 5, 6, 7, 8, 9, 10, 11, 12, 13, 14, 15, 16, 17, 18, 19]","[[""01KZ3PF1HQ3ZD81PHYEF8P4Q4R""], [""01KZ3PE5PM97XG0JNM3Z12ESP9""], [""01KZ3PF1HPZXVY1EY46KZ5DMVF""], [""01KZ3PF1HPTFVGDE4QMFAAWZP8""], [""01KZ3PEE2QGCKWJHSVSF38EKBR""], [""01KZ3PENYT3YCZ6J1AJ3CBB5JT""], [""01KZ3PF1HN7G3PSGQKVDHASHPQ""], [""01KZ3PENYWTQP1VX77N92F1EF7""], [""01KZ3PENYVSYNWNJ84QJMPFD75""], [""01KZ3PENYTFDE5NTXW3XK1K9SR""], [""01KZ3PEE2R12A1RK5TD3B1C31W""], [""01KZ3PF1HNC2ESMKKW8W6QE2SQ""], [""01KZ3PE5PNQRS8N2XM7AV4QPQ4""], [""01KZ3PEE2RBPXV9THF3AR40KN6""], [""01KZ3PE5PMYAQQZ969Q6BY340M""], [""01KZ3PENYVWJNFRMB29464G03A""], [""01KZ3PE5PMW3DEJQDM35BX5TSY""], [""01KZ3PF1HQ3ZD81PHYEF8P4Q4R""], [""01KZ3PF1HPZXVY1EY46KZ5DMVF""], [""01KZ3PEE2SXZ3R728SEGCKXT3P""]]","{""entities"": [""Sam""], ""time_constraints"": [], ""operands"": [], ""list_cardinality"": {""known"": false, ""count"": 0}, ""update_state"": """", ""gap"": null}","[{""kind"": ""KEEP"", ""candidate_id"": ""01KZ3PFFGQ0VEV3WXTANJ3DXG7"", ""source_id"": ""01KZ3PF1HNC2ESMKKW8W6QE2SQ""}, {""kind"": ""KEEP"", ""candidate_id"": ""01KZ3PEE2PZ66Y65JKESZR0WSK"", ""source_id"": ""01KZ3PE5PNQRS8N2XM7AV4QPQ4""}, {""kind"": ""KEEP"", ""candidate_id"": ""01KZ3PFFGSK35BKSRP1V1YYASR"", ""source_id"": ""01KZ3PF1HN7G3PSGQKVDHASHPQ""}]",fail,三个现有 KEEP 均无关；应 KEEP 01KZ3PENYRCX4G0R5JEMASHHCN、01KZ3PEE2MD6WT0B9J688D8D49，分别覆盖下周开始 P2P 与 early May 完成初测。
023-b20260803-r3-0-00161-0-00161-q2,multi-hop,train,When did Sam mention he planned to start refining his methods based on initial findings after having enough data to start analyzing?,By mid-March,"Sam and his team decided to integrate microservices into the thesis project during a brainstorming session. || Sam and the assistant discussed the order of development for the prototype, with the recommendation to start with the client-side. || Sam anticipates having preliminary results by mid-March. || Sam found online courses and a book to help understand Paxos better. || Sam has been reading up on Paxos and Raft. || Sam has collected more data on network performance for his thesis. || Sam has drafted an outline for his defense presentation and plans to polish it over the weekend. || Sam has finalized the architecture part of his thesis blueprint with his advisor. || Sam has made progress on his thesis since the last meeting on 2026-03-15. || Sam is exploring different quorum sizes for replication in his thesis. || Sam is moving on to developing a prototype for his thesis. || Sam is using a case study from TechInnovate for his thesis. || Sam is using Cassandra for his thesis experiments due to its strong consistency model. || Sam is working on a chapter about consensus algorithms in distributed networks. || Sam is working on a thesis about improving fault tolerance in distributed databases. || Sam plans to compare his methods against standard configurations. || Sam plans to discuss the real-world applications of consensus algorithms in cloud computing and blockchain technology. || Sam plans to highlight how consensus algorithms improve system scalability and fault tolerance. || Sam plans to refine his methods based on initial findings after mid-March. || Sam plans to run simulations next week to test his optimized algorithm. || Sam reduced latency by 20% in the algorithm for data replication in distributed networks. || Sam's thesis specifically focuses on enhancing data replication strategies in distributed databases. || Sam wants to ensure robust security protocols for the thesis project. || Sam was focusing on the design phase of his thesis, which includes architecture and initial prototypes, as of 2026-03-15. || Sam will use metrics like mean time to recover (MTTR), system availability, and throughput under various failure scenarios to measure the success of his enhancements.","[""01KZ3P8ZDTQ22PDNAZ3J0RDK3M"", ""01KZ3P8ZDQK3YXD7G9AR14PYGF"", ""01KZ3P83HJJKSEZAZB0PEC6SGD"", ""01KZ3P8GJ3ZWDW4Y16SJHAQR8G"", ""01KZ3P8GJ0KF89PBZDVZ6GS3F5"", ""01KZ3P9AH9WGK92P648W2H7D2F"", ""01KZ3P9AHCW1PHP8E9ZMM1ZZ1E"", ""01KZ3P8ZDKEYJ1DCEVF8XZG5VH"", ""01KZ3P8ZDBQ8G8J8CJ233854G2"", ""01KZ3P83HG36PHCH2QT3E56K92"", ""01KZ3P8ZDNFYJE295J2FERATD7"", ""01KZ3P9AH8HRKS0V0J66C0GDAC"", ""01KZ3P83HFAE9PTQHCPS4RP5M5"", ""01KZ3P8GHYRMTD09Q241X72HR0"", ""01KZ3P83HCY2ABZ38MRCDAPHS8"", ""01KZ3P83HHYEM1693VNN7QZ9S1"", ""01KZ3P8GJ7P8M0NJ1X3SQBFSA0"", ""01KZ3P8GJ5XGNSTEXNZ7A6ZYAE"", ""01KZ3P83HKPG0TH1XFCWPTHNNP"", ""01KZ3P9AHAADQ0M2Z3X3PNZEF0"", ""01KZ3P9AH7CHK4FBC8RPY9XBJ9"", ""01KZ3P83HE5JW935MVJ2GABQAK"", ""01KZ3P8ZDWERAV73K9HB3DHM7R"", ""01KZ3P8ZDDACP1QXA3R9DSE97D"", ""01KZ3P83HHFC759WK8B798WMQB""]","[0, 1, 2, 3, 4, 5, 6, 7, 8, 9, 10, 11, 12, 13, 14, 15, 16, 17, 18, 19, 20, 21, 22, 23, 24]","[[""01KZ3P8GJ9ZD7BDYB5MY20X4EC""], [""01KZ3P8GJ9BB4GN6Y10VMZQXQ9""], [""01KZ3P7PM85E66TYGNKMZ0HR6Z""], [""01KZ3P83HNTKY695VR6SXC0Z2P""], [""01KZ3P83HMNS34JVBDXJAHTPDD""], [""01KZ3P8ZE5F0J12J7HXE0SHX04""], [""01KZ3P8ZE6954GBMN2QFJESHKN""], [""01KZ3P8GJ9JKYC5F5Q1GZ1WVKY""], [""01KZ3P8GJ8J1F3AEV2654VN5NV""], [""01KZ3P7PM6VK2E5XD9XP9CM12Z""], [""01KZ3P8GJ9JKYC5F5Q1GZ1WVKY""], [""01KZ3P8ZE4TD03QZGPK30QXAYV""], [""01KZ3P7PM6VK2E5XD9XP9CM12Z""], [""01KZ3P83HMNS34JVBDXJAHTPDD""], [""01KZ3P7PM58ECQETYVMH1GKKKR""], [""01KZ3P7PM7MEJZ5N0E44VHH8P7""], [""01KZ3P83HNBW8WR05NGJK8S002""], [""01KZ3P83HNBW8WR05NGJK8S002""], [""01KZ3P7PM85E66TYGNKMZ0HR6Z""], [""01KZ3P8ZE5NANZ2YK8RMK1NE1D""], [""01KZ3P8ZE3S1T361862DY516FS""], [""01KZ3P7PM58ECQETYVMH1GKKKR""], [""01KZ3P8GJANG7N8P17XD90RVTZ""], [""01KZ3P8GJ8J1F3AEV2654VN5NV""], [""01KZ3P7PM7MEJZ5N0E44VHH8P7""]]","{""entities"": [""Sam""], ""time_constraints"": [], ""operands"": [{""name"": ""after"", ""satisfied"": false}], ""list_cardinality"": {""known"": false, ""count"": 0}, ""update_state"": """", ""gap"": null}","[{""kind"": ""KEEP"", ""candidate_id"": ""01KZ3P83HKPG0TH1XFCWPTHNNP"", ""source_id"": ""01KZ3P7PM85E66TYGNKMZ0HR6Z""}]",fail,KEEP 01KZ3P83HKPG0TH1XFCWPTHNNP 明确说 after mid-March，与 gold 的 by mid-March 冲突。
023-b20260803-r3-0-00031-0-00031-q2,multi-hop,train,"When did Sam plan to meet his advisor to discuss his progress, and what was the suggested focus for his thesis according to Dr. Johnson?",Sam planned to meet his advisor on April 11th to discuss his progress. Dr. Johnson suggested focusing more on real-world applications in his thesis.,"Sam submitted initial drafts of his thesis to his advisor last month. || Sam will have a meeting with his advisor on April 11th to discuss his thesis work. || Sam aims to complete his thesis by the end of 2027. || Sam expects to finalize the chapter of his thesis soon with new simulations. || Sam finished the section on consensus algorithms for his thesis. || Sam has adjusted his timeline to end his research phase by the end of May and start writing the draft by June. || Sam has been keeping detailed logs for his thesis work. || Sam has made adjustments to his thesis based on feedback. || Sam is considering tech giants like Google and Amazon for his case studies on distributed systems. || Sam is focusing on exploring replication strategies in the fault tolerance chapter of his thesis. || Sam is focusing on Paxos and Raft algorithms for improving fault tolerance in distributed networks. || Sam is researching how to improve fault tolerance in distributed networks using consensus algorithms. || Sam is using both theoretical models and practical simulations on his lab’s cluster for his research. || Sam is working on optimizing network protocols for his thesis. || Sam met with Dr. Johnson today and she suggested focusing more on real-world applications in his thesis. || Sam needs to gather more data for the performance metrics part of his thesis. || Sam plans to add a section on potential practical uses in his thesis. || Sam plans to integrate real-world applications into his thesis using case studies from companies that have implemented similar distributed systems. || Sam plans to start experimenting with Paxos and Raft algorithms next month. || Sam plans to use network simulation software to test different scenarios for his thesis. || Sam started working on the chapter about fault tolerance mechanisms for his thesis. || Sam wants to include smaller, innovative startups in his thesis for a broader perspective on distributed systems. || Sam will run simulations through his thesis to check for improvements.","[""01KZ3HK4B9K4VAX7BRT09E29C5"", ""01KZ3HK4B8YJ5A51JCMBS8752Y"", ""01KZ3HJV7Z2CE42TQH24FTBNVT"", ""01KZ3HKMJSQ5Q7KA4WGXKW583M"", ""01KZ3HK4B3Y149Q1E6Z82CF7BV"", ""01KZ3HKCKDK7PZVZ24PPFZZHZ0"", ""01KZ3HKMJRX9MMV05YDX3SNTQH"", ""01KZ3HKMJQ8NKJBWB27K80ED1T"", ""01KZ3HKCKAS05W01P3FEQDE3KA"", ""01KZ3HK4BB0FYSV2X93Z8P736S"", ""01KZ3HJV7W7WA305Y3SMCV5XH9"", ""01KZ3HJV7S66RNZJZWVAKW57KG"", ""01KZ3HJV80QHBFXWSZF0HA9K3Q"", ""01KZ3HKMJJS2RVXQR17PXBXQ8J"", ""01KZ3HKCK4ZAXC3C03PWR9SYYV"", ""01KZ3HKMJN4TSMNKCCPK8GRC1D"", ""01KZ3HKCK9FTZYZRGK53P8N1K5"", ""01KZ3HKCK73BN8J4G4CBHM0HTA"", ""01KZ3HJV7YC9ZN8KP1P72KW0K1"", ""01KZ3HKMJP897VXZ212DGNMHP1"", ""01KZ3HK4B6RT2KN7V73PA63WDP"", ""01KZ3HKCKC38DAK4MZ2RQZ9GYE"", ""01KZ3HKMJR4NM6C4KY0C2G8666""]","[0, 1, 2, 3, 4, 5, 6, 7, 8, 9, 10, 11, 12, 13, 14, 15, 16, 17, 18, 19, 20, 21, 22]","[[""01KZ3HJV827ZRN432Q3J0PRDZ9""], [""01KZ3HJV81HZ9J96491P9AK5T3""], [""01KZ3HJJRDY1F821Y8NJFZGSQ1""], [""01KZ3HKCKHQ7B6NA9MGF69ZE42""], [""01KZ3HJV81S148A348NDMPTY9M""], [""01KZ3HK4BG4TMFRBD3S6HK5WE2""], [""01KZ3HKCKHQ7B6NA9MGF69ZE42""], [""01KZ3HKCKHG64A9RNXBGGCRZG1""], [""01KZ3HK4BE1A2TS7JXMMA3F3BP""], [""01KZ3HJV83DZWJGG6NGWK9CP0T""], [""01KZ3HJJRC8XTHZG407JVAD895""], [""01KZ3HJJRBQ0MSY3CMNX360HZ4""], [""01KZ3HJJRECZ60NQDNSST0KFFN""], [""01KZ3HKCKGSD5775MKGPZ7QSYJ""], [""01KZ3HK4BDBJ9KM7KNF0QZQV0X""], [""01KZ3HKCKG9TFPX85DF6N4YW9D""], [""01KZ3HK4BDF9Z5J8S1NF39KYJE""], [""01KZ3HK4BDF9Z5J8S1NF39KYJE""], [""01KZ3HJJRCCCPNB9RZN8JNAWE8""], [""01KZ3HKCKG04K3K8Q0KEPH8VTC""], [""01KZ3HJV81S148A348NDMPTY9M""], [""01KZ3HK4BF9H2XVJY1Q1H22GZT""], [""01KZ3HKCKHG64A9RNXBGGCRZG1""]]","{""entities"": [""Dr"", ""Johnson"", ""Sam""], ""time_constraints"": [], ""operands"": [], ""list_cardinality"": {""known"": false, ""count"": 0}, ""update_state"": """", ""gap"": null}","[{""kind"": ""KEEP"", ""candidate_id"": ""01KZ3HK4B8YJ5A51JCMBS8752Y"", ""source_id"": ""01KZ3HJV81HZ9J96491P9AK5T3""}, {""kind"": ""KEEP"", ""candidate_id"": ""01KZ3HJV80QHBFXWSZF0HA9K3Q"", ""source_id"": ""01KZ3HJJRECZ60NQDNSST0KFFN""}, {""kind"": ""KEEP"", ""candidate_id"": ""01KZ3HKMJJS2RVXQR17PXBXQ8J"", ""source_id"": ""01KZ3HKCKGSD5775MKGPZ7QSYJ""}, {""kind"": ""KEEP"", ""candidate_id"": ""01KZ3HJV7YC9ZN8KP1P72KW0K1"", ""source_id"": ""01KZ3HJJRCCCPNB9RZN8JNAWE8""}, {""kind"": ""KEEP"", ""candidate_id"": ""01KZ3HKMJR4NM6C4KY0C2G8666"", ""source_id"": ""01KZ3HKCKHG64A9RNXBGGCRZG1""}, {""kind"": ""KEEP"", ""candidate_id"": ""01KZ3HJV7S66RNZJZWVAKW57KG"", ""source_id"": ""01KZ3HJJRBQ0MSY3CMNX360HZ4""}, {""kind"": ""KEEP"", ""candidate_id"": ""01KZ3HKMJQ8NKJBWB27K80ED1T"", ""source_id"": ""01KZ3HKCKHG64A9RNXBGGCRZG1""}, {""kind"": ""KEEP"", ""candidate_id"": ""01KZ3HK4BB0FYSV2X93Z8P736S"", ""source_id"": ""01KZ3HJV83DZWJGG6NGWK9CP0T""}, {""kind"": ""KEEP"", ""candidate_id"": ""01KZ3HKMJN4TSMNKCCPK8GRC1D"", ""source_id"": ""01KZ3HKCKG9TFPX85DF6N4YW9D""}, {""kind"": ""KEEP"", ""candidate_id"": ""01KZ3HK4B6RT2KN7V73PA63WDP"", ""source_id"": ""01KZ3HJV81S148A348NDMPTY9M""}, {""kind"": ""KEEP"", ""candidate_id"": ""01KZ3HKMJRX9MMV05YDX3SNTQH"", ""source_id"": ""01KZ3HKCKHQ7B6NA9MGF69ZE42""}, {""kind"": ""KEEP"", ""candidate_id"": ""01KZ3HKCK4ZAXC3C03PWR9SYYV"", ""source_id"": ""01KZ3HK4BDBJ9KM7KNF0QZQV0X""}]",pass,
023-b20260803-r3-0-00101-0-00101-q2,multi-hop,train,"When is Sarah's wedding, and does Alex want to attend?","Sarah's wedding is on July 10th, and Alex will definitely go.","Alex and family plan to visit Japan in August. || Alex and the travel agent planned to meet on April 15th, 2026. || Alex is planning a family trip to Paris in May. || Alex is planning a trip to Paris with the kids for June 24-27, 2026. || Alex needs to renew his mother's passport before a trip to Europe later this year. || Alex's sister's wedding is on April 10th, 2026. || Alex wants to visit Kyoto and Hiroshima during the Japan trip. || Alex went on a family trip to Italy in March 2026. || Alex will meet with the travel agent after April 10th, 2026. || August in Japan can be hot and humid. || Sarah is getting married on July 10, 2026, at her family's cabin in Maine. || The itinerary for Kyoto includes visiting temples and gardens.","[""01KZ3M3Y5X2R260G8QMKXVE9TJ"", ""01KZ3M3MR8YKTWYB85D12Q3H9N"", ""01KZ3M44YH60KD2XERK12FSBDN"", ""01KZ3M3CSVQDY6GDKSCRS8JNCG"", ""01KZ3M3MRBWEKBNDM9QTK2K3YW"", ""01KZ3M3MR9N4GXK4PV45TQW417"", ""01KZ3M3Y5Z9SN9XJ1ESF1KJ85K"", ""01KZ3M3MR66DGFWNR72CRC163T"", ""01KZ3M3MRAS31J3T76W2CKN2M7"", ""01KZ3M3Y61GZJ3Y1HXNJN9QRM2"", ""01KZ3M3CSZT75S9XQ7Y4XM4B4S"", ""01KZ3M3Y61JAB55R4PMTTEFHX6""]","[0, 1, 2, 3, 4, 5, 6, 7, 8, 9, 10, 11]","[[""01KZ3M3MRCSMBYWWN0FNR9HG8R""], [""01KZ3M3CT0F1BM3TMWRH4NM7SX""], [""01KZ3M3Y637MBSP69ZK91EZM7Y""], [""01KZ3M36EWTMTN6JH2FWH03B66""], [""01KZ3M3CT25RD189FKA00K0VY1""], [""01KZ3M3CT1X2EMHVT3Q378A2BD""], [""01KZ3M3MRCGSGEF760TJ72YFAE""], [""01KZ3M3CT09BPN1AW04XDMDXW4""], [""01KZ3M3CT1VR9BPBDX8Y780ZY7""], [""01KZ3M3MRDMJNV6FQ8KHBE03WX""], [""01KZ3M36EXVM1AMFE6PQ8P154A""], [""01KZ3M3MRD3KVNJF6JM1AMSTV2""]]","{""entities"": [""Alex"", ""Sarah's""], ""time_constraints"": [], ""operands"": [], ""list_cardinality"": {""known"": false, ""count"": 0}, ""update_state"": """", ""gap"": null}","[{""kind"": ""KEEP"", ""candidate_id"": ""01KZ3M3Y61GZJ3Y1HXNJN9QRM2"", ""source_id"": ""01KZ3M3MRDMJNV6FQ8KHBE03WX""}]",fail,KEEP 01KZ3M3Y61GZJ3Y1HXNJN9QRM2 是日本天气；01KZ3M3CSZT75S9XQ7Y4XM4B4 只覆盖婚礼日期，候选仍未证明 Alex definitely attends，应为 gap。
023-b20260803-r3-0-00098-0-00098-q2,multi-hop,train,"What are the original and updated target release dates for the EcoBrite project, and when did Priya mention these dates?","The original target release date was October 15, 2026, and the updated target release date is now the 29th. Priya mentioned the original release date in the first session on 2026-05-06 and the updated release date in the second session on 2026-04-22.","Priya is managing the 'EcoBrite' project. || Alex is the technical lead for the EcoBrite project. || All products in the EcoBrite project must meet strict environmental standards. || John is the design lead for the EcoBrite project. || Priya is planning a soft launch for a product on July 15th and a full release on August 1st. || Priya's team uses Slack for quick updates and Trello for task management. || Sarah is the marketing specialist for the EcoBrite project. || The EcoBrite project aims to launch a new line of eco-friendly office supplies. || The EcoBrite project aims to launch with a minimum of 10 product items. || The target release date for the EcoBrite project is October 15, 2026.","[""01KZ3KZVTE5SN2EQ3AVYH5GEP6"", ""01KZ3KZVTM8EJSA09Z4G1T9YYS"", ""01KZ3KZVTN19J8CKGJDJ8GS35R"", ""01KZ3KZVTJTWA0F0XP7C99H9H2"", ""01KZ3M0QCVC2CSN7QYPEZ22DBM"", ""01KZ3KZVTQN9N66S5WXABJEYAS"", ""01KZ3KZVTKXN8TVP7YKE21A62S"", ""01KZ3KZVTHBJ1TTTKSQX2NAD0E"", ""01KZ3KZVTPZRT0MQ243HE5HX8E"", ""01KZ3KZVTG8S149T01EG65CQBH""]","[0, 1, 2, 3, 4, 5, 6, 7, 8, 9]","[[""01KZ3KZBBDVWM9N16V3WPZP0AB""], [""01KZ3KZBBEB0555KE1K9XYZJ0G""], [""01KZ3KZBBEVG1NGEWQR9ESQ3TJ""], [""01KZ3KZBBEB0555KE1K9XYZJ0G""], [""01KZ3M0DT0A52X9NQFDX6DTY91"", ""01KZ3M0DT1962GPS6G9F5X3EEB""], [""01KZ3KZBBFA0WKGH73H90CK3K7""], [""01KZ3KZBBEB0555KE1K9XYZJ0G""], [""01KZ3KZBBDVWM9N16V3WPZP0AB""], [""01KZ3KZBBEVG1NGEWQR9ESQ3TJ""], [""01KZ3KZBBDVWM9N16V3WPZP0AB""]]","{""entities"": [""EcoBrite"", ""Priya""], ""time_constraints"": [], ""operands"": [], ""list_cardinality"": {""known"": false, ""count"": 0}, ""update_state"": ""updated"", ""gap"": null}","[{""kind"": ""KEEP"", ""candidate_id"": ""01KZ3KZVTG8S149T01EG65CQBH"", ""source_id"": ""01KZ3KZBBDVWM9N16V3WPZP0AB""}, {""kind"": ""KEEP"", ""candidate_id"": ""01KZ3KZVTKXN8TVP7YKE21A62S"", ""source_id"": ""01KZ3KZBBEB0555KE1K9XYZJ0G""}, {""kind"": ""KEEP"", ""candidate_id"": ""01KZ3KZVTHBJ1TTTKSQX2NAD0E"", ""source_id"": ""01KZ3KZBBDVWM9N16V3WPZP0AB""}]",fail,KEEP 01KZ3KZVTG8S149T01EG65CQBH 只覆盖原日期，另两个 KEEP 无关；没有候选覆盖更新到 29th 及两次 session 日期。
023-b20260803-r3-0-00039-0-00039-q2,multi-hop,train,When did Dana start her home-lab project and what changes has she made to optimize server performance since then?,Dana started her home-lab project in March 2025 and has upgraded the SSDs and added more bandwidth to handle increased traffic during peak hours.,"Dana added a new router last month to improve bandwidth. || Dana added more bandwidth to the network configuration to handle increased traffic during peak hours. || Dana has been working on optimizing the server performance in her home-lab project. || Dana is working on a home-lab project with a tight schedule. || Dana plans to add a new feature—a cloud backup solution—to her home-lab project next week. || Dana's team hopes to begin the AI project in June. || Dana's team is planning to add one more developer next month. || Dana updated the project log with notes about server hardware and virtual machines for the demo. || Dana upgraded the SSDs to improve read/write speeds, achieving a 30% improvement in benchmarks.","[""01KZ3HWRSADK2XSPARANK6G8PH"", ""01KZ3HX1CHSH6PJRP1YMKGE1VG"", ""01KZ3HX1CE9D701D5NPTAH6DVY"", ""01KZ3HWGM9PS2KNHM0Z03VH6QD"", ""01KZ3HX1CPC88J8DF2HVBEJHDG"", ""01KZ3HWRSDW35NYCXWVYHJSEGX"", ""01KZ3HWRSCPZXRCZNGAW3VX2RR"", ""01KZ3HWGMEVEFX44C48YRGD5B5"", ""01KZ3HX1CF3NATNYRFKKFGA90T""]","[0, 1, 2, 3, 4, 5, 6, 7, 8]","[[""01KZ3HWGMH21TYWDQEA6N37TBD""], [""01KZ3HWRSF997Y04VCPHKCS0CQ""], [""01KZ3HWRSFJPAPGNRY3ZF99J4Z""], [""01KZ3HWAGZZ4VEWE9PCDERAAHZ""], [""01KZ3HWRSGS7T048EWY98S3YJT""], [""01KZ3HWGMKZDGX3CR0PFGNV795""], [""01KZ3HWGMKBVZQEATA6ZP4RHBX""], [""01KZ3HWAH228F5T34QZKH6YHBC""], [""01KZ3HWRSFMME1DMRJNHS8AJK5""]]","{""entities"": [""Dana""], ""time_constraints"": [], ""operands"": [], ""list_cardinality"": {""known"": false, ""count"": 0}, ""update_state"": """", ""gap"": null}","[{""kind"": ""KEEP"", ""candidate_id"": ""01KZ3HX1CE9D701D5NPTAH6DVY"", ""source_id"": ""01KZ3HWRSFJPAPGNRY3ZF99J4Z""}, {""kind"": ""KEEP"", ""candidate_id"": ""01KZ3HX1CF3NATNYRFKKFGA90T"", ""source_id"": ""01KZ3HWRSFMME1DMRJNHS8AJK5""}, {""kind"": ""KEEP"", ""candidate_id"": ""01KZ3HX1CHSH6PJRP1YMKGE1VG"", ""source_id"": ""01KZ3HWRSF997Y04VCPHKCS0CQ""}]",fail,现有 KEEP 覆盖 SSD 与带宽改动，但没有任何 KEEP 或候选覆盖 March 2025 启动项目；应为 gap。
023-b20260803-r3-0-00192-0-00192-q2,multi-hop,train,"When did Mei decide to switch her fresh produce supplier from Green Leaf Farms to Fresh Pick, and why?",Mei decided to switch her fresh produce supplier from Green Leaf Farms to Fresh Pick starting next week because Fresh Pick offered a better price and more flexible delivery schedules.,"Mei booked a group of 20 for a private event on March 31, 2026. || Mei has several new bookings confirmed for this weekend: 15 for Saturday evening and 8 for Sunday lunch. || Mei is hosting a wine tasting event on April 15th. || Mei owns a restaurant called 'Flavors of the Bay' in San Francisco. || Mei plans to launch a new vegan pasta dish on April 2, 2026. || Mei received an email from Green Leaf Produce indicating their deliveries will be delayed by two days this week. || Mei works with a local farm called Green Leaf Farm for her fresh produce.","[""01KZ3QCES83GSTF8EZ5GKR7W4C"", ""01KZ3QC990V1BP8Z14T35416F2"", ""01KZ3QC47FAYTK1XWA2QNNAD10"", ""01KZ3QC47CDEKBYM5PP3PQAEMK"", ""01KZ3QCESCGA6XSETEESTCRNQJ"", ""01KZ3QC98ZY3521GHVNXW3PCEN"", ""01KZ3QC47E6QCYZWVC83CDSWJA""]","[0, 1, 2, 3, 4, 5, 6]","[[""01KZ3QC993ASBDHBJVMCRFKYVR""], [""01KZ3QC47H78RJTEHADRFBHC27""], [""01KZ3QBWD0JHG0XRP3D1G8ZWKB""], [""01KZ3QBWCW8V9RR66862V5ME42""], [""01KZ3QC994KEDKES4ZTVTV3WGJ""], [""01KZ3QC47G6H0WWY5WKS66D0Y1""], [""01KZ3QBWCZ100KVM60M85AZQ1J""]]","{""entities"": [""Farms"", ""Fresh"", ""Green"", ""Leaf"", ""Mei"", ""Pick""], ""time_constraints"": [], ""operands"": [], ""list_cardinality"": {""known"": false, ""count"": 0}, ""update_state"": """", ""gap"": null}",[],pass,
023-b20260803-r3-0-00198-0-00198-q3,open-domain,train,"What consensus algorithm is Sam focusing on for his thesis, and what is his next planned milestone?",Sam is focusing on the Paxos algorithm and his next planned milestone is to complete the theoretical part by the end of April.,"Sam is incorporating fault tolerance strategies suggested by Sarah into his thesis. || Sam is working on his thesis involving a peer-to-peer network implementation. || After the presentation, Sam will start diving deeper into the algorithms and begin coding. || Sam aims to complete the theoretical part of his thesis by the end of April. || Sam has a presentation to his advisor next week to discuss his progress so far. || Sam has already started his thesis work with initial literature review and setting up an experimental environment. || Sam has looked at AWS but is also considering Google Cloud Storage. || Sam has moved on to analyzing the performance data from the experiments after finalizing the methodology section. || Sam has read papers on the practical implementation of Paxos algorithm by Stanford and MIT. || Sam is considering using cloud storage services to address the storage issues. || Sam is facing storage issues when comparing the results of two different algorithms. || Sam is focusing on the impact of using consensus algorithms in distributed networks for his thesis. || Sam is focusing on the Paxos algorithm for his thesis. || Sam is researching distributed consensus algorithms for his thesis proposal. || Sam is specifically interested in designing better algorithms to handle node failures without compromising performance. || Sam needs to finalize his literature review by next week. || Sam needs to perform more extensive benchmarking on the new protocol. || Sam plans to start running experiments this weekend. || Sam's advisor emphasized the importance of including a detailed discussion on the implications of the findings in the thesis. || Sam's thesis focuses on improving fault tolerance in distributed systems. || Sam's thesis proposal is due on March 15th, 2026. || Sam wants to optimize consensus algorithms for faster recovery times after a failure. || Sam will initially study Paxos for his thesis, but also plans to explore Raft. || Sam will use Python and Go for his experiments, with Python for prototyping and Go for implementation.","[""01KZ3QKQGZE1TFWMF6BXEQETG0"", ""01KZ3QKQGWAV69R0C1MW6Z78TC"", ""01KZ3QJRXNAK9839J2J0VQBP7B"", ""01KZ3QJRXGR4538NAMD1J7VRW8"", ""01KZ3QJRXKD4KNQ1N9H3EVFZN0"", ""01KZ3QJRXFZBME23C7H6YMZAXQ"", ""01KZ3QKD2Z49JBST0X27PJ9MXK"", ""01KZ3QKD2RY8E925KA2A2F0QE7"", ""01KZ3QK2HBGYMQ696E7HGP3H6M"", ""01KZ3QKD2X50ZZE2CZPHNMGJC7"", ""01KZ3QKD2TKGCY33QTANZC1RSK"", ""01KZ3QJRXAF8HFWWKMB3GG2PGV"", ""01KZ3QK2H646Q915THQSPJRYFC"", ""01KZ3QK2H458VTQNNNH0XG9BCE"", ""01KZ3QJRX7FS1TSPAZXE7M3PYG"", ""01KZ3QK2H92DYJMF2B40Q6AAYR"", ""01KZ3QKQHANFKQGHACPVT0RXQ6"", ""01KZ3QK2HDJQNRABSC6J7NKCT0"", ""01KZ3QKD30264V01VQJKKY9CK2"", ""01KZ3QJRX41J1BVZ908W697P74"", ""01KZ3QK2HFEY83WQD8W3SSMVXV"", ""01KZ3QJRXB29M9EBTKMECC1XP9"", ""01KZ3QJRXD7TQ58FSVSSME71CV"", ""01KZ3QJRXJ8KHWDMKYFQW3W4FT""]","[0, 1, 2, 3, 4, 5, 6, 7, 8, 9, 10, 11, 12, 13, 14, 15, 16, 17, 18, 19, 20, 21, 22, 23]","[[""01KZ3QKD33ZFAJ2A8M8AK4QBPC""], [""01KZ3QKD32R94PVDQFQ889WHTY""], [""01KZ3QJ8MGGFE97M8CD0ZGF0VW""], [""01KZ3QJ8MES7DW4RAX4NH8CF2S""], [""01KZ3QJ8MGGFE97M8CD0ZGF0VW""], [""01KZ3QJ8MES7DW4RAX4NH8CF2S""], [""01KZ3QK2HPPCRAN7TM673JNX9Y""], [""01KZ3QK2HKJMBQXKK292N0F10M""], [""01KZ3QJRXS7DAF4PWA4NEHVDAD""], [""01KZ3QK2HND6G2BB475F2BBXX2""], [""01KZ3QK2HMK93PVNFFVGBVG3YA""], [""01KZ3QJ8MC5XNAV06F89YX808G""], [""01KZ3QJRXR4EWEMGM28TMPZX4R"", ""01KZ3QJRXS2PW2904NR1WQ4RSG""], [""01KZ3QJRXQFK5FTBK1H6TSHNQV""], [""01KZ3QJ8MCSGDNNVSC71N8XKM8""], [""01KZ3QJRXR4EWEMGM28TMPZX4R""], [""01KZ3QKD35HN2G5CGBNP82QN84""], [""01KZ3QJRXTG3E217JMRJXV4V2H""], [""01KZ3QK2HP0SHDJZBXQJ6AMDG6""], [""01KZ3QJ8MCSGDNNVSC71N8XKM8""], [""01KZ3QJRXR4EWEMGM28TMPZX4R""], [""01KZ3QJ8MC5XNAV06F89YX808G""], [""01KZ3QJ8MEA0FJTTJJSHY7H9X7""], [""01KZ3QJ8MGGFE97M8CD0ZGF0VW""]]","{""entities"": [""Sam""], ""time_constraints"": [], ""operands"": [], ""list_cardinality"": {""known"": false, ""count"": 0}, ""update_state"": """", ""gap"": null}","[{""kind"": ""KEEP"", ""candidate_id"": ""01KZ3QKD2X50ZZE2CZPHNMGJC7"", ""source_id"": ""01KZ3QK2HND6G2BB475F2BBXX2""}, {""kind"": ""KEEP"", ""candidate_id"": ""01KZ3QKD2TKGCY33QTANZC1RSK"", ""source_id"": ""01KZ3QK2HMK93PVNFFVGBVG3YA""}, {""kind"": ""KEEP"", ""candidate_id"": ""01KZ3QK2H646Q915THQSPJRYFC"", ""source_id"": ""01KZ3QJRXR4EWEMGM28TMPZX4R""}, {""kind"": ""KEEP"", ""candidate_id"": ""01KZ3QJRXAF8HFWWKMB3GG2PGV"", ""source_id"": ""01KZ3QJ8MC5XNAV06F89YX808G""}, {""kind"": ""KEEP"", ""candidate_id"": ""01KZ3QK2H92DYJMF2B40Q6AAYR"", ""source_id"": ""01KZ3QJRXR4EWEMGM28TMPZX4R""}, {""kind"": ""KEEP"", ""candidate_id"": ""01KZ3QJRX41J1BVZ908W697P74"", ""source_id"": ""01KZ3QJ8MCSGDNNVSC71N8XKM8""}, {""kind"": ""KEEP"", ""candidate_id"": ""01KZ3QJRXB29M9EBTKMECC1XP9"", ""source_id"": ""01KZ3QJ8MC5XNAV06F89YX808G""}]",fail,现有 KEEP 只覆盖 Paxos；还应 KEEP 01KZ3QJRXGR4538NAMD1J7VRW8，覆盖 theoretical part by end of April。
023-b20260803-r3-0-00129-0-00129-q3,open-domain,train,What changes did you notice after upgrading the server to Ubuntu 26.04 LTS?,"The performance seems better, especially with Docker containers. Also, I had to reconfigure some of the services like Nginx and PostgreSQL.",Dana upgraded the server to Ubuntu 26.04 LTS on 2026-01-21.,"[""01KZ3N3QGMNZR4WNHJHBFP7C11""]",[0],"[[""01KZ3N3B05810QWYP7MDEMNJ46""]]","{""entities"": [""LTS"", ""Ubuntu""], ""time_constraints"": [], ""operands"": [{""name"": ""after"", ""satisfied"": false}], ""list_cardinality"": {""known"": false, ""count"": 0}, ""update_state"": """", ""gap"": null}","[{""kind"": ""KEEP"", ""candidate_id"": ""01KZ3N3QGMNZR4WNHJHBFP7C11"", ""source_id"": ""01KZ3N3B05810QWYP7MDEMNJ46""}]",fail,KEEP 01KZ3N3QGMNZR4WNHJHBFP7C11 只说明升级日期，未覆盖 Docker 性能改善及重配 Nginx/PostgreSQL。
023-b20260803-r3-0-00045-0-00045-q3,open-domain,train,When is Sarah's birthday according to the latest information?,Sarah’s birthday is coming up and there is a small dinner planned at home.,"Sarah’s birthday is coming up soon, and Alex is planning a small dinner at home to surprise her.","[""01KZ3J42C5XN6X5J2XJZ9QYFXG""]",[0],"[[""01KZ3J3SR6NCYBA5RD65CCC840""]]","{""entities"": [""Sarah's""], ""time_constraints"": [], ""operands"": [], ""list_cardinality"": {""known"": false, ""count"": 0}, ""update_state"": ""latest"", ""gap"": null}","[{""kind"": ""KEEP"", ""candidate_id"": ""01KZ3J42C5XN6X5J2XJZ9QYFXG"", ""source_id"": ""01KZ3J3SR6NCYBA5RD65CCC840""}]",pass,
023-b20260803-r3-0-00141-0-00141-q3,open-domain,train,What is Sarah's birthday and what are the plans for her special day?,Sarah's birthday is on July 20th. The plans for her special day include a small picnic near the Grand Canyon.,Sarah's birthday is on July 15th. || Sarah’s birthday is on July 20th.,"[""01KZ3NGKYFBN3ZFQ97DJD3VX5H"", ""01KZ3NGWYTNJBKDAWMYRB0DS1N""]","[0, 1]","[[""01KZ3NGCYG4HB0QW2J1JN9DP6H""], [""01KZ3NGKYQVDB3FQ3HV8J8EVWH""]]","{""entities"": [""Sarah's""], ""time_constraints"": [], ""operands"": [], ""list_cardinality"": {""known"": false, ""count"": 0}, ""update_state"": """", ""gap"": null}","[{""kind"": ""KEEP"", ""candidate_id"": ""01KZ3NGWYTNJBKDAWMYRB0DS1N"", ""source_id"": ""01KZ3NGKYQVDB3FQ3HV8J8EVWH""}]",fail,KEEP 01KZ3NGWYTNJBKDAWMYRB0DS1N 只覆盖 July 20th，未覆盖 Grand Canyon 附近 picnic；应为 gap。
023-b20260803-r3-0-00130-0-00130-q3,open-domain,train,When is the special event you planned to host at the restaurant?,June 10th,"Mei is planning a special event on April 22nd. || Mei needs 5-7 extra servers for the event. || Mei needs additional bamboo plates, napkins, and cutlery sets for the event. || Mei owns a restaurant in downtown.","[""01KZ3N3XH2NHF05D9NC0TR9V1V"", ""01KZ3N3XH7AFJ7BP6N8111Q3QE"", ""01KZ3N3XH46MRJ9JNXDXNBC1XB"", ""01KZ3N3S2MHDR1Q03CHSG7J61S""]","[0, 1, 2, 3]","[[""01KZ3N3S2P2WN6MSWDA3T3K6CP""], [""01KZ3N3S2Q0RYMHMT0H2EDH4XD""], [""01KZ3N3S2QHYGMY0JP5CR35B3V""], [""01KZ3N3QR1XC61M57X0PZQPK5G""]]","{""entities"": [], ""time_constraints"": [], ""operands"": [], ""list_cardinality"": {""known"": false, ""count"": 0}, ""update_state"": """", ""gap"": {""kind"": ""entity"", ""entity"": """", ""start"": null, ""end"": null, ""operand"": """", ""source_need"": """"}}",[],pass,
023-b20260803-r3-0-00138-0-00138-q3,open-domain,train,When did Dana start setting up her home-lab project?,"Dana started setting up her home-lab project in early 2025, around March or April.","Dana added a new Raspberry Pi and updated the monitoring system on her home-lab project. || Dana encountered network configuration issues with the newly integrated server by the end of April 2026. || Dana faced challenges with the initial setup of the Raspberry Pi due to compatibility issues with the power supply. || Dana has checked the cables but found no issues, suspecting a DNS problem. || Dana has three servers set up for her home-lab project: one for web services, another for database management, and a third for development environments. || Dana integrated the new server into the home-lab project by the end of April 2026. || Dana plans to check DNS settings on both the server and client machines. || Dana plans to expand her home-lab project by adding IoT devices such as a smart thermostat and smart lights. || Dana plans to test the network configuration issues further on 2026-05-11. || Dana resolved the power supply issue by ordering a new one from Amazon. || Dana started setting up her home-lab project in early 2025, around March or April. || Dana suspects the router settings might also be causing the DNS issue.","[""01KZ3NDNSKJDZE74MPQ4F0CZBN"", ""01KZ3NDB1HFH76FSXD4ZWWFVZP"", ""01KZ3NDNSNDH8TYMA8DJ3C1GSY"", ""01KZ3NDB1MF4J5EGTX89FCQHS1"", ""01KZ3NCWYRE5D8WEPZYMTJHVQT"", ""01KZ3NDB1E3M5S9NMFK0G8QSZK"", ""01KZ3NDB1NXWTSK6D66HZJYAV7"", ""01KZ3NDNSTGX5WEBAG4236QTC6"", ""01KZ3NDB1K6FG6Z7WJ261V3WNW"", ""01KZ3NDNSRFDH2Z6SKDW04P8BH"", ""01KZ3NCWZ2P4MQBQAHP07TT147"", ""01KZ3NDB1QY84S1DHFCQ477K3D""]","[0, 1, 2, 3, 4, 5, 6, 7, 8, 9, 10, 11]","[[""01KZ3NDB1RADDV2EHFSCCFX5T3"", ""01KZ3NDB1RE6SPAR2VZQ3BY2JF""], [""01KZ3NCWZ3WPZZCTEJEWBVZY4V"", ""01KZ3NCWZ4R18P791XF780253V""], [""01KZ3NDB1RE6SPAR2VZQ3BY2JF"", ""01KZ3NDB1S1N19GY3HWDA104FY"", ""01KZ3NDB1S68KAZXYH500V4HYW"", ""01KZ3NDB1SPDY5GSX4SX243K2C""], [""01KZ3NCWZ4R18P791XF780253V""], [""01KZ3NCP2YBDVRF2HZZ12W7Q06""], [""01KZ3NCWZ3WPZZCTEJEWBVZY4V""], [""01KZ3NCWZ4KZ7P5RV9XJSFB6YZ""], [""01KZ3NDB1T2Q8DT2VJ06E397SB""], [""01KZ3NCWZ43R5C8J6AVDKF4F50""], [""01KZ3NDB1S1N19GY3HWDA104FY"", ""01KZ3NDB1SPDY5GSX4SX243K2C""], [""01KZ3NCP30WC45B6PVH3Z0EG4S""], [""01KZ3NCWZ43F529CJAGK7VDAFT""]]","{""entities"": [""Dana""], ""time_constraints"": [], ""operands"": [], ""list_cardinality"": {""known"": false, ""count"": 0}, ""update_state"": """", ""gap"": null}","[{""kind"": ""KEEP"", ""candidate_id"": ""01KZ3NDNSTGX5WEBAG4236QTC6"", ""source_id"": ""01KZ3NDB1T2Q8DT2VJ06E397SB""}, {""kind"": ""KEEP"", ""candidate_id"": ""01KZ3NCWZ2P4MQBQAHP07TT147"", ""source_id"": ""01KZ3NCP30WC45B6PVH3Z0EG4S""}]",pass,
023-b20260803-r3-0-00065-0-00065-q3,open-domain,train,"When is Grandma's birthday, and what are the plans for celebrating it this year?","Grandma's birthday is on March 22nd, and the family plans to have a small gathering at home where Dad will cook sushi and they will also send her a special gift.",Grandma's birthday is on March 22nd.,"[""01KZ3JW3RS7A5D6RESYWS4V4JW""]",[0],"[[""01KZ3JVS0SZ81P9YEXC299KWR2""]]","{""entities"": [""Grandma's""], ""time_constraints"": [""this year""], ""operands"": [], ""list_cardinality"": {""known"": false, ""count"": 0}, ""update_state"": """", ""gap"": null}","[{""kind"": ""KEEP"", ""candidate_id"": ""01KZ3JW3RS7A5D6RESYWS4V4JW"", ""source_id"": ""01KZ3JVS0SZ81P9YEXC299KWR2""}]",fail,KEEP 01KZ3JW3RS7A5D6RESYWS4V4JW 只覆盖 March 22nd，遗漏家庭小聚、Dad 做 sushi 和寄礼物。
023-b20260803-r3-0-00098-0-00098-q3,open-domain,train,What are the current target release dates for the EcoBrite project?,"The current target release dates are a soft launch on July 15th, followed by a full release on August 1st.","Alex is the technical lead for the EcoBrite project. || All products in the EcoBrite project must meet strict environmental standards. || John is the design lead for the EcoBrite project. || Priya is managing the 'EcoBrite' project. || Sarah is the marketing specialist for the EcoBrite project. || The EcoBrite project aims to launch a new line of eco-friendly office supplies. || The EcoBrite project aims to launch with a minimum of 10 product items. || The target release date for the EcoBrite project is October 15, 2026.","[""01KZ3KZVTM8EJSA09Z4G1T9YYS"", ""01KZ3KZVTN19J8CKGJDJ8GS35R"", ""01KZ3KZVTJTWA0F0XP7C99H9H2"", ""01KZ3KZVTE5SN2EQ3AVYH5GEP6"", ""01KZ3KZVTKXN8TVP7YKE21A62S"", ""01KZ3KZVTHBJ1TTTKSQX2NAD0E"", ""01KZ3KZVTPZRT0MQ243HE5HX8E"", ""01KZ3KZVTG8S149T01EG65CQBH""]","[0, 1, 2, 3, 4, 5, 6, 7]","[[""01KZ3KZBBEB0555KE1K9XYZJ0G""], [""01KZ3KZBBEVG1NGEWQR9ESQ3TJ""], [""01KZ3KZBBEB0555KE1K9XYZJ0G""], [""01KZ3KZBBDVWM9N16V3WPZP0AB""], [""01KZ3KZBBEB0555KE1K9XYZJ0G""], [""01KZ3KZBBDVWM9N16V3WPZP0AB""], [""01KZ3KZBBEVG1NGEWQR9ESQ3TJ""], [""01KZ3KZBBDVWM9N16V3WPZP0AB""]]","{""entities"": [""EcoBrite""], ""time_constraints"": [], ""operands"": [], ""list_cardinality"": {""known"": false, ""count"": 0}, ""update_state"": ""current"", ""gap"": null}","[{""kind"": ""KEEP"", ""candidate_id"": ""01KZ3KZVTM8EJSA09Z4G1T9YYS"", ""source_id"": ""01KZ3KZBBEB0555KE1K9XYZJ0G""}, {""kind"": ""KEEP"", ""candidate_id"": ""01KZ3KZVTJTWA0F0XP7C99H9H2"", ""source_id"": ""01KZ3KZBBEB0555KE1K9XYZJ0G""}, {""kind"": ""KEEP"", ""candidate_id"": ""01KZ3KZVTPZRT0MQ243HE5HX8E"", ""source_id"": ""01KZ3KZBBEVG1NGEWQR9ESQ3TJ""}]",fail,三个现有 KEEP 均不含发布日期；候选 01KZ3KZVTG8S149T01EG65CQBH 还是冲突的 October 15，故应为 gap。
023-b20260803-r3-0-00018-0-00018-q3,open-domain,train,When is the deadline for Sam's presentation?,Next week on April 18th.,"The deadline for Sam's presentation is April 18th, 2026. || Managing state consistency across multiple microservices has been a challenge for Sam. || Sam aims to have a new simulation model ready by the end of the month. || Sam considered using edge computing to reduce latency in his project simulations. || Sam decided to use IoT sensor data from a local smart city initiative for his project simulations. || Sam encountered issues with network latency in his project simulations. || Sam found a 2025 paper comparing the performance of PBFT and Raft under network partitions. || Sam has read up on the Raft consensus algorithm. || Sam is considering implementing a distributed ledger for state management. || Sam is currently working on the third chapter of his thesis. || Sam is focusing on consensus algorithms for his thesis project proposal. || Sam is working on a project proposal for his thesis. || Sam is working on a thesis about improving the scalability of cloud-based services using microservices architecture. || Sam is working on a thesis chapter about distributed consensus algorithms. || Sam needs to add more details on Practical Byzantine Fault Tolerance (PBFT) and Raft in his thesis. || Sam planned to integrate real-world data into his project simulations. || Sam plans to start implementing changes to his project this week. || Sam plans to start with a basic implementation of Raft this weekend. || Sam's thesis has four chapters in total. || Sam started working on his thesis project in January last year, approximately 15 months ago.","[""01KZ3H51N5ZHSPF3Z7J8XD2EQW"", ""01KZ3H40GPV8PJ70PK3Y6W6158"", ""01KZ3H4QX1YND71T27YE8N9QYH"", ""01KZ3H4QWVAYJF2JQT2KM4AJSB"", ""01KZ3H4QWY91NAY3NP764FTWGX"", ""01KZ3H4QWS3YEG5RHMYTZWAHX8"", ""01KZ3H51N35PVN7DZJ2HRSYWF1"", ""01KZ3H4AM4X7V584RAJB8YEYFM"", ""01KZ3H40GQAB0G44T562QXQRTJ"", ""01KZ3H40GNBM9PFJJRZCR4P9RR"", ""01KZ3H4AM3K7VJG1SRE5N9GTXB"", ""01KZ3H4AM2W6F3AQG3QVDAYW5Y"", ""01KZ3H40GG7T6WER9K7ZKW0JQ5"", ""01KZ3H51MWH3T4AET88WNFYEYQ"", ""01KZ3H51MYYEX7MMNF6E1ACRZ0"", ""01KZ3H4QWXR7YFMKMDD8HKPQ13"", ""01KZ3H4QX0PDCH54HHF6M0P2F5"", ""01KZ3H4AM5CA617FXC31R7YMEW"", ""01KZ3H40GNX9XFQR88Z9EGS1C3"", ""01KZ3H40GM8CEDK8RTZG1VNEM9""]","[0, 1, 2, 3, 4, 5, 6, 7, 8, 9, 10, 11, 12, 13, 14, 15, 16, 17, 18, 19]","[[""01KZ3H4QX4SP22ZGC3S2JCYWNQ""], [""01KZ3H3MNH9V75N51WWX6RKG4M""], [""01KZ3H4AM7YWE7T87RDEWNZ0J3""], [""01KZ3H4AM6WA0CERNP45BTQYTY""], [""01KZ3H4AM7VQJKGKBC7TQAY07D""], [""01KZ3H4AM6DTTJFC1K35TPDR61""], [""01KZ3H4QX3PNTYEAGQGD01TZEM""], [""01KZ3H40GR99BBZ98HH39TRRZ6""], [""01KZ3H3MNH9V75N51WWX6RKG4M""], [""01KZ3H3MNGC74TT7D1QZR4TQ51""], [""01KZ3H40GR2KPTAH2DYAQSDHYS""], [""01KZ3H40GQQ0E07EAFSD6JA3RJ""], [""01KZ3H3MNFJ5ATJA9D3G69E8A6""], [""01KZ3H4QX2FWHAG6GBHDX4C6XE""], [""01KZ3H4QX32R5F85FR5F062GXM""], [""01KZ3H4AM7MYPY9V092ASD8JX7""], [""01KZ3H4AM7YWE7T87RDEWNZ0J3""], [""01KZ3H40GR99BBZ98HH39TRRZ6""], [""01KZ3H3MNGC74TT7D1QZR4TQ51""], [""01KZ3H3MNGC74TT7D1QZR4TQ51""]]","{""entities"": [""Sam's""], ""time_constraints"": [], ""operands"": [], ""list_cardinality"": {""known"": false, ""count"": 0}, ""update_state"": """", ""gap"": null}","[{""kind"": ""KEEP"", ""candidate_id"": ""01KZ3H51N5ZHSPF3Z7J8XD2EQW"", ""source_id"": ""01KZ3H4QX4SP22ZGC3S2JCYWNQ""}]",pass,
023-b20260803-r3-0-00139-0-00139-q3,open-domain,train,What is the status of the supplier for the March 5th private room booking?,"There have been delays with the original supplier, so a new supplier is being considered.",Another supplier deals with exotic spices from Southeast Asia. || Mei got new supplier contacts for organic vegetables and exotic spices. || Mei's supplier for catering services is running behind schedule. || One supplier specializes in organic vegetables and is affordable and reliable.,"[""01KZ3NEW0K4JTC9K0KY5E2T3WQ"", ""01KZ3NEW0GCQQHZ4FXF41CZK6C"", ""01KZ3NF9340PHTB77GYGXY51H8"", ""01KZ3NEW0JE4QJPHFHW75MA8TC""]","[0, 1, 2, 3]","[[""01KZ3NECSJ8AY73ZCA1S3FFD5F""], [""01KZ3NECSJPCQSQ51J5PH9APNG""], [""01KZ3NEW0VW1YAX3WXP90Z09B8""], [""01KZ3NECSJ8AY73ZCA1S3FFD5F""]]","{""entities"": [""March""], ""time_constraints"": [""march 5""], ""operands"": [], ""list_cardinality"": {""known"": false, ""count"": 0}, ""update_state"": """", ""gap"": null}",[],pass,
023-b20260803-r3-0-00087-0-00087-q3,open-domain,train,How often do you plan to update your servers?,"I usually try to keep them updated every month, but sometimes I get busy and it slips to every two months.","Dana plans to update his servers every month, but sometimes he gets busy and it slips to every two months.","[""01KZ3KKN3N50CZVREJ062CEFS7""]",[0],"[[""01KZ3KKD64EWDCA5SVBKAG6NS0""]]","{""entities"": [], ""time_constraints"": [], ""operands"": [], ""list_cardinality"": {""known"": false, ""count"": 0}, ""update_state"": """", ""gap"": null}","[{""kind"": ""KEEP"", ""candidate_id"": ""01KZ3KKN3N50CZVREJ062CEFS7"", ""source_id"": ""01KZ3KKD64EWDCA5SVBKAG6NS0""}]",pass,
023-b20260803-r3-0-00071-0-00071-q3,open-domain,train,When is the special tasting night for the new dishes at Mei's Bistro?,June 15th,"Mei has booked more supplies from the new organic produce supplier for next week. || Mei has most of the guests confirmed for the wedding next weekend, with a few more details to finalize. || Mei is considering adding a special dessert station to the Valentine's Day menu. || Mei is finalizing a prix fixe menu with three courses and a wine selection for Valentine's Day in February. || Mei met with Chef Li today to discuss the catering equipment. || Mei's new chef has come up with innovative dishes that are receiving positive feedback. || Mei's new supplier for organic produce delivered yesterday and the quality is excellent. || Mei sent out final details to the organizers for the corporate event on 2026-01-20. || Reservations for the big corporate event on 2026-01-20 have been confirmed. || Staff morale is high under Mei's management.","[""01KZ3K2GM5MWZQ9ATBVWXB35PS"", ""01KZ3K35PDCFTEDJDMH64XQQNB"", ""01KZ3K2GM7ATQ1P2PEJ285YVN4"", ""01KZ3K2GM61MDNJVKT6YFYN3HB"", ""01KZ3K35PC7306J1BNTYNXWB3S"", ""01KZ3K2GMAAAJS55J0HHXP7KFX"", ""01KZ3K2GM4AP622QGPJGVBMPEF"", ""01KZ3K2GM9W0EMVPDTDYT8R1W9"", ""01KZ3K2GM87A8979Q1TYQCCC22"", ""01KZ3K2GMBRYTBD1HPZ2SMSRBF""]","[0, 1, 2, 3, 4, 5, 6, 7, 8, 9]","[[""01KZ3K24DZG23RAHF88PV64ETZ""], [""01KZ3K2TKGS8GT35JG0EC6D5RR""], [""01KZ3K24DZYEA9135VNBR4FFMF""], [""01KZ3K24DZYEA9135VNBR4FFMF""], [""01KZ3K2TKG02RS799Y3GQS72JJ""], [""01KZ3K24E0BA0PX9MEDX2TSEX3""], [""01KZ3K24DZG23RAHF88PV64ETZ""], [""01KZ3K24E0G4860A6Q7T61GB79""], [""01KZ3K24E0G4860A6Q7T61GB79""], [""01KZ3K24E0BA0PX9MEDX2TSEX3""]]","{""entities"": [""Bistro"", ""Mei's""], ""time_constraints"": [], ""operands"": [], ""list_cardinality"": {""known"": false, ""count"": 0}, ""update_state"": """", ""gap"": {""kind"": ""entity"", ""entity"": ""Bistro"", ""start"": null, ""end"": null, ""operand"": """", ""source_need"": ""entity:Bistro""}}",[],pass,
023-b20260803-r3-0-00136-0-00136-q3,open-domain,train,How many SSDs did Dana add to the server recently?,four,Adding 16GB of RAM improved the server's processing speed significantly. || Dana added 16GB of RAM to the server. || Dana added four more SSDs to the server on 2026-04-14. || Dana’s home-lab server has 8TB of storage now. || Dana updated the server to the latest OS version on 2026-02-17. || Dana added custom DNS entries and adjusted the subnet for the bridge network during the Docker update. || Dana aims to have a prototype of 'QuickSync' ready by the end of March. || Dana encountered issues with container networking after updating Docker. || Dana has verified the network settings and logs for error messages. || Dana is considering adding a new virtual machine to her home-lab. || Dana is considering adding AI projects to the home-lab. || Dana optimized the network routing in the home-lab project today. || Dana’s containers are experiencing DNS resolution errors. || Dana started working on a new feature called 'QuickSync'. || Dana updated her home-lab to use the latest version of Docker. || Dana upgraded the home-lab server hardware last month. || 'QuickSync' is designed to allow faster data transfer between the server and local devices.,"[""01KZ3NB4M8QAS60VA0D91KJJSG"", ""01KZ3NB4M6VRZNK7G4ZV5142QQ"", ""01KZ3NBFWV2625TKV8VF4XHDB1"", ""01KZ3NBFX1HPH374EDMMW3XY82"", ""01KZ3NB4M2SWJJVEK5ZMZ0E5RW"", ""01KZ3NAV4EKYZJ3F9P64JGPMTQ"", ""01KZ3NB4MECN02BA5Y26N917R7"", ""01KZ3NAV4CJHEPTF3V2YR16SGV"", ""01KZ3NAV4G88DVJX2R7JEMPMRS"", ""01KZ3NAV4G93WB351B3ABVDK2H"", ""01KZ3NBFX2VKR5Y46XNTC1KWGW"", ""01KZ3NBFX0D95JK6DMBNMBCEFH"", ""01KZ3NAV4FAAPVF1QSQ62Z3TCM"", ""01KZ3NB4MAXSQQJHWCDB9GHVMF"", ""01KZ3NAV4A9NDGR5CZ7EMAR9G9"", ""01KZ3NBFWYH6K72BGPTJJ12Z85"", ""01KZ3NB4MCBS0C18PWATTK013F""]","[0, 1, 2, 3, 4, 5, 6, 7, 8, 9, 10, 11, 12, 13, 14, 15, 16]","[[""01KZ3NAV4J9CZRNW0GZ3K95VQN""], [""01KZ3NAV4J9CZRNW0GZ3K95VQN""], [""01KZ3NB4MHJHWSP03NCW0F30JN"", ""01KZ3NB4MJ0RM7CXB97QTKFM9Z""], [""01KZ3NB4MJ0RM7CXB97QTKFM9Z""], [""01KZ3NAV4H6RJVHY9E2EDNZM04""], [""01KZ3NAETSHZ8WC5PPYJ2KAEKH""], [""01KZ3NAV4KRBYYQK2KQRW62DXZ""], [""01KZ3NAETSAGF9WHF71YMY3S0M""], [""01KZ3NAETTM1RJFBC1M08E5M2B""], [""01KZ3NAETVTM006DKQDJJ2VDTA""], [""01KZ3NB4MM9FEME56WT45H7FJ3""], [""01KZ3NB4MJRTRF8DKNHQ67VEQR""], [""01KZ3NAETTZHY0ANRX9GKMXTK5""], [""01KZ3NAV4J2T8VJJ4DCNM9T1BX""], [""01KZ3NAETRDBJ3C1T28G6GTRB8""], [""01KZ3NB4MG11E06WNVJTZ63M99""], [""01KZ3NAV4J2T8VJJ4DCNM9T1BX""]]","{""entities"": [""Dana"", ""SSDs""], ""time_constraints"": [], ""operands"": [], ""list_cardinality"": {""known"": true, ""count"": 0}, ""update_state"": """", ""gap"": null}",[],fail,gap漏标；应 KEEP 01KZ3NBFWV2625TKV8VF4XHDB1，候选直接给出新增 four SSDs。
023-b20260803-r3-0-00050-0-00050-q3,open-domain,train,When did Dana add a new Dell R740 server to her home-lab project and why?,Dana added a new Dell R740 server on June 15th to have more resources for her virtual machines and some data analysis tasks.,"Dana added a new server, a Dell R740 with 256GB RAM, on June 15th. || Dana added an extra SSD for more storage space last week. || Dana added new modules to the codebase of the home-lab project last month. || Dana added two more servers to the home-lab project on 2025-12-27. || Dana containerized one of the services last week. || Dana currently has three servers in her lab: two running Linux and one running Windows. || Dana faced some challenges during the migration of the Windows VM but managed to complete it successfully. || Dana finished upgrading her server last week. || Dana had to tweak security settings for the newly added modules in the home-lab project. || Dana plans to migrate two older VMs to the new server: an Ubuntu server for hosting websites and a Windows machine for development. || Dana plans to set up a backup system. || Dana plans to start testing the scalability of the home-lab project next week. || Dana started her home-lab project in early 2025. || Dana uses Ansible for automation and Docker for containerization in her home-lab project. || Since the migration, Dana has made a few tweaks to the network setup and updated the firewall rules. || The new server will provide more resources for Dana's virtual machines and data analysis tasks.","[""01KZ3J9R35ZAGD3VFTCYA0VNC9"", ""01KZ3JA9F4CTZVMT9H19G9C8GP"", ""01KZ3JA1BMHV88HZ23T94A071G"", ""01KZ3JA1BFBMFSBY7MN0N4SBFH"", ""01KZ3JA9F6WF5TVNKD7ZZ0ARKZ"", ""01KZ3J9C6Z8YQXVCKPX151VWKT"", ""01KZ3J9R3B4QAVGB871WYEH1MY"", ""01KZ3JA9F23Y3PQGNYS708ZNXP"", ""01KZ3JA1BNBW29SRW659VF6AVR"", ""01KZ3J9R3APNBYB8C39TZSCRFA"", ""01KZ3JA9F6YP00P0Z9BX9J7JGG"", ""01KZ3JA1BJ9PGFEP7XCCNSPJ90"", ""01KZ3J9C6YBQVC79XM0PRTTACT"", ""01KZ3J9C71WPN5QPTVY5JK0NXE"", ""01KZ3J9R3CHAPJNAMATTCV68AP"", ""01KZ3J9R38KSKT9Y40XVB6NPXJ""]","[0, 1, 2, 3, 4, 5, 6, 7, 8, 9, 10, 11, 12, 13, 14, 15]","[[""01KZ3J9C732S1NK4VY8H8Y2MDW""], [""01KZ3JA1BQ013P1K8VJEB5MBRK""], [""01KZ3J9R3D1YB4MM4DQA1HXHHK""], [""01KZ3J9R3DESX2H7E3D3VQB0CP""], [""01KZ3JA1BQ6WNEFTFECVR9ZPN6""], [""01KZ3J96RBB14SBFRDFKA9356K""], [""01KZ3J9C74NKG4GVHMC7Q3P71V""], [""01KZ3JA1BPDJW8TSECQNSNHCQ3""], [""01KZ3J9R3DWQK8ZGZHBHKTW52X""], [""01KZ3J9C743HVP060WCTYJQJQ5""], [""01KZ3JA1BRFWN943M0KEVDAY3A""], [""01KZ3J9R3DPN1JV7JYZ8424FV1""], [""01KZ3J96RARXS6FTP9ZGAXCWNH"", ""01KZ3J96RBRPJM0Q924ADPK2KC""], [""01KZ3J96RC2FX0MEBGG37HWAFB"", ""01KZ3J96RCWM2Z63P5BNERZ8Q1""], [""01KZ3J9C75W17Z0VS5Z80XHPDT""], [""01KZ3J9C732S1NK4VY8H8Y2MDW""]]","{""entities"": [""Dana"", ""Dell"", ""R740""], ""time_constraints"": [], ""operands"": [], ""list_cardinality"": {""known"": false, ""count"": 0}, ""update_state"": """", ""gap"": null}","[{""kind"": ""KEEP"", ""candidate_id"": ""01KZ3J9R35ZAGD3VFTCYA0VNC9"", ""source_id"": ""01KZ3J9C732S1NK4VY8H8Y2MDW""}, {""kind"": ""KEEP"", ""candidate_id"": ""01KZ3J9R38KSKT9Y40XVB6NPXJ"", ""source_id"": ""01KZ3J9C732S1NK4VY8H8Y2MDW""}]",pass,
023-b20260803-r3-0-00067-0-00067-q3,open-domain,train,When did Dana start her home-lab project and what technology is she currently focusing on?,"Dana started her home-lab project in late 2024 and is currently focusing on upgrading her home-lab with new hardware, including a new server and integrating a new database system like PostgreSQL.","Dana aims to experiment with AI models and basic machine learning tasks after completing her home-lab project. || Dana encountered issues with the server setup during her home-lab project. || Dana has started automating routine tasks in her home-lab using Python scripts. || Dana installed a new server last night. || Dana is almost finished integrating PostgreSQL into her home-lab project. || Dana is working on setting up a Kubernetes cluster, experimenting with AI models, and testing various networking solutions in her home-lab project. || Dana plans to integrate Snort for intrusion detection into her home-lab. || Dana plans to run database performance tests on the new server. || Dana plans to run stress tests on the new server. || Dana plans to start testing the new server next week. || Dana plans to upgrade her processor to an Intel Core i7 for the home-lab project. || Dana’s home-lab project currently has three nodes: one master node and two worker nodes. || Dana started her home-lab project in late 2024. || Dana updated her home-lab with two new routers. || Dana will configure the new server for two days before testing. || Dana will connect Snort to the management network interface. || Dana will use KVM for virtualization on the new server. || Dana will use PostgreSQL for the database on the new server. || Managing the security setup has been challenging for Dana in her home-lab project.","[""01KZ3JYVB6CRXP9M18WWFY4CNN"", ""01KZ3JYVB09FE748C9GS9D13TK"", ""01KZ3JYJ8TE2QHQHZNSCTVSZWD"", ""01KZ3JYBTRSNXH0JJW3PSA05SH"", ""01KZ3JYVB5M747NNZBKWN6F707"", ""01KZ3JXXDZ3JSJ9BZ7RZ861KR9"", ""01KZ3JYJ8QWKJA6SPZF7PR0SCD"", ""01KZ3JYBTXB42K125GKDVM4AH3"", ""01KZ3JYBTVHJM4NJ211VWNENPP"", ""01KZ3JYBV1EYFP873EH4K7615G"", ""01KZ3JYVB31J92XAMAZTTTM3F7"", ""01KZ3JXXE1ZJG2NVWQMAH3VPMW"", ""01KZ3JXXDX70AZZXKSB4JDZ0M0"", ""01KZ3JYJ8NYATP66RZG9BFHT0W"", ""01KZ3JYBV1YXDA8AEDM78CMWHB"", ""01KZ3JYJ8SAJ4ZX2T7H119ZD5N"", ""01KZ3JYBTZQH1X2XGGEQYBV0GH"", ""01KZ3JYBV0G0HNWWA5H5NYKGSA"", ""01KZ3JXXE2BNKKFPRJ8WB5YK3Y""]","[0, 1, 2, 3, 4, 5, 6, 7, 8, 9, 10, 11, 12, 13, 14, 15, 16, 17, 18]","[[""01KZ3JYJ8ZNJFT2R37TXQNYBQW""], [""01KZ3JYJ8W7VKBNWEF2565M88Z""], [""01KZ3JYBV32BQW1523NR2Z703P""], [""01KZ3JXXE3STDYQCPXXKDEX177""], [""01KZ3JYJ8YXH07CB3DR7Q1XB11""], [""01KZ3JXPF7MM2CG9BJG1CAS33Z""], [""01KZ3JYBV2P1QGB0NTP2MSNB82""], [""01KZ3JXXE4C97D5ADJ2P2JHBPA""], [""01KZ3JXXE4C97D5ADJ2P2JHBPA""], [""01KZ3JXXE4R43WVWC86C8N9ZN6""], [""01KZ3JYJ8XFXB46WE456WYZY99""], [""01KZ3JXPF8FB69JRFNPV2WQDZ6""], [""01KZ3JXPF7MM2CG9BJG1CAS33Z"", ""01KZ3JXPF7QDMCXQ1N5NZQHKCK""], [""01KZ3JYBV2EXHNAFP5KDZRZHA5""], [""01KZ3JXXE4YTMP33JYZEYY1KEG""], [""01KZ3JYBV397060W56QC7SKZVD""], [""01KZ3JXXE4YT33ER8666A76DRT""], [""01KZ3JXXE4YT33ER8666A76DRT""], [""01KZ3JXPF9KK65FC2GFBYWS493"", ""01KZ3JXPF9QZ711Q6WE5E1GB7F""]]","{""entities"": [""Dana""], ""time_constraints"": [], ""operands"": [], ""list_cardinality"": {""known"": false, ""count"": 0}, ""update_state"": ""currently"", ""gap"": null}","[{""kind"": ""KEEP"", ""candidate_id"": ""01KZ3JXXDZ3JSJ9BZ7RZ861KR9"", ""source_id"": ""01KZ3JXPF7MM2CG9BJG1CAS33Z""}, {""kind"": ""KEEP"", ""candidate_id"": ""01KZ3JXXE2BNKKFPRJ8WB5YK3Y"", ""source_id"": ""01KZ3JXPF9QZ711Q6WE5E1GB7F""}]",fail,两个现有 KEEP 未覆盖 gold；应 KEEP 01KZ3JXXDX70AZZXKSB4JDZ0M0、01KZ3JYBTRSNXH0JJW3PSA05SH、01KZ3JYVB5M747NNZBKWN6F707。
023-b20260803-r3-0-00035-0-00035-q3,open-domain,train,When is the current targeted launch date for NovaTech?,June 22nd,"Priya mentioned her project 'NovaTech' and its soft launch date of June 15, 2026. || The project 'NovaTech' involves approximately 15 key team members.","[""01KZ3HQ5WGZ83MJH231D8DSFT3"", ""01KZ3HQ5WH9BNVQG6G6BZ6PFSD""]","[0, 1]","[[""01KZ3HQ1346K9M2NK214P67471"", ""01KZ3HQ134H622N2JM57SE88BE""], [""01KZ3HQ1353AYWH3EM8QPF5XZ8""]]","{""entities"": [""NovaTech""], ""time_constraints"": [], ""operands"": [], ""list_cardinality"": {""known"": false, ""count"": 0}, ""update_state"": ""current"", ""gap"": {""kind"": ""entity"", ""entity"": ""NovaTech"", ""start"": null, ""end"": null, ""operand"": """", ""source_need"": ""entity:NovaTech""}}",[],pass,
023-b20260803-r3-0-00037-0-00037-q3,open-domain,train,Do you remember when your sister's birthday is?,Her birthday is on March 20th.,Alex plans to surprise his sister with a trip to the Polynesian Cultural Center on her birthday. || Alex’s cousin’s birthday is on April 28th. || Alex's trip to Hawaii includes his parents and sister but not his brother.,"[""01KZ3HTJ18FEX1MCXV7T3CHRZ4"", ""01KZ3HSZBKY8XH2M0WFVC8P7T5"", ""01KZ3HTJ14RN1PN7QFEQC0TNQP""]","[0, 1, 2]","[[""01KZ3HT5ENY4WGZWF1CDSP0MZA""], [""01KZ3HSSJCE8VYD9XVFZF3967G""], [""01KZ3HT5EMKJED6PAX73A306YH""]]","{""entities"": [], ""time_constraints"": [], ""operands"": [], ""list_cardinality"": {""known"": false, ""count"": 0}, ""update_state"": """", ""gap"": {""kind"": ""entity"", ""entity"": """", ""start"": null, ""end"": null, ""operand"": """", ""source_need"": """"}}",[],pass,
023-b20260803-r3-0-00164-0-00164-q3,open-domain,train,What specific security changes did Dana make to her home-lab server after their last discussion?,She updated the firewall rules to allow only necessary inbound connections and enabled multi-factor authentication for all admin accounts.,"Dana encountered slower login times after implementing multi-factor authentication during her home-lab project. || Dana has almost completed updating all development environments to work with the new server hardware. || Dana is a software engineer. || Dana is considering using Docker for containerization but hasn't decided on the exact version yet. || Dana optimized the security measures of her home-lab project by updating firewall rules and enabling multi-factor authentication. || Dana ordered a solar panel kit on 2026-04-26. || Dana plans to integrate a new monitoring tool and possibly start testing containerization for services this month. || Dana plans to upgrade her server hardware starting this week. || Dana tested the new security configurations using penetration testing tools such as Nmap and Metasploit. || Dana upgraded the server hardware last week, including increased RAM and better SSDs. || Dana will make a detailed budget this weekend. || Dana will use spreadsheets to track the projects.","[""01KZ3PCEC33A82B51ADA1M782X"", ""01KZ3PC7DJ9YB2M8GV01JGEYK9"", ""01KZ3PBYTN6Z72QJ978W6HEMJX"", ""01KZ3PC7DMBETZPHNJX5KZKJD7"", ""01KZ3PCEC0DWSMETD6V4BNRGY7"", ""01KZ3PCTCYTHYD6DES3XTW7VBW"", ""01KZ3PC7DKSMCKK9KJ6CTJQCDB"", ""01KZ3PCTD3VXG8F0CQQZ5CXYF8"", ""01KZ3PCEC1669FNEVMANE2A8TC"", ""01KZ3PC7DHP8Z8CKQ0KR2XF9K4"", ""01KZ3PCTD6Y6PZA7NWH5X24CGH"", ""01KZ3PCTDDJDTS0EBZV2ARYSHY""]","[0, 1, 2, 3, 4, 5, 6, 7, 8, 9, 10, 11]","[[""01KZ3PC7DPEC78AJ82RRKJ47Y5""], [""01KZ3PBYTYE9Z1NJV3QYFH67WJ""], [""01KZ3PBRB0NF5GBTCN2WDHDNHK""], [""01KZ3PBYTZBX7AC59P6G6GM5XS""], [""01KZ3PC7DNDZW0FDEG9W027BZP""], [""01KZ3PCEC4J6NER2C35QR21XED"", ""01KZ3PCEC4YY8QPW0NNA1BDWK2""], [""01KZ3PBYTZRKQEDGGM7KPN91P0""], [""01KZ3PCEC54B04DVCRKS2BW9BR"", ""01KZ3PCEC5NYC91SRWDVHFED78"", ""01KZ3PCEC5R4X8P5QGC3S7FK40""], [""01KZ3PC7DNY7RW42JKWSG74SZ1""], [""01KZ3PBYTXYZT7PN4S1J3K87KE""], [""01KZ3PCEC5NYC91SRWDVHFED78""], [""01KZ3PCEC648QXCN7KPGHS8F5W""]]","{""entities"": [""Dana""], ""time_constraints"": [], ""operands"": [{""name"": ""after"", ""satisfied"": false}], ""list_cardinality"": {""known"": false, ""count"": 0}, ""update_state"": """", ""gap"": null}",[],pass,
023-b20260803-r3-0-00005-0-00005-q3,open-domain,train,What is the new launch date for the EcoClean device after accommodating the stakeholders' needs?,February 22nd,Stakeholders have requested more time to prepare their content. || The launch date has been moved to February 22nd to accommodate stakeholders.,"[""01KZ3GPD2YJJF4DMBH7HKJPSYK"", ""01KZ3GPD2ZAZY7BNPP1THJV0GT""]","[0, 1]","[[""01KZ3GP6X4MV6DPCH37DSRB0FJ""], [""01KZ3GP6X5HW9N07TDZEZC9PMW"", ""01KZ3GP6X5YXG4VCRDN8J5F4XS""]]","{""entities"": [""EcoClean""], ""time_constraints"": [], ""operands"": [{""name"": ""after"", ""satisfied"": false}], ""list_cardinality"": {""known"": false, ""count"": 0}, ""update_state"": """", ""gap"": null}","[{""kind"": ""KEEP"", ""candidate_id"": ""01KZ3GPD2ZAZY7BNPP1THJV0GT"", ""source_id"": ""01KZ3GP6X5HW9N07TDZEZC9PMW""}, {""kind"": ""KEEP"", ""candidate_id"": ""01KZ3GPD2ZAZY7BNPP1THJV0GT"", ""source_id"": ""01KZ3GP6X5YXG4VCRDN8J5F4XS""}]",pass,
023-b20260803-r3-0-00144-0-00144-q3,open-domain,train,When did Dana start the upgrade to her home-lab server hardware?,February 15th,"Dana added support for a new virtualization platform and optimized the resource allocation scripts in her home-lab project. || Dana completed the server hardware upgrade by February 18, 2026. || Dana faced a challenge with the new platform's API during the implementation of her home-lab project. || Dana is setting up a small server to host personal websites and run development tools. || Dana noticed significant performance improvements after upgrading her server hardware. || Dana plans to integrate more automation tools and add monitoring capabilities in the next phase of her home-lab project. || Dana plans to use Ubuntu Server 22.04 LTS as the operating system. || Dana prefers LTS versions of Ubuntu for stability and longer support periods. || Dana's new server includes an Intel Core i9 CPU, 64GB of RAM, and a new NVMe SSD. || Dana updated her operating system and installed new security patches during the server hardware upgrade. || Dana upgraded her server hardware on 2026-02-15. || Dana will begin by setting up CI/CD pipelines and automating routine tasks in the next phase of her home-lab project.","[""01KZ3NMM70K44A7TVKAND88SF5"", ""01KZ3NMAWA95NJAW3RP7ZTJVSH"", ""01KZ3NMM755HKHSJKKBG3HVTQK"", ""01KZ3NKTF01GAT4HD5JN1XY2Z8"", ""01KZ3NMAWBKW2KCAD45HFMG0XT"", ""01KZ3NMM78A3VB0DHMYEM5D40G"", ""01KZ3NKTF5XVNERRVYT0N69XAX"", ""01KZ3NKTF6YDF8JH4R4SSZ5VBC"", ""01KZ3NMAW8QQDQJSYH75E0523A"", ""01KZ3NMAWCGVJS1RWVJCPPB3KB"", ""01KZ3NMAW6N9T27A6210BVW1SV"", ""01KZ3NMM79PGGKDZT3TFVPCQEN""]","[0, 1, 2, 3, 4, 5, 6, 7, 8, 9, 10, 11]","[[""01KZ3NMAWDJ0JG4QSNNXP83G19""], [""01KZ3NM3JFV11YNK13H86FQ4DN""], [""01KZ3NMAWDJ16BA6D6ABDPKX7J""], [""01KZ3NKGZFGBAGR8D82VJBPKGC""], [""01KZ3NM3JFKTVWDKA9QVW4H1JJ""], [""01KZ3NMAWESVWPVV2PWS66ZD8Q""], [""01KZ3NKGZGSDY52DBRK4W0H6WG""], [""01KZ3NKGZGBV7W75CCCA6M953J""], [""01KZ3NM3JEVRHPW5G5PK29QT09""], [""01KZ3NM3JFAKVFCZE97YBW9T9F""], [""01KZ3NM3JEVRHPW5G5PK29QT09""], [""01KZ3NMAWE04KND3309J1E9Y7C""]]","{""entities"": [""Dana""], ""time_constraints"": [], ""operands"": [], ""list_cardinality"": {""known"": false, ""count"": 0}, ""update_state"": """", ""gap"": null}","[{""kind"": ""KEEP"", ""candidate_id"": ""01KZ3NMAW6N9T27A6210BVW1SV"", ""source_id"": ""01KZ3NM3JEVRHPW5G5PK29QT09""}]",pass,
023-b20260803-r3-0-00155-0-00155-q3,open-domain,train,How many computers are currently in Dana's home-lab?,Three,"After implementing the new power optimization feature, Dana observed a 20% reduction in power consumption on sunny days. || Dana added a new feature to the home-lab system that optimizes power usage based on weather conditions last week. || Dana added a new server to her home-lab, improving network speed significantly. || Dana intends to set up a basic chatbot for home automation tasks. || Dana is a software engineer. || Dana is considering adding a solar panel system and has received quotes but is still evaluating the best option. || Dana plans to add AI models to her home-lab for local training before moving to a cloud service. || Dana plans to install the solar panel system by the end of the year to ensure proper setup before winter. || Dana plans to start working on the chatbot project next week after finalizing the architecture. || Dana started using Docker for containerization, simplifying application deployment. || Dana upgraded the monitoring tool to the latest version, making it more responsive.","[""01KZ3P21CZHWH7HMHR5JSX49PJ"", ""01KZ3P21CXJX8MV0KNTWCV6G07"", ""01KZ3P1T7D9YH464TAZ9CV7JMD"", ""01KZ3P1T7NQ43FMZMAFBREW3SH"", ""01KZ3P1DFAF42FXP820M4RHRKN"", ""01KZ3P21D05M909S6F5567SS8Q"", ""01KZ3P1T7K9MPC9GVMEJSP9Z9A"", ""01KZ3P21D2YCP7JB3GMPBA49Q5"", ""01KZ3P1T7PPC9A52MDN9F11Z2F"", ""01KZ3P1T7JMWCVPVPYBMTZ6XHJ"", ""01KZ3P1T7GK2X1AAJGPAHGFESZ""]","[0, 1, 2, 3, 4, 5, 6, 7, 8, 9, 10]","[[""01KZ3P1T7SYAPTYN2ZEV11J8FF""], [""01KZ3P1T7RQXFZ9D2RNMJN4GTN""], [""01KZ3P1DFHFG6A4GMZVRFVF3T6""], [""01KZ3P1DFM7CSKQR59TNQ8PCXJ""], [""01KZ3P14HYDJT63HPHXQGFKATX""], [""01KZ3P1T7TBHFTX01YSAN99DH1""], [""01KZ3P1DFKM6629X6TEYPCN3GM""], [""01KZ3P1T7VG6K51EAPZGYSBJQK""], [""01KZ3P1DFMWM2A1AKH67C31HCZ""], [""01KZ3P1DFJ51J1ENMKF23QAJBZ""], [""01KZ3P1DFJ51J1ENMKF23QAJBZ""]]","{""entities"": [""Dana's""], ""time_constraints"": [], ""operands"": [], ""list_cardinality"": {""known"": true, ""count"": 0}, ""update_state"": ""currently"", ""gap"": {""kind"": ""entity"", ""entity"": ""Dana's"", ""start"": null, ""end"": null, ""operand"": """", ""source_need"": ""entity:Dana's""}}",[],pass,
023-b20260803-r3-0-00060-0-00060-q3,open-domain,train,What is the current status of Sam's thesis project on distributed systems?,"Sam is working on the chapter about fault tolerance in distributed networks and has revised the introduction. He has also found several new papers on fault-tolerant protocols that he plans to include in the literature review section. His experiments with simulations show promising results, and he is currently writing up the findings.","assistant offered assistance with Sam's thesis on distributed systems on 2026-05-26 || Sam completed the literature review and found interesting papers on fault-tolerant protocols. || Sam found several new papers on the topic of fault tolerance in distributed networks. || Sam has been working on the chapter about fault tolerance in distributed networks for his thesis. || Sam has revised the introduction of his thesis. || Sam has run all the simulations for the experiments, and the results look promising. || Sam intends to meet with Dr. Patel for feedback on the methodology chapter. || Sam is using NetProfiler to gather data for his thesis. || Sam is working on a distributed system project with Dr. Thompson. || Sam needs to evaluate his project using performance metrics like latency and throughput. || Sam plans to start drafting sections this week. || Sam's system's performance varies under different network conditions. || Sam should compare his system's performance with theoretical models or benchmarks. || Sam should focus on practical applications and real-world implications for his thesis. || Sam should plot the data for a clearer visualization. || The latency increases by 5 milliseconds for every 100 additional requests. || The new papers Sam found will be included in the literature review section of his thesis. || Throughput peaks at around 2000 requests per second before dropping.","[""01KZ3JNQ6DPYC1AR72EFYAGXZ8"", ""01KZ3JP7XGMF6WR1FTHXVVDW7Z"", ""01KZ3JNXNM24Q30EBKQ0TZ0VNW"", ""01KZ3JNXNHNWA97J2NQD5ZQ8PR"", ""01KZ3JNXNJQR0S1RC2N78J8E2X"", ""01KZ3JP7XP97X6BQCQJAS59XFP"", ""01KZ3JP7XN4AKY9ZGVVX8YE7Y1"", ""01KZ3JPP4DD4JZHRQB77XYSB5H"", ""01KZ3JPP494AP2782FRFHE0017"", ""01KZ3JPP4BTCNQEH3A8JTN5T5X"", ""01KZ3JP7XKVF31NS6KWSXX8JEC"", ""01KZ3JPP4NR1BAYCT5XZD0FEPA"", ""01KZ3JPP4JF1TWW9YKFVRH9PTW"", ""01KZ3JPP4KWYZE2XHGRKSTRQCS"", ""01KZ3JPP4HJA5PMYZ56Y0C4P7K"", ""01KZ3JPP4FEXPBXRKXDVJN8PV6"", ""01KZ3JNXNN4B96JMEYFNYP2PQ5"", ""01KZ3JPP4GACET20HNKXXNNYDT""]","[0, 1, 2, 3, 4, 5, 6, 7, 8, 9, 10, 11, 12, 13, 14, 15, 16, 17]","[[""01KZ3JNNV5MENDH25VN6AZ6D8C""], [""01KZ3JNXNPNBFP93TATX0BBGHH""], [""01KZ3JNQ6H31ES8M94BQXS7XGX""], [""01KZ3JNQ6GSQFVTDYEE20KWNE8""], [""01KZ3JNQ6GZ45RN21CFT71AASR""], [""01KZ3JNXNRP8FCTAGZ7NGXBZ0E""], [""01KZ3JNXNRYA6S98SGWHA71WEH""], [""01KZ3JP7XTSEACNNCFE4AR8R6V""], [""01KZ3JP7XRKHKKNW9NVD376JRM""], [""01KZ3JP7XSKS1YSA4WS03C6217""], [""01KZ3JNXNQAM62JRC15MTCMBA8""], [""01KZ3JP7XW0BPDEQVWV3CFAS00""], [""01KZ3JP7XWNKBSJE19JRXV66SA""], [""01KZ3JP7XW0BPDEQVWV3CFAS00""], [""01KZ3JP7XWNKBSJE19JRXV66SA""], [""01KZ3JP7XWNKBSJE19JRXV66SA""], [""01KZ3JNQ6JWK3A52NG6CBSHE0C""], [""01KZ3JP7XWNKBSJE19JRXV66SA""]]","{""entities"": [""Sam's""], ""time_constraints"": [], ""operands"": [], ""list_cardinality"": {""known"": false, ""count"": 0}, ""update_state"": ""current"", ""gap"": null}","[{""kind"": ""KEEP"", ""candidate_id"": ""01KZ3JNXNM24Q30EBKQ0TZ0VNW"", ""source_id"": ""01KZ3JNQ6H31ES8M94BQXS7XGX""}]",fail,KEEP 01KZ3JNXNM24Q30EBKQ0TZ0VNW 只覆盖发现新论文，未覆盖其余论文状态和正在写 findings；应为 gap。
023-b20260803-r3-0-00107-0-00107-q3,open-domain,train,How many hours do you typically dedicate to your thesis project each week?,"Around 15 hours a week, but it varies.",Sam is using Prometheus for monitoring and Grafana for visualization in his project.,"[""01KZ3MBHV89X3Z67ZNXFG1BDEX""]",[0],"[[""01KZ3MB0TEH8AHJ3E9TMQWN871""]]","{""entities"": [], ""time_constraints"": [], ""operands"": [], ""list_cardinality"": {""known"": true, ""count"": 15}, ""update_state"": """", ""gap"": {""kind"": ""entity"", ""entity"": """", ""start"": null, ""end"": null, ""operand"": """", ""source_need"": """"}}",[],pass,
023-b20260803-r3-0-00012-0-00012-q3,open-domain,train,When is Sarah's birthday this year?,Sarah’s birthday is on June 17th.,Sarah and her kids are suggested to join Alex on the trip. || Sarah’s birthday is on June 17th.,"[""01KZ3GXXRFHKW4P0VKYD0852AA"", ""01KZ3GXPNQB363W0VKAWR9JR9K""]","[0, 1]","[[""01KZ3GXPNT9M0BBNADVR6YA35W""], [""01KZ3GXFV3VNYB642SVPZ16H8C"", ""01KZ3GXFV4X7ZJWPP64F7FQVAN""]]","{""entities"": [""Sarah's""], ""time_constraints"": [""this year""], ""operands"": [], ""list_cardinality"": {""known"": false, ""count"": 0}, ""update_state"": """", ""gap"": null}","[{""kind"": ""KEEP"", ""candidate_id"": ""01KZ3GXPNQB363W0VKAWR9JR9K"", ""source_id"": ""01KZ3GXFV3VNYB642SVPZ16H8C""}, {""kind"": ""KEEP"", ""candidate_id"": ""01KZ3GXPNQB363W0VKAWR9JR9K"", ""source_id"": ""01KZ3GXFV4X7ZJWPP64F7FQVAN""}]",pass,
023-b20260803-r3-0-00179-0-00179-q3,open-domain,train,What are the key milestones for the FitTrack project as of the latest update?,Key milestones include initial beta testing by mid-May and final testing by mid-June before the launch.,"FitTrack aims to launch in April 2026. || Key milestones for FitTrack include finalizing design, completing backend development, and finishing beta testing by March. || Priya is working on a new fitness app called FitTrack. || Some team members for FitTrack prefer remote work while others prefer in-person meetings. || The team for FitTrack consists of 10 members. || The team for FitTrack includes 3 developers, 2 designers, 2 marketers, and 3 project managers.","[""01KZ3PXY5BFRG504YF8ZZE5762"", ""01KZ3PXY5GC66TJBPMDE23K7A2"", ""01KZ3PXY58E2N6KXJ48YZ4ZAXG"", ""01KZ3PXY5FE2ZHKN75V7Y12FR8"", ""01KZ3PXY5C1T81F5NZ9V7MZS3K"", ""01KZ3PXY5E6GBTE5P0FXNQQA25""]","[0, 1, 2, 3, 4, 5]","[[""01KZ3PXM0W23Y4YX8GP9MWA969""], [""01KZ3PXM0X745PK8393DX3CGW4""], [""01KZ3PXM0VQ7TPE6628BKTYKS8""], [""01KZ3PXM0XWFZ4YWMSQ07XF7MR""], [""01KZ3PXM0WTPZS1K03RNYG9G8B""], [""01KZ3PXM0XWFZ4YWMSQ07XF7MR""]]","{""entities"": [""FitTrack""], ""time_constraints"": [], ""operands"": [], ""list_cardinality"": {""known"": false, ""count"": 0}, ""update_state"": ""latest"", ""gap"": null}","[{""kind"": ""KEEP"", ""candidate_id"": ""01KZ3PXY5GC66TJBPMDE23K7A2"", ""source_id"": ""01KZ3PXM0X745PK8393DX3CGW4""}, {""kind"": ""KEEP"", ""candidate_id"": ""01KZ3PXY5BFRG504YF8ZZE5762"", ""source_id"": ""01KZ3PXM0W23Y4YX8GP9MWA969""}]",fail,KEEP 01KZ3PXY5GC66TJBPMDE23K7A2 给出 beta by March，01KZ3PXY5BFRG504YF8ZZE5762 给出 April launch，均与 mid-May/mid-June 冲突。
023-b20260803-r3-0-00038-0-00038-q0,single-hop,validation,When did Sam plan to have preliminary findings ready for his thesis on consensus algorithms?,Sam planned to have preliminary findings ready by mid-June.,"Sam considered including real-world examples like Raft and Practical Byzantine Fault Tolerance in his thesis. || Sam plans to finalize the Paxos algorithm section of his thesis by March 1st. || Sam started researching case studies for his thesis. || Dr. Johnson agreed to review Sam's thesis draft by February 28th. || Sam encountered difficulties with the simulation tools for his thesis. || Sam found a promising open-source library called Scalib for large-scale simulations. || Sam is focusing on the scalability aspects of his thesis. || Sam is working on a thesis about the impact of consensus algorithms in blockchain networks. || Sam plans to extend his work by exploring the impact of different node configurations on system performance. || Sam's advisor suggested using open-source and commercial tools to address the scalability issues. || Testing the Scalib library has shown significant improvements in running simulations with over 10,000 nodes.","[""01KZ3HV3TGDMGPFKJT09CE4XA4"", ""01KZ3HV3T7KAS3WX3STW5RD2XC"", ""01KZ3HV3TE45KZ4QRQPBAYX3E8"", ""01KZ3HV3TBBH11K6A2CWQEBBYQ"", ""01KZ3HVZJZXCDRY07N7ES08ZR3"", ""01KZ3HVZK2GHP8NE9QGN2G0WJV"", ""01KZ3HVZJYN8PT98PJVDA76HH5"", ""01KZ3HTV3CS2C93RSCSQ30CFQ9"", ""01KZ3HVZK4J52SV6JRKQ2Q5B10"", ""01KZ3HVZK1P7AJC43T4PN68B62"", ""01KZ3HVZK3Z7NMVW46BHD60HW7""]","[0, 1, 2, 3, 4, 5, 6, 7, 8, 9, 10]","[[""01KZ3HTV3JJE6CK2WDZ16PC28V""], [""01KZ3HTV3H8DENSYMD023FBYZS"", ""01KZ3HTV3JAZ144REDVKFGXVCR""], [""01KZ3HTV3JVMDQGRC5D0FJJKW2""], [""01KZ3HTV3JAZ144REDVKFGXVCR"", ""01KZ3HTV3JNF5DGMTMCZ03S520""], [""01KZ3HVJNTNHZ78PP3SGE43HY5""], [""01KZ3HVJNVXYEKF6PCSVE7PNY0""], [""01KZ3HVJNT5MEJQMBCV7GRCHEJ""], [""01KZ3HTJ7C36A17RSDZKKEKH0P""], [""01KZ3HVJNWHZ8Z6S3HRYRGVKFB""], [""01KZ3HVJNTDAEGC8VJKGXP93E2""], [""01KZ3HVJNVQPAFJYQXNTA3W0TE"", ""01KZ3HVJNVXH3AMR8GZD04DNGN""]]","{""entities"": [""Sam""], ""time_constraints"": [], ""operands"": [], ""list_cardinality"": {""known"": false, ""count"": 0}, ""update_state"": """", ""gap"": null}","[{""kind"": ""KEEP"", ""candidate_id"": ""01KZ3HV3TBBH11K6A2CWQEBBYQ"", ""source_id"": ""01KZ3HTV3JAZ144REDVKFGXVCR""}]",fail,KEEP 01KZ3HV3TBBH11K6A2CWQEBBYQ 是 February 28th 审稿，与 preliminary findings by mid-June 无关；应为 gap。
023-b20260803-r3-0-00184-0-00184-q0,single-hop,validation,When is the corporate event that Mei confirmed a booking for?,January 12th,"Blue Sea Foods has provided satisfactory service since switching suppliers. || Mei confirmed a big group booking for Friday, January 12th. || Mei got a new booking for July 15th from a group of 12. || Mei is considering contacting the local fishmonger as a backup supplier. || Mei is planning to introduce a new vegetarian dish next week. || Mei mentioned they had a busy weekend with the new menu. || Mei needs to find an alternative supplier due to the seafood delay. || Mei needs to secure some tables for a wedding reception on August 1st. || Mei needs to switch vegetable suppliers before the end of June. || Mei plans to finalize the new menu items this week, including vegetarian options. || Mei prefers organic and locally sourced vegetables for her restaurant. || Mei received a big booking for a corporate event on July 15th. || Mei’s supplier for the seafood has been experiencing delays. || Mei switched to a new supplier, Blue Sea Foods, due to an issue with fish last month.","[""01KZ3Q33XYTS35C9CK9B2ETVCW"", ""01KZ3Q33XTR5S90EMB5ENSP13H"", ""01KZ3Q2XKVG2RMNZA33CTKMQYV"", ""01KZ3Q3D8Q5ZPXTDBTC3RQGT8G"", ""01KZ3Q33XZN94NKQYFQ3W9TAE9"", ""01KZ3Q3K6PW2PKFHHKDYKVSSY4"", ""01KZ3Q3D8PBMJGV0VZPZMGZPGE"", ""01KZ3Q2XKX1TC373SN55539SX0"", ""01KZ3Q2XKZ2XBA8QBNBQMFKP6K"", ""01KZ3Q3D8R031MXJEQEDDP9F1P"", ""01KZ3Q2XKY8QVQ83DZD6ASAF3G"", ""01KZ3Q3D8JXGFMEK43B0GZ0TR3"", ""01KZ3Q3D8M76WR6AZDJ4B889AW"", ""01KZ3Q33XW4ADP1AB49DWTK8Z2""]","[0, 1, 2, 3, 4, 5, 6, 7, 8, 9, 10, 11, 12, 13]","[[""01KZ3Q2XM1668XM9HMK5Q2Z26P"", ""01KZ3Q2XM1MAHWERSJMRD9YV2C""], [""01KZ3Q2XM0B5PWGW1DFNCV76DD""], [""01KZ3Q2Q4C2EQZ5KDDTCRPH4GY""], [""01KZ3Q33Y1916ZQTA4SC0FHWJA""], [""01KZ3Q2XM1M1FQK3VW1WB4QY6S""], [""01KZ3Q3D8SX56Y0ZKDDDMA66YW""], [""01KZ3Q33Y0M2NG6YZR0DHR8KW1""], [""01KZ3Q2Q4DVXEA754N7KKK354S""], [""01KZ3Q2Q4E7T4CN8GJC2CBDHKN"", ""01KZ3Q2Q4EDTPAC3JQ4YY2A86F""], [""01KZ3Q33Y12P5T6YC1EXZNSH2Z""], [""01KZ3Q2Q4DQN4NH98R73KYMT31""], [""01KZ3Q33Y09APT2TRXEA9NNG68""], [""01KZ3Q33Y05HTYRYE2AM2W87YE""], [""01KZ3Q2XM067MC1TZD47KWNFZ2""]]","{""entities"": [""Mei""], ""time_constraints"": [], ""operands"": [], ""list_cardinality"": {""known"": false, ""count"": 0}, ""update_state"": """", ""gap"": null}","[{""kind"": ""KEEP"", ""candidate_id"": ""01KZ3Q33XTR5S90EMB5ENSP13H"", ""source_id"": ""01KZ3Q2XM0B5PWGW1DFNCV76DD""}]",fail,KEEP 01KZ3Q33XTR5S90EMB5ENSP13H 只说明 January 12th 的大团体预订，未确认其为 corporate event；候选中明确 corporate event 的日期反而是 July 15th。
023-b20260803-r3-0-00008-0-00008-q0,single-hop,validation,What are the top three priorities for the QuickSync launch?,"Ensuring the software is stable and bug-free, making sure all marketing materials are ready, and having a smooth user experience during beta testing.",Priya is working on the launch of a new software feature called 'QuickSync'.,"[""01KZ3GS59MCTBZV713V26JWED5""]",[0],"[[""01KZ3GRWPDC2CCERBWQ131HKMJ""]]","{""entities"": [""QuickSync""], ""time_constraints"": [], ""operands"": [], ""list_cardinality"": {""known"": false, ""count"": 0}, ""update_state"": """", ""gap"": {""kind"": ""entity"", ""entity"": ""QuickSync"", ""start"": null, ""end"": null, ""operand"": """", ""source_need"": ""entity:QuickSync""}}",[],pass,
023-b20260803-r3-0-00032-0-00032-q0,single-hop,validation,When is Alex's sister's birthday this year?,June 23rd,Alex asked the assistant to check for flight and hotel deals for his trip to Japan. || Alex hopes the rest of the team will join him for the beach house trip. || Alex is planning a family trip to Japan in March. || Alex is planning a vacation trip to Japan with his kids in June. || Alex needs reminders for his trip to Japan and his sister’s birthday. || Alex plans to have a small dinner at home to celebrate Sarah's birthday. || Alex prefers to travel to Japan the first week of June. || Alex's big project deadline is on May 9th. || The assistant agreed to find flight and hotel options for Alex’s trip to Japan. || The beach house rental is finalized and they will stay from May 10th to May 18th.,"[""01KZ3HM77T4VDF6W4NTJB3TC91"", ""01KZ3HMTHS8GJ0WYX3K53KR477"", ""01KZ3HMK2QRTT5P2WJMASWTN5Y"", ""01KZ3HM77EH13GCWXFKQQZMGJD"", ""01KZ3HM77RCPSBN1Q29GK19F55"", ""01KZ3HMTHJWEEM7Z85JNSG934D"", ""01KZ3HM77QGM97P9A0RHZ8M23M"", ""01KZ3HMTHRFQ85HWCH2TCD9S07"", ""01KZ3HM77WD3ET7DA0ZPT7E978"", ""01KZ3HMTHN2JKZQQDWPWEFE656""]","[0, 1, 2, 3, 4, 5, 6, 7, 8, 9]","[[""01KZ3HKMSBFBMDSE62VBHRM5QG""], [""01KZ3HMK3828ZTCQKCA5ZE4W3J""], [""01KZ3HM780894DT5WT23NBD2CS""], [""01KZ3HKMSA2CHJY74073RWKZ22""], [""01KZ3HKMSBRYD0M0SJKH282MA0""], [""01KZ3HMK37P9VVRSFCVM4XP65Y""], [""01KZ3HKMSBFJGMFNDMYG5JGFBX""], [""01KZ3HMK38R3Q2W5S2MR8P1746""], [""01KZ3HKMSBFBMDSE62VBHRM5QG""], [""01KZ3HMK38K3ANS1QJPQ35FGS6""]]","{""entities"": [""Alex's""], ""time_constraints"": [""this year""], ""operands"": [], ""list_cardinality"": {""known"": false, ""count"": 0}, ""update_state"": """", ""gap"": null}","[{""kind"": ""KEEP"", ""candidate_id"": ""01KZ3HM77RCPSBN1Q29GK19F55"", ""source_id"": ""01KZ3HKMSBRYD0M0SJKH282MA0""}]",fail,KEEP 01KZ3HM77RCPSBN1Q29GK19F55 只说需要生日提醒，没有 June 23rd；应为 gap。
023-b20260803-r3-0-00095-0-00095-q0,single-hop,validation,When did Dana start her home-lab project?,Dana started her home-lab project about a year ago.,Dana added a column for code reviews in Trello to improve workflow. || Dana added a new GPU for rendering tasks and an SSD for faster storage access to her home-lab's server. || Dana added a second access point to improve Wi-Fi coverage. || Dana chose the new hardware to better handle database loads and support more virtual machines. || Dana considered trying mesh systems for better Wi-Fi coverage. || Dana faced challenges with the Wi-Fi range in her home-lab project and upgraded the router. || Dana has implemented a new feature for remote monitoring and will have a beta version ready by the end of the week. || Dana is a software engineer working on a mini data center in her garage. || Dana is considering adding more servers for redundancy and scalability to her home-lab. || Dana is considering implementing encryption for the data at rest due to data sensitivity. || Dana might look into getting a faster switch and a separate network segment for critical services to upgrade her network infrastructure. || Dana plans to start the network upgrades over the weekend next week. || Dana reduced the server load time by about 30%. || Dana’s team is staying motivated and they are close to finishing the next phase of the project. || Dana upgraded the server hardware to the latest model on or after 2026-04-15. || Dana uses Trello for project task management and tracking. || Dana will run load tests using the same scripts with a larger dataset to simulate real-world usage. || The assistant advised Dana to implement encryption for the data at rest to enhance security and compliance.,"[""01KZ3KWYT09Z1ME6VGTET2ZZNN"", ""01KZ3KW7YD7QPJ3DJ6BKV28JFZ"", ""01KZ3KWYSXGFFNW1FSAE80NEP1"", ""01KZ3KWJ3P0SDT36BWSHDQPSFR"", ""01KZ3KWYSY0TGBRE73J8RBFKX0"", ""01KZ3KWYSTHQP6ZSTHP19APHET"", ""01KZ3KWJ3SCZ9KTB916PK7PB5T"", ""01KZ3KVZAV200PNQW99XTE1YKW"", ""01KZ3KW7YF9PTP90D0AD1JY7GS"", ""01KZ3KWJ3VVWMMY4AG7VQCXAZS"", ""01KZ3KW7YH15JE239P7RWP7A0P"", ""01KZ3KW7YJYGBKPNCMFFT75QYT"", ""01KZ3KW7YA7K5QYJXD3NMX9K8B"", ""01KZ3KWYT18VRK7BJV2XQGNR9Y"", ""01KZ3KWJ3NW8ZHP0R5JN47SR1M"", ""01KZ3KWYSZ6M0W8V6NWSPTY0Z4"", ""01KZ3KWJ3R9NZENHE7F4MQ03KZ"", ""01KZ3KWJ3WC4N2H8XR6X6977NW""]","[0, 1, 2, 3, 4, 5, 6, 7, 8, 9, 10, 11, 12, 13, 14, 15, 16, 17]","[[""01KZ3KWJ3YXWZ20GBWED1RADKK""], [""01KZ3KVZB4R4PEN5ANR1ZFNT23""], [""01KZ3KWJ3YY8W4V3157VSRBAVM""], [""01KZ3KW7YM0KZZTAHG1DGMZPR1""], [""01KZ3KWJ3YY8W4V3157VSRBAVM""], [""01KZ3KWJ3XCEWGXBYDHEM4AJGR""], [""01KZ3KW7YPD4APP0535T8Z429Z""], [""01KZ3KVPTTW95603YF4BNT17P6""], [""01KZ3KVZB4R4PEN5ANR1ZFNT23""], [""01KZ3KW7YQ5C9FGT51N8DC2PSZ""], [""01KZ3KVZB4R4PEN5ANR1ZFNT23""], [""01KZ3KVZB5AC1CDMN2T5QVV20D""], [""01KZ3KVZB4R4PEN5ANR1ZFNT23""], [""01KZ3KWJ3ZHK5ZXES4E5TMYG0J""], [""01KZ3KW7YM3WR6DHDPZZ5SYCP7""], [""01KZ3KWJ3YXWZ20GBWED1RADKK""], [""01KZ3KW7YNFZ508BV2CZQDDXV4""], [""01KZ3KW7YQ5C9FGT51N8DC2PSZ""]]","{""entities"": [""Dana""], ""time_constraints"": [], ""operands"": [], ""list_cardinality"": {""known"": false, ""count"": 0}, ""update_state"": """", ""gap"": null}","[{""kind"": ""KEEP"", ""candidate_id"": ""01KZ3KWYSTHQP6ZSTHP19APHET"", ""source_id"": ""01KZ3KWJ3XCEWGXBYDHEM4AJGR""}]",fail,KEEP 01KZ3KWYSTHQP6ZSTHP19APHET 是 Wi-Fi 问题和路由器升级，未说明约一年前开始项目；应为 gap。
023-b20260803-r3-0-00083-0-00083-q0,single-hop,validation,What specific systems did Sam compare in his thesis chapter about distributed databases?,"Cassandra, Redis, and MongoDB","Sam aims to finish the methodology section by the end of this month. || Sam decided to compare three main distributed system architectures: client-server, peer-to-peer, and hybrid. || Sam finished the literature review last week. || Sam has been focusing on a chapter about consensus algorithms for his thesis. || Sam implemented a new protocol that reduces the number of messages needed by almost 20% for the Paxos algorithm. || Sam is considering integrating the new protocol with other consensus algorithms like Raft. || Sam is currently focusing on the methodology section of the thesis. || Sam is working on the chapter about distributed databases for his thesis. || Sam plans to start collecting data for experiments after finishing the methodology section. || Sam plans to wrap up the current chapter by the end of this month. || Sam's thesis topic is about the impact of renewable energy policies on local economies. || Sam tested the new protocol under various network scenarios—high latency, low bandwidth, and high packet loss. || Sam will then start on the section about fault tolerance in distributed systems. || The preliminary setup for Sam's experiments is complete.","[""01KZ3KFE7H2V73K24M8E6Y1FDX"", ""01KZ3KFE7GR4SJ8C3814SXMFQA"", ""01KZ3KFE7E97EWCV2N2N48X0SZ"", ""01KZ3KFR6HB3NQYXCM1G1CNZJT"", ""01KZ3KFR6KKNRRSSRVMT8XQG2X"", ""01KZ3KFR6PF088HZ56WCNJVNCS"", ""01KZ3KFE7FMDZJN9NZ2CK1FENX"", ""01KZ3KF23Y54AVVE55G1RZDFZQ"", ""01KZ3KFE7H3HGBYGCRY1BDMSQC"", ""01KZ3KFR6R4P4ZE4CXPG2Q7R1J"", ""01KZ3KETDXYP1RTCCFM1CMHHBX"", ""01KZ3KFR6NHY5QNQAEKY4W3X7R"", ""01KZ3KFR6RSCQ8SWBR27VW2VWJ"", ""01KZ3KFE7JFAV3F57RQMWPY7S3""]","[0, 1, 2, 3, 4, 5, 6, 7, 8, 9, 10, 11, 12, 13]","[[""01KZ3KF246JSJJG8HJ6CED8CA6""], [""01KZ3KF246JSJJG8HJ6CED8CA6""], [""01KZ3KF2462YVH79RBDGPFQ0GZ""], [""01KZ3KFE7JXHX8BD2CFNR5J0J8""], [""01KZ3KFE7KEJHWDC4V9T1C95QP""], [""01KZ3KFE7M0BCMT3FVM4J40G0X""], [""01KZ3KF2462YVH79RBDGPFQ0GZ""], [""01KZ3KETDY2H971D07J81GE3FG""], [""01KZ3KF246JSJJG8HJ6CED8CA6""], [""01KZ3KFE7MXGEQHX66HNN21AEK""], [""01KZ3KES5DV8H3F0H2C98MTATJ""], [""01KZ3KFE7KX74EAV853GYJ0R3K""], [""01KZ3KFE7MXGEQHX66HNN21AEK""], [""01KZ3KF247P36QKMBFF44FN9KT""]]","{""entities"": [""Sam""], ""time_constraints"": [], ""operands"": [{""name"": ""compare"", ""satisfied"": false}], ""list_cardinality"": {""known"": false, ""count"": 0}, ""update_state"": """", ""gap"": null}","[{""kind"": ""KEEP"", ""candidate_id"": ""01KZ3KFE7E97EWCV2N2N48X0SZ"", ""source_id"": ""01KZ3KF2462YVH79RBDGPFQ0GZ""}, {""kind"": ""KEEP"", ""candidate_id"": ""01KZ3KFE7FMDZJN9NZ2CK1FENX"", ""source_id"": ""01KZ3KF2462YVH79RBDGPFQ0GZ""}, {""kind"": ""KEEP"", ""candidate_id"": ""01KZ3KFR6HB3NQYXCM1G1CNZJT"", ""source_id"": ""01KZ3KFE7JXHX8BD2CFNR5J0J8""}]",fail,三个现有 KEEP 均未提 Cassandra、Redis、MongoDB，候选集中也没有完整答案；应为 gap。
023-b20260803-r3-0-00160-0-00160-q0,single-hop,validation,When did Dana start the project to add a new server to her home lab?,March 2025,Dana added a new Raspberry Pi to her network on 2023-05-15. || Dana installed a new OS on her home-lab server but encountered network configuration issues. || Dana is excited about testing machine learning models on the new setup. || Dana is using an external USB drive for backup solutions. || Dana needs to prepare a presentation on her home-lab project for the following week. || Dana plans to finish upgrading the network setup by the end of July 2026. || Dana plans to have the backup solution ready by the end of this week. || Dana started the home-lab project in March 2025. || Dana suspects the network issue on her home-lab server might be due to a DNS problem. || Dana updated the firewall rules on her Raspberry Pi yesterday.,"[""01KZ3P7D76AVVFP5Q3G2Y7M2CS"", ""01KZ3P77CBK4K7BKVPCE08PQ2G"", ""01KZ3P7PDGRPS9RXJ6YGXXMFJ0"", ""01KZ3P7D7909J9PNNN8JSFMR5G"", ""01KZ3P77CGB4PZQ0P06HXWFKN4"", ""01KZ3P7PDE9QDKMQMT874WVZT5"", ""01KZ3P7D7AJPE4AQN916P63HWK"", ""01KZ3P7PD60SQ1V321JPQK1HKE"", ""01KZ3P77CDTKGZTJDQK1RZ1MGX"", ""01KZ3P7D78BBN3BY40GVYCEMPS""]","[0, 1, 2, 3, 4, 5, 6, 7, 8, 9]","[[""01KZ3P77CJPS13Q7X494GJ0K6E""], [""01KZ3P70KD4A74QSWCR13AGJTB""], [""01KZ3P7D7C1E8N4M2G39MXF7K6""], [""01KZ3P77CM1W1GBB7YHPPJMGES""], [""01KZ3P70KEVNJWJVEDR566Z60Z""], [""01KZ3P7D7CMSE13Q2KR3Y2HPNW""], [""01KZ3P77CM1W1GBB7YHPPJMGES""], [""01KZ3P7D7BBYP0JEGTYQWDNJEZ""], [""01KZ3P70KDWJNWJVEQ5DGBMBGP""], [""01KZ3P77CK4JCG7WVFP4V7JZHY""]]","{""entities"": [""Dana""], ""time_constraints"": [], ""operands"": [], ""list_cardinality"": {""known"": false, ""count"": 0}, ""update_state"": """", ""gap"": null}","[{""kind"": ""KEEP"", ""candidate_id"": ""01KZ3P7PD60SQ1V321JPQK1HKE"", ""source_id"": ""01KZ3P7D7BBYP0JEGTYQWDNJEZ""}]",pass,
023-b20260803-r3-0-00170-0-00170-q0,single-hop,validation,What is the date of the family trip to Japan?,June 15th to 25th,The family plans to arrive at the hotel by 4 PM on June 15th to set up for Tom's birthday party. || The family plans to visit a local market before Tom's birthday party. || The family trip to Japan is from July 15th to 25th. || The family trip to Japan is planned for June 15th. || Tom's birthday falls on June 15th during the family trip to Japan.,"[""01KZ3PMK6JBQ8V3AAX3AV29068"", ""01KZ3PMK6K21YZMQ3EWKDM6THV"", ""01KZ3PKCZ12S433MBQCVSGTH0X"", ""01KZ3PMK6EW0PXJPHJHHCW53K8"", ""01KZ3PMK6GF9M2NC8F8RYGEBXB""]","[0, 1, 2, 3, 4]","[[""01KZ3PM7A0MMPDG3D0R4RZAJAR""], [""01KZ3PM7A069HP3AEVMFJMEDZP""], [""01KZ3PK304A6WBSPDMG5H69SMG"", ""01KZ3PK304NPF5R3KWZ3ARA39S""], [""01KZ3PM79Z3KEDP67M9N6AN9C6""], [""01KZ3PM79ZXH020WWNYGJMF1VM""]]","{""entities"": [""Japan""], ""time_constraints"": [], ""operands"": [], ""list_cardinality"": {""known"": false, ""count"": 0}, ""update_state"": """", ""gap"": null}","[{""kind"": ""KEEP"", ""candidate_id"": ""01KZ3PMK6GF9M2NC8F8RYGEBXB"", ""source_id"": ""01KZ3PM79ZXH020WWNYGJMF1VM""}, {""kind"": ""KEEP"", ""candidate_id"": ""01KZ3PMK6JBQ8V3AAX3AV29068"", ""source_id"": ""01KZ3PM7A0MMPDG3D0R4RZAJAR""}]",fail,现有 KEEP 只能证明 June 15th，未覆盖 June 25th 结束；候选 01KZ3PKCZ12S433MBQCVSGTH0X 还是冲突的 July 15th–25th。
023-b20260803-r3-0-00033-0-00033-q0,single-hop,validation,What is the expected increase in monthly profit with the new supplier and potential table sales?,"$2,000",The supplier is bringing in twice as much vegetables as usual for the salads.,"[""01KZ3HNSHQRK9ZJMH81SR81A06""]",[0],"[[""01KZ3HNJFKAQ2SPFGQT92Q1B7C""]]","{""entities"": [], ""time_constraints"": [], ""operands"": [], ""list_cardinality"": {""known"": false, ""count"": 0}, ""update_state"": """", ""gap"": {""kind"": ""entity"", ""entity"": """", ""start"": null, ""end"": null, ""operand"": """", ""source_need"": """"}}",[],pass,
023-b20260803-r3-0-00113-0-00113-q0,single-hop,validation,"When is the birthday party for Sarah’s niece, Lily?",March 4th,"Lily’s birthday party is on Saturday, March 4th.","[""01KZ3MHK8QS8D05691PAW6TR9A""]",[0],"[[""01KZ3MHA1Q40KHJNRGPB4R12QW""]]","{""entities"": [""Lily"", ""Sarah""], ""time_constraints"": [], ""operands"": [], ""list_cardinality"": {""known"": false, ""count"": 0}, ""update_state"": """", ""gap"": null}","[{""kind"": ""KEEP"", ""candidate_id"": ""01KZ3MHK8QS8D05691PAW6TR9A"", ""source_id"": ""01KZ3MHA1Q40KHJNRGPB4R12QW""}]",pass,
023-b20260803-r3-0-00089-0-00089-q0,single-hop,validation,Did Sam mention the biggest challenge in his research was balancing performance and fault tolerance?,Yes,Balancing performance and fault tolerance is considered the biggest challenge in Sam's research. || Sam completed the section on the impact of different network topologies on performance last week. || Sam finished the section on fault tolerance in distributed systems yesterday. || Sam found that ring networks perform worse under high load compared to mesh networks. || Sam has been refining the algorithm to handle network delays in his thesis. || Sam has read a paper by Dr. Zhang on consensus algorithms. || Sam hopes to submit his thesis by the end of March. || Sam is a graduate student. || Sam is exploring different algorithms and their impact on system reliability for his next chapter. || Sam is writing a thesis on distributed systems. || Sam plans to discuss network partitioning strategies in the next chapter of his thesis. || Sam plans to integrate findings from Dr. Zhang’s paper with his own experiments. || The deadline for Sam's first chapter submission is February 15th.,"[""01KZ3KP19XQ4R4NMDSZ5A8324M"", ""01KZ3KP19T4929XW24JPHVPHE5"", ""01KZ3KP9Z34TVMKR5Q0YW5S368"", ""01KZ3KP19WGSCRQCWY0RYPXNMK"", ""01KZ3KP19RFV7GPWYYN6V903RS"", ""01KZ3KP9Z8S9RN7H5523RDGWDP"", ""01KZ3KP9ZAJYB5ABZZMTWJY1VV"", ""01KZ3KNS2VZ4VE6C51ZGHPTSPB"", ""01KZ3KP9Z7JW62M3CPE6Z2FVA6"", ""01KZ3KNS2XEBZN9BVWV0A0FM52"", ""01KZ3KP9Z5CB61GX07SXN54NS3"", ""01KZ3KP9Z9WRJ4JFCY53YRW03R"", ""01KZ3KP19V0GFBCA053Y30970C""]","[0, 1, 2, 3, 4, 5, 6, 7, 8, 9, 10, 11, 12]","[[""01KZ3KNS6CZ4075MSFAD9Y5PVQ""], [""01KZ3KNS6BTJPAA2256C14FRK8""], [""01KZ3KP19YT6WF7PF1Q34492CR""], [""01KZ3KNS6BY7NT4RK91PFX07SN""], [""01KZ3KNS6A5N8XXT38JNBY8KMV""], [""01KZ3KP19ZA1YKW71CKC0JAVD0""], [""01KZ3KP19ZWWDGAEXTNB38P2RW""], [""01KZ3KNPPY9QD28ZJZNFCYK3SQ""], [""01KZ3KP19YB0YY99FZE85Y6AZH""], [""01KZ3KNPPY9QD28ZJZNFCYK3SQ""], [""01KZ3KP19Y3M0MMNXTE06YBYPF""], [""01KZ3KP19ZA1YKW71CKC0JAVD0""], [""01KZ3KNS6B1SC50XZVDTSC8AYZ""]]","{""entities"": [""Sam""], ""time_constraints"": [], ""operands"": [], ""list_cardinality"": {""known"": false, ""count"": 0}, ""update_state"": """", ""gap"": null}","[{""kind"": ""KEEP"", ""candidate_id"": ""01KZ3KP19XQ4R4NMDSZ5A8324M"", ""source_id"": ""01KZ3KNS6CZ4075MSFAD9Y5PVQ""}]",pass,
023-b20260803-r3-0-00085-0-00085-q0,single-hop,validation,Did you start using the new supplier Green Fields Produce a couple of weeks ago?,Yes,Supplier can deliver all needed supplies by Friday. || Supplier experienced a delay in delivering some ingredients last week.,"[""01KZ3KHJPG6B208EJBTE4JRW8K"", ""01KZ3KHJPH3KEYM7W6J2RA7AQ5""]","[0, 1]","[[""01KZ3KHBQVXJS8TVP1EQWDPJNT""], [""01KZ3KHBQVXJS8TVP1EQWDPJNT""]]","{""entities"": [""Fields"", ""Green"", ""Produce""], ""time_constraints"": [], ""operands"": [], ""list_cardinality"": {""known"": false, ""count"": 0}, ""update_state"": """", ""gap"": {""kind"": ""entity"", ""entity"": ""Fields"", ""start"": null, ""end"": null, ""operand"": """", ""source_need"": ""entity:Fields""}}",[],pass,
023-b20260803-r3-0-00052-0-00052-q0,single-hop,validation,When is mom's birthday party scheduled?,June 25th,The mom's birthday party was planned for June 25th at a vineyard near Alex's home.,"[""01KZ3JD5MV9RNYSBFQPBXH3R00""]",[0],"[[""01KZ3JD0A6R9KZDH7EQK9Z6A95"", ""01KZ3JD0A6Y6F04ETSW69RSDN3""]]","{""entities"": [], ""time_constraints"": [], ""operands"": [], ""list_cardinality"": {""known"": false, ""count"": 0}, ""update_state"": """", ""gap"": null}","[{""kind"": ""KEEP"", ""candidate_id"": ""01KZ3JD5MV9RNYSBFQPBXH3R00"", ""source_id"": ""01KZ3JD0A6R9KZDH7EQK9Z6A95""}]",pass,
023-b20260803-r3-0-00180-0-00180-q0,single-hop,validation,When is Mom's birthday during the Paris trip?,Mom's birthday is on the 8th of March.,"Alex and their party are traveling to Paris from March 5th to March 10th. || Alex is planning a trip to Paris with the kids starting on July 15, 2026. || Alex's mother's birthday is on March 8th in Paris. || Le Comptoir du Relais is planned for Alex's mother's birthday lunch in Paris.","[""01KZ3PZV93FERRKPWA7Z1DQ8T1"", ""01KZ3PZ2SP75EMYTMQDE7RWCK9"", ""01KZ3PZV96B81SCER9T7HQ42Z3"", ""01KZ3PZV97BVSQ1GDW36XJ6HFB""]","[0, 1, 2, 3]","[[""01KZ3PZMDYCQ32E0DK8CZJS0YX""], [""01KZ3PYPDE454PGDSH00S7WT5F""], [""01KZ3PZMDYCQ32E0DK8CZJS0YX""], [""01KZ3PZMDZC0Y7ZGGS175ZZFTJ""]]","{""entities"": [""Mom's"", ""Paris""], ""time_constraints"": [], ""operands"": [], ""list_cardinality"": {""known"": false, ""count"": 0}, ""update_state"": """", ""gap"": null}","[{""kind"": ""KEEP"", ""candidate_id"": ""01KZ3PZV96B81SCER9T7HQ42Z3"", ""source_id"": ""01KZ3PZMDYCQ32E0DK8CZJS0YX""}]",pass,
023-b20260803-r3-0-00091-0-00091-q0,single-hop,validation,When did Dana get the first server online for her home-lab project?,2025-09-15,Dana added two new servers to her home-lab last week. || Dana and a friend plan to start a side project on an IoT system for monitoring home energy usage next week. || Dana finished setting up a new server for additional storage capacity on 2026-01-14. || Dana got the first server online in September 2025. || Dana has a home-lab project. || Dana has been working on integrating a new server into her network since 2026-04-19. || Dana is a software engineer. || Dana is considering upgrading to a faster internet plan to address the bandwidth issue. || Dana is facing a bandwidth bottleneck while integrating the new server. || Dana is planning to check for configuration tweaks before upgrading the internet plan. || Dana plans to implement two-factor authentication next week. || Dana plans to integrate the new servers by the end of May 2026. || Dana plans to start working on the data backup system this weekend. || Dana started using a new monitoring tool to manage her home-lab project. || Dana updated firewall rules yesterday to better secure the network. || Dana wants to set up the new servers for a distributed database system and machine learning experiments. || Feedback from the beta testers of Dana’s home-lab setup was generally positive. || The home-lab project was discussed initially on 2025-09-15.,"[""01KZ3KRH1X4X2N4ARZHTFXSFKY"", ""01KZ3KRH27XQCG9AC44J6NE56N"", ""01KZ3KR66K7XDZWXRKAPKWPV6W"", ""01KZ3KR66T4EVR0YEQQY2PSVQV"", ""01KZ3KQHM05XR2SMVG45V9VT2S"", ""01KZ3KQS2NJ66E7DW089G5WTK7"", ""01KZ3KQHKYTCM0HZFNS0DQ5Z3P"", ""01KZ3KQS2QJCBR3GETE5T3GG6K"", ""01KZ3KQS2PX097D21KM6KA5TRP"", ""01KZ3KQS2R6D0S0B0RHKPRJWW9"", ""01KZ3KR66XFYX2NNBFQPVFFE82"", ""01KZ3KRH20RNP76A28WYDZJ2HQ"", ""01KZ3KR66ZTQRG6NR4CEG6CFF6"", ""01KZ3KQS2SWNXWAY9HYKP6B8NF"", ""01KZ3KR66WHDMDSGR4ZHEFQRCR"", ""01KZ3KRH224NQ5DHAFNQ34PF9J"", ""01KZ3KRH25BYZFQWAV3HPDGSY3"", ""01KZ3KR66Q41AKCSGY58E1223J""]","[0, 1, 2, 3, 4, 5, 6, 7, 8, 9, 10, 11, 12, 13, 14, 15, 16, 17]","[[""01KZ3KR671Z339WZR98HG9Y8J4""], [""01KZ3KR675D83WMZVA8S1GGFFS""], [""01KZ3KQS2STTRWT43FB93VF6Q9"", ""01KZ3KQS2TAFNTSAV4C8KTN7DJ""], [""01KZ3KQS2TX2YA6PT43MVF9DHA""], [""01KZ3KQEHZB8GPWVHVDWTMB184""], [""01KZ3KQHM26FSW57FYDQ83M7TF""], [""01KZ3KQEHZB8GPWVHVDWTMB184""], [""01KZ3KQHM49ZWVJNE8GVGRRVPT""], [""01KZ3KQHM31B8VZZ36GFT0GNBP""], [""01KZ3KQHM409FHA32XSZ7AKBHS""], [""01KZ3KQS2TVZQ0P2YA594J7PJS""], [""01KZ3KR671Z339WZR98HG9Y8J4""], [""01KZ3KQS2TMRR854C6YJR4N3BC""], [""01KZ3KQHM5A80YHJGSTM2S2MVA""], [""01KZ3KQS2TVZQ0P2YA594J7PJS""], [""01KZ3KR672WDTCA5E86ZWC7YKT""], [""01KZ3KR673JMS2RT8ZHC2ANMBW""], [""01KZ3KQS2TAFNTSAV4C8KTN7DJ"", ""01KZ3KQS2TX2YA6PT43MVF9DHA""]]","{""entities"": [""Dana""], ""time_constraints"": [], ""operands"": [], ""list_cardinality"": {""known"": false, ""count"": 0}, ""update_state"": """", ""gap"": null}",[],pass,
023-b20260803-r3-0-00124-0-00124-q0,single-hop,validation,What was the expected completion date for Sam's first draft of his thesis by the end of April?,end of April,"Sam plans to include detailed results from the scalability tests in the chapter on distributed algorithms in his thesis next week. || Increasing the number of nodes from 50 to 100 improved throughput by 20%. || Sam believes the findings highlight the need for optimizing both throughput and latency simultaneously. || Sam completed a chapter on the performance benchmarks of his distributed system model last week. || Sam has been running simulations to test the scalability of the system with positive results. || Sam implemented a new algorithm that reduces communication overhead significantly, improving performance. || Sam intends to gather more data points to validate the improvements during the next phase of testing. || Sam is evaluating the system's scalability using response time, throughput, memory usage, and network latency as key metrics. || Sam is working on a thesis about the impact of different synchronization techniques in distributed databases. || Sam observed reduced network latency with a new algorithm after optimizing data flow. || Sam plans to explore fault tolerance mechanisms next due to the increasing complexity of distributed systems. || Sam plans to test the optimized algorithm under more realistic conditions, such as varying network loads, starting next week. || Sam's optimized algorithm aligns with his original hypotheses. || Sam will document every step meticulously for his thesis. || Scaling up to 100 nodes resulted in a slight increase in latency, but it was within acceptable limits.","[""01KZ3MXDCKP6DM2QXJBC2MCGD8"", ""01KZ3MXMS4DJDMFC06G792HNKG"", ""01KZ3MXMS6YANZZFRBX1AYBSST"", ""01KZ3MXMS0FQH0B3CGERBEMTQ2"", ""01KZ3MXDCF6E5SN4597JHQKT46"", ""01KZ3MXDCKH8Z89Q38SXBAA89S"", ""01KZ3MX4SV9905Z0Z3Y60VGPZK"", ""01KZ3MXDCH59YRJ1F34MYTS763"", ""01KZ3MWTG0Y42SSXJE6PGE4TYJ"", ""01KZ3MX4SQSMBRYM1GV5Q4RF16"", ""01KZ3MXMS7AEVNXWJWY7QFVK22"", ""01KZ3MX4SV3GXC2GN8CD90G0X3"", ""01KZ3MX4SSBZ8RFTF2G7M2XMDM"", ""01KZ3MX4SWCN23899C0PZ4136D"", ""01KZ3MXMS5S2VAGXVV8D1ZWBKX""]","[0, 1, 2, 3, 4, 5, 6, 7, 8, 9, 10, 11, 12, 13, 14]","[[""01KZ3MX4SYXA45J066HGFK5AR3""], [""01KZ3MXDCM2THRP5XXE3A934Q3""], [""01KZ3MXDCNSH80N35TFJT2ZH3Y""], [""01KZ3MXDCM2THRP5XXE3A934Q3""], [""01KZ3MX4SXM7HPVNB5GRK5PGZ1""], [""01KZ3MX4SX8EGJSETR9Q7GMA30""], [""01KZ3MWTGDD83DKB9BJD76FDT3""], [""01KZ3MX4SXYZSQYDF33H3EJ8XK""], [""01KZ3MWGY0WR6AENAQ6NAZ2CNH""], [""01KZ3MWTGBJHTCV3H9YZ0GZ4PF""], [""01KZ3MXDCNY8T9AEW92T0PKKPY""], [""01KZ3MWTGDD83DKB9BJD76FDT3""], [""01KZ3MWTGCPBDJ0TDG9JABFQA2""], [""01KZ3MWTGEF2PVQHK1XTGD38PQ""], [""01KZ3MXDCNNKARNFFXBHMZ5HEH""]]","{""entities"": [""April"", ""Sam's""], ""time_constraints"": [], ""operands"": [], ""list_cardinality"": {""known"": false, ""count"": 0}, ""update_state"": """", ""gap"": null}","[{""kind"": ""KEEP"", ""candidate_id"": ""01KZ3MXDCKP6DM2QXJBC2MCGD8"", ""source_id"": ""01KZ3MX4SYXA45J066HGFK5AR3""}]",fail,KEEP 01KZ3MXDCKP6DM2QXJBC2MCGD8 只说下周写入测试结果，未覆盖 first draft by end of April；应为 gap。
023-b20260803-r3-0-00171-0-00171-q0,single-hop,validation,What was the initial launch date for the EcoPack project mentioned in the first session?,"June 15, 2026",EcoPack is launching on 2026-06-15,"[""01KZ3PMXD35SFJQ8Y5QMMAPBPQ""]",[0],"[[""01KZ3PMKDC11AT20CAWYHJBRWV"", ""01KZ3PMKDCNYKSVV6GZ04HCPGQ""]]","{""entities"": [""EcoPack""], ""time_constraints"": [], ""operands"": [], ""list_cardinality"": {""known"": false, ""count"": 0}, ""update_state"": """", ""gap"": null}","[{""kind"": ""KEEP"", ""candidate_id"": ""01KZ3PMXD35SFJQ8Y5QMMAPBPQ"", ""source_id"": ""01KZ3PMKDC11AT20CAWYHJBRWV""}]",pass,
023-b20260803-r3-0-00002-0-00002-q0,single-hop,validation,When did you start your HomeNet project?,March 2024,Dana's project is called 'HomeNet'. || Dana started the HomeNet project in March 2024.,"[""01KZ3GJ5E52M265EVNB9SBBJ6M"", ""01KZ3GJ5E6Z3088WR2F20AF9EG""]","[0, 1]","[[""01KZ3GJ01EWZCVXV123VMF9KN4""], [""01KZ3GJ01ETMFE3PG8D1M8DBX5""]]","{""entities"": [""HomeNet""], ""time_constraints"": [], ""operands"": [], ""list_cardinality"": {""known"": false, ""count"": 0}, ""update_state"": """", ""gap"": null}","[{""kind"": ""KEEP"", ""candidate_id"": ""01KZ3GJ5E6Z3088WR2F20AF9EG"", ""source_id"": ""01KZ3GJ01ETMFE3PG8D1M8DBX5""}]",pass,
023-b20260803-r3-0-00173-0-00173-q0,single-hop,validation,What are the confirmed dates for the Paris trip?,July 15th to July 22nd,Alex finalized the family trip dates for July 15th to July 22nd.,"[""01KZ3PQ8FVY2VZJDZ7GMZHAMBM""]",[0],"[[""01KZ3PPZRETSHVDZM9RKP89QWV""]]","{""entities"": [""Paris""], ""time_constraints"": [], ""operands"": [], ""list_cardinality"": {""known"": false, ""count"": 0}, ""update_state"": """", ""gap"": null}","[{""kind"": ""KEEP"", ""candidate_id"": ""01KZ3PQ8FVY2VZJDZ7GMZHAMBM"", ""source_id"": ""01KZ3PPZRETSHVDZM9RKP89QWV""}]",pass,
023-b20260803-r3-0-00041-0-00041-q0,single-hop,validation,When did Dana start her home-lab project?,2024,"Dana added a new server, a Raspberry Pi 4 with 8GB of RAM, for running additional tests. || Dana added two new routers to her home-lab network last month to optimize its speed. || Dana aims to integrate the new machine learning model by the end of June 2026. || Dana encountered issues with the compatibility of the new model with the existing framework during the update. || Dana encountered latency issues with certain applications during the initial setup of her new routers. || Dana expects her new SSD to arrive in the next couple of days. || Dana has been tweaking firewall rules to better protect against DDoS attacks on the network security system. || Dana hopes to have her network setup fine-tuned by next week. || Dana is planning to set up a continuous integration/continuous deployment pipeline for the project. || Dana is purchasing a new SSD to expand her home-lab's storage capacity this month. || Dana plans to seek help from tech friends online if she doesn't resolve the latency issues by next week. || Dana plans to use the new server for testing a new virtualization setup, running containers and comparing performance to existing virtual machines. || Dana resolved the compatibility issue by modifying the framework’s configuration files. || Dana's home-lab consists of three servers: one for development, one for testing, and one for production. || Dana started her home-lab project in 2024. || Dana updated the data preprocessing pipeline to handle larger datasets more efficiently. || Dana updated the database schema to include more detailed logging for troubleshooting purposes. || Dana uses Docker, Kubernetes, and Jenkins in her home-lab. || Dana wants to improve her knowledge of security best practices and integrate machine learning tools for automation in her home-lab. || Dana will start installing her new SSD after it arrives. || Dana will start setting up the new virtualization setup by the end of next week. || Managing the load between the servers during peak testing periods is a challenge for Dana. || Their next meeting to discuss the home-lab project is scheduled for February 22, 2026.","[""01KZ3HZE4ZT9J0FBSSWSZZ4Q8J"", ""01KZ3HZ2HPSBB7GVRW93GPFE07"", ""01KZ3HYKJYZ4C33Z4W2AA2K1BS"", ""01KZ3HYKK0PTBWS289R82X038G"", ""01KZ3HZ2HRPAF1D8V9QGWWBC2V"", ""01KZ3HZ2HYA1MVB1532KRVBTCQ"", ""01KZ3HZE4XD85MWNWD61TP7XD6"", ""01KZ3HZ2HTZ8CYV52TG5QWD82Z"", ""01KZ3HYKK2FCA8BJR8GKEEBF7Z"", ""01KZ3HZ2HWP19KTZ2THJX62HDA"", ""01KZ3HZ2HW4YZ73Q24SNX8DCN3"", ""01KZ3HZE5014EJGQRJJ4E2ERH2"", ""01KZ3HYKK1C3X5SBW6GFEVW4B4"", ""01KZ3HY90H0SH2CC0T0EGAX9EX"", ""01KZ3HY90EA19W0WB6VV7DA45H"", ""01KZ3HYKJV95QWFXDCNHEN93BQ"", ""01KZ3HZE52FNXJETQ342KFGJRV"", ""01KZ3HY90MQKEKK5XWY8BC11M2"", ""01KZ3HY90R81B5A8FZ4EYXM65K"", ""01KZ3HZ2J0F58BS8MV6HHACJFP"", ""01KZ3HZE51H0QXW06AGH6R1QJK"", ""01KZ3HY90PZPNX3NJKQRK0D7VC"", ""01KZ3HY90TW60F0DKGHV728HG1""]","[0, 1, 2, 3, 4, 5, 6, 7, 8, 9, 10, 11, 12, 13, 14, 15, 16, 17, 18, 19, 20, 21, 22]","[[""01KZ3HZ2J3W2M7BN8Y8NWJ47Z4""], [""01KZ3HYKK4RRJ8WZKP4EMR9RDW""], [""01KZ3HY90XSZX1HDM03WEY2KET""], [""01KZ3HY90Y3WTE4H9GY5YRW46V""], [""01KZ3HYKK4RRJ8WZKP4EMR9RDW""], [""01KZ3HYKK5BPFBJD667H9C9NGM""], [""01KZ3HZ2J2P32HBECTM4MM9VGG""], [""01KZ3HYKK4SCTCXZS4V8Y1DNH5""], [""01KZ3HY90Z4P16PXNGK42CS3T3""], [""01KZ3HYKK5BPFBJD667H9C9NGM""], [""01KZ3HYKK4SCTCXZS4V8Y1DNH5""], [""01KZ3HZ2J4MX4PE4ZVZSJQ7WQK""], [""01KZ3HY90YXDQDZ6F2K742TM73""], [""01KZ3HY0AQTB947QG9MKHMZECS""], [""01KZ3HY0AP8FCJANVN7X5J9ENT""], [""01KZ3HY90WK0Y39MZ52HP6XVD4""], [""01KZ3HZ2J52ZCTRKBE8YGJZY9A""], [""01KZ3HY0AQGA4H9T06HYXC7Q0S""], [""01KZ3HY0AR016DDZ8Z52WVHDXM""], [""01KZ3HYKK5BPFBJD667H9C9NGM""], [""01KZ3HZ2J43DSN11SMD1GMTSN8""], [""01KZ3HY0ARGJ1FGEJZYJ2PFGNV""], [""01KZ3HY0ARPFX6HA8DN4MYDXMQ""]]","{""entities"": [""Dana""], ""time_constraints"": [], ""operands"": [], ""list_cardinality"": {""known"": false, ""count"": 0}, ""update_state"": """", ""gap"": null}","[{""kind"": ""KEEP"", ""candidate_id"": ""01KZ3HYKK1C3X5SBW6GFEVW4B4"", ""source_id"": ""01KZ3HY90YXDQDZ6F2K742TM73""}]",fail,KEEP 01KZ3HYKK1C3X5SBW6GFEVW4B4 是解决兼容问题；应 KEEP 01KZ3HY90EA19W0WB6VV7DA45H，候选直接给出 started in 2024。
023-b20260803-r3-0-00066-0-00066-q0,single-hop,validation,What is the provisional title of Sam's thesis on distributed systems?,Enhancing Fault Tolerance in Distributed Databases through Advanced Consistency Protocols,"Sam's thesis is provisionally titled 'Enhancing Fault Tolerance in Distributed Databases through Advanced Consistency Protocols'. || Dr. Elena Volkov and Dr. Richard Peterson are Sam's primary advisors. || Sam aims to finish the first draft of his thesis by the end of July. || Sam intends to start implementing his thesis model this weekend. || Sam is struggling with the methodology part of his thesis. || Sam is working on a thesis about fault tolerance in distributed databases. || Sam is working on the performance evaluation section of his thesis. || Sam needs to clean up and preprocess the dataset before starting the implementation. || Sam optimized the data distribution algorithms for his thesis, reducing latency by 20%. || Sam plans to implement a deep learning model to predict system latency for his thesis. || Sam plans to present his preliminary findings at the International Conference on Distributed Systems in September 2026. || Sam tested the new algorithm and found it performs better under high load conditions.","[""01KZ3JX0GGR05YDXGNKMB07QVD"", ""01KZ3JX0GJ5MQJBXGWMEB671E9"", ""01KZ3JX6XM0J1MY5G12NKGA8D8"", ""01KZ3JXPB0AGH0WFN875K4YCH1"", ""01KZ3JXPAVJV3AEHQ8D5C7E5K6"", ""01KZ3JX0GDNYVJ2WPERP861VG8"", ""01KZ3JXPAR6HZ3KYCBDWPD1K95"", ""01KZ3JXPB2JTS7ZTRHNF12C6J7"", ""01KZ3JX6XH64J33FEQ7XVYTWEF"", ""01KZ3JXPAXT3SRCPSJ2DPQX1NS"", ""01KZ3JX0GN6RKJSG5A1PB4PRT9"", ""01KZ3JX6XK7PDP5A8W4XHN71D2""]","[0, 1, 2, 3, 4, 5, 6, 7, 8, 9, 10, 11]","[[""01KZ3JWNHGFAX7VSV540KT6A31""], [""01KZ3JWNHHTHDX7TRN0TWXHQ90""], [""01KZ3JX0GTD1YS5N6W0XAA5KPP""], [""01KZ3JXEFD8FYSBEP7ZND5EVAY""], [""01KZ3JXEFCDARPJ6Q6S9P3RM6D""], [""01KZ3JWNHFKQ2JHHVC116PHXJD""], [""01KZ3JXEFCAGE8MTHXT5XJYTGA""], [""01KZ3JXEFD8FYSBEP7ZND5EVAY""], [""01KZ3JX0GR973A90QCD0HV83K2""], [""01KZ3JXEFDHCZSES1NNN46G32Q""], [""01KZ3JWNHHGBE3XQVS75Q172ZM""], [""01KZ3JX0GRQKQHD7C0HXR8AVQN""]]","{""entities"": [""Sam's""], ""time_constraints"": [], ""operands"": [], ""list_cardinality"": {""known"": false, ""count"": 0}, ""update_state"": """", ""gap"": null}","[{""kind"": ""KEEP"", ""candidate_id"": ""01KZ3JX0GGR05YDXGNKMB07QVD"", ""source_id"": ""01KZ3JWNHGFAX7VSV540KT6A31""}]",pass,
023-b20260803-r3-0-00171-0-00171-q1,temporal,validation,When did the team finish the last round of user testing for EcoPack?,March 27th,EcoPack is launching on 2026-06-15 || The team finished the last round of user testing on 2026-03-16.,"[""01KZ3PMXD35SFJQ8Y5QMMAPBPQ"", ""01KZ3PN857MAX8B73V3GD18HGV""]","[0, 1]","[[""01KZ3PMKDC11AT20CAWYHJBRWV"", ""01KZ3PMKDCNYKSVV6GZ04HCPGQ""], [""01KZ3PN5YAJ2SH1GSNB083WP2X""]]","{""entities"": [""EcoPack""], ""time_constraints"": [], ""operands"": [], ""list_cardinality"": {""known"": false, ""count"": 0}, ""update_state"": """", ""gap"": {""kind"": ""entity"", ""entity"": ""EcoPack"", ""start"": null, ""end"": null, ""operand"": """", ""source_need"": ""entity:EcoPack""}}",[],pass,
023-b20260803-r3-0-00176-0-00176-q1,temporal,validation,When did Mei book a table for the CEO of EcoTech Solutions?,April 15th,Chef Lee will provide catering for the Johnson family's wedding. || Mei chose GreenThumb Florists as the new supplier for flowers for the Johnson family's wedding. || Mei finalized the booking for the Johnson family's wedding next month. || Mei had a big event last month at her restaurant. || Mei is considering a new bakery downtown for Valentine’s Day desserts. || Mei is planning a corporate dinner for a tech company next week at her restaurant. || Mei is planning a special menu for Valentine’s Day this year. || Mei needs to order flowers and fancy desserts for Valentine’s Day. || Mei owns a restaurant called 'Flavors of the World' in downtown. || Mei plans to expand her vegetable supplier to include more fruits next month. || Mei received a few cancellations due to the winter storm for Valentine’s Day. || Mei switched to a new supplier for organic vegetables last week. || Mei works with Chef’s Choice for the main courses at the upcoming corporate dinner. || Mei works with Sweet Treats for desserts at the upcoming corporate dinner. || The menu for the reception is still being worked on for the Johnson family's wedding. || The supplier meeting with the new flower supplier and the caterer went well. || The upcoming corporate dinner will feature a mix of Asian and Western dishes.,"[""01KZ3PVBZ17CMWB45JPK35M3R7"", ""01KZ3PVBZ201YV5BKHDTQG6PXR"", ""01KZ3PVBYZ17RJX40Q14XJJB0C"", ""01KZ3PTH9D0WBZ1820PMY7S3W9"", ""01KZ3PTTK54KYMXEDP80EC0KNR"", ""01KZ3PTH9F74W6SR97S3Y0GAZX"", ""01KZ3PTTK24WQCPCAP7SP9JW1H"", ""01KZ3PTTK4GXMT40Q31YJ2DJ15"", ""01KZ3PTH9BB1AXPFR3CEQ7Y10Z"", ""01KZ3PTTK17C5RP7X2FH1GF8GT"", ""01KZ3PTTK7QB0JYWNHQBHYW01T"", ""01KZ3PTTJYCTQ6QBAA189G28DR"", ""01KZ3PTH9HCFW3PYNPS8D2T4HT"", ""01KZ3PTH9JSVGGGVM59F640E49"", ""01KZ3PVBZ41H6JZFAGGM2CVQTN"", ""01KZ3PVBZ3JGJ7NKN3YXZNM34Z"", ""01KZ3PTH9GGFWPKACTJ4W919Z2""]","[0, 1, 2, 3, 4, 5, 6, 7, 8, 9, 10, 11, 12, 13, 14, 15, 16]","[[""01KZ3PV3YF6KDRX6Y8YGWJV583""], [""01KZ3PV3YFNTQFNSRVX8K2W343""], [""01KZ3PV3YF6KDRX6Y8YGWJV583""], [""01KZ3PT3SGXXVSHPWWFCSDDCKX""], [""01KZ3PTH9NNA165V2MQSNH934S""], [""01KZ3PT3SGXXVSHPWWFCSDDCKX""], [""01KZ3PTH9N5Q9G7A6GF07EYG8S""], [""01KZ3PTH9NC12X357AKJ5TXGMC""], [""01KZ3PT3SFN2TEK480D3T4SV3M""], [""01KZ3PTH9NP8MYSNMJGFTZRV12""], [""01KZ3PTH9PHAMPJESC5QNP5WGN""], [""01KZ3PTH9MAY2SN6YF7BGFTSCV""], [""01KZ3PT3SHB8VZX54Y3YYCCDAQ""], [""01KZ3PT3SHB8VZX54Y3YYCCDAQ""], [""01KZ3PV3YGW1PXP2JA5915B4AH""], [""01KZ3PV3YGTK0T9J1RMVZE7GKA""], [""01KZ3PT3SGYTYD5ZRYVVN38DTN""]]","{""entities"": [""CEO"", ""EcoTech"", ""Mei"", ""Solutions""], ""time_constraints"": [], ""operands"": [], ""list_cardinality"": {""known"": false, ""count"": 0}, ""update_state"": """", ""gap"": {""kind"": ""entity"", ""entity"": ""CEO"", ""start"": null, ""end"": null, ""operand"": """", ""source_need"": ""entity:CEO""}}",[],pass,
023-b20260803-r3-0-00091-0-00091-q1,temporal,validation,When did Dana mention she finished setting up the first server for her home-lab project?,2025-09-15,Dana added two new servers to her home-lab last week. || Dana and a friend plan to start a side project on an IoT system for monitoring home energy usage next week. || Dana finished setting up a new server for additional storage capacity on 2026-01-14. || Dana got the first server online in September 2025. || Dana has a home-lab project. || Dana has been working on integrating a new server into her network since 2026-04-19. || Dana is a software engineer. || Dana is considering upgrading to a faster internet plan to address the bandwidth issue. || Dana is facing a bandwidth bottleneck while integrating the new server. || Dana is planning to check for configuration tweaks before upgrading the internet plan. || Dana plans to implement two-factor authentication next week. || Dana plans to integrate the new servers by the end of May 2026. || Dana plans to start working on the data backup system this weekend. || Dana started using a new monitoring tool to manage her home-lab project. || Dana updated firewall rules yesterday to better secure the network. || Dana wants to set up the new servers for a distributed database system and machine learning experiments. || Feedback from the beta testers of Dana’s home-lab setup was generally positive. || The home-lab project was discussed initially on 2025-09-15.,"[""01KZ3KRH1X4X2N4ARZHTFXSFKY"", ""01KZ3KRH27XQCG9AC44J6NE56N"", ""01KZ3KR66K7XDZWXRKAPKWPV6W"", ""01KZ3KR66T4EVR0YEQQY2PSVQV"", ""01KZ3KQHM05XR2SMVG45V9VT2S"", ""01KZ3KQS2NJ66E7DW089G5WTK7"", ""01KZ3KQHKYTCM0HZFNS0DQ5Z3P"", ""01KZ3KQS2QJCBR3GETE5T3GG6K"", ""01KZ3KQS2PX097D21KM6KA5TRP"", ""01KZ3KQS2R6D0S0B0RHKPRJWW9"", ""01KZ3KR66XFYX2NNBFQPVFFE82"", ""01KZ3KRH20RNP76A28WYDZJ2HQ"", ""01KZ3KR66ZTQRG6NR4CEG6CFF6"", ""01KZ3KQS2SWNXWAY9HYKP6B8NF"", ""01KZ3KR66WHDMDSGR4ZHEFQRCR"", ""01KZ3KRH224NQ5DHAFNQ34PF9J"", ""01KZ3KRH25BYZFQWAV3HPDGSY3"", ""01KZ3KR66Q41AKCSGY58E1223J""]","[0, 1, 2, 3, 4, 5, 6, 7, 8, 9, 10, 11, 12, 13, 14, 15, 16, 17]","[[""01KZ3KR671Z339WZR98HG9Y8J4""], [""01KZ3KR675D83WMZVA8S1GGFFS""], [""01KZ3KQS2STTRWT43FB93VF6Q9"", ""01KZ3KQS2TAFNTSAV4C8KTN7DJ""], [""01KZ3KQS2TX2YA6PT43MVF9DHA""], [""01KZ3KQEHZB8GPWVHVDWTMB184""], [""01KZ3KQHM26FSW57FYDQ83M7TF""], [""01KZ3KQEHZB8GPWVHVDWTMB184""], [""01KZ3KQHM49ZWVJNE8GVGRRVPT""], [""01KZ3KQHM31B8VZZ36GFT0GNBP""], [""01KZ3KQHM409FHA32XSZ7AKBHS""], [""01KZ3KQS2TVZQ0P2YA594J7PJS""], [""01KZ3KR671Z339WZR98HG9Y8J4""], [""01KZ3KQS2TMRR854C6YJR4N3BC""], [""01KZ3KQHM5A80YHJGSTM2S2MVA""], [""01KZ3KQS2TVZQ0P2YA594J7PJS""], [""01KZ3KR672WDTCA5E86ZWC7YKT""], [""01KZ3KR673JMS2RT8ZHC2ANMBW""], [""01KZ3KQS2TAFNTSAV4C8KTN7DJ"", ""01KZ3KQS2TX2YA6PT43MVF9DHA""]]","{""entities"": [""Dana""], ""time_constraints"": [], ""operands"": [], ""list_cardinality"": {""known"": false, ""count"": 0}, ""update_state"": """", ""gap"": null}","[{""kind"": ""KEEP"", ""candidate_id"": ""01KZ3KR66Q41AKCSGY58E1223J"", ""source_id"": ""01KZ3KQS2TX2YA6PT43MVF9DHA""}]",fail,KEEP 01KZ3KR66Q41AKCSGY58E1223J 只证明项目在 2025-09-15 被讨论，未证明首台服务器当天完成设置。
023-b20260803-r3-0-00066-0-00066-q1,temporal,validation,When do you plan to have a draft of your thesis ready?,I aim to have a draft ready by December 2026.,Sam's thesis is provisionally titled 'Enhancing Fault Tolerance in Distributed Databases through Advanced Consistency Protocols'.,"[""01KZ3JX0GGR05YDXGNKMB07QVD""]",[0],"[[""01KZ3JWNHGFAX7VSV540KT6A31""]]","{""entities"": [], ""time_constraints"": [], ""operands"": [], ""list_cardinality"": {""known"": false, ""count"": 0}, ""update_state"": """", ""gap"": {""kind"": ""entity"", ""entity"": """", ""start"": null, ""end"": null, ""operand"": """", ""source_need"": """"}}",[],pass,
023-b20260803-r3-0-00083-0-00083-q1,temporal,validation,When did Sam finish his literature review for the thesis?,Last week,"Sam aims to finish the methodology section by the end of this month. || Sam decided to compare three main distributed system architectures: client-server, peer-to-peer, and hybrid. || Sam finished the literature review last week. || Sam has been focusing on a chapter about consensus algorithms for his thesis. || Sam implemented a new protocol that reduces the number of messages needed by almost 20% for the Paxos algorithm. || Sam is considering integrating the new protocol with other consensus algorithms like Raft. || Sam is currently focusing on the methodology section of the thesis. || Sam is working on the chapter about distributed databases for his thesis. || Sam plans to start collecting data for experiments after finishing the methodology section. || Sam plans to wrap up the current chapter by the end of this month. || Sam's thesis topic is about the impact of renewable energy policies on local economies. || Sam tested the new protocol under various network scenarios—high latency, low bandwidth, and high packet loss. || Sam will then start on the section about fault tolerance in distributed systems. || The preliminary setup for Sam's experiments is complete.","[""01KZ3KFE7H2V73K24M8E6Y1FDX"", ""01KZ3KFE7GR4SJ8C3814SXMFQA"", ""01KZ3KFE7E97EWCV2N2N48X0SZ"", ""01KZ3KFR6HB3NQYXCM1G1CNZJT"", ""01KZ3KFR6KKNRRSSRVMT8XQG2X"", ""01KZ3KFR6PF088HZ56WCNJVNCS"", ""01KZ3KFE7FMDZJN9NZ2CK1FENX"", ""01KZ3KF23Y54AVVE55G1RZDFZQ"", ""01KZ3KFE7H3HGBYGCRY1BDMSQC"", ""01KZ3KFR6R4P4ZE4CXPG2Q7R1J"", ""01KZ3KETDXYP1RTCCFM1CMHHBX"", ""01KZ3KFR6NHY5QNQAEKY4W3X7R"", ""01KZ3KFR6RSCQ8SWBR27VW2VWJ"", ""01KZ3KFE7JFAV3F57RQMWPY7S3""]","[0, 1, 2, 3, 4, 5, 6, 7, 8, 9, 10, 11, 12, 13]","[[""01KZ3KF246JSJJG8HJ6CED8CA6""], [""01KZ3KF246JSJJG8HJ6CED8CA6""], [""01KZ3KF2462YVH79RBDGPFQ0GZ""], [""01KZ3KFE7JXHX8BD2CFNR5J0J8""], [""01KZ3KFE7KEJHWDC4V9T1C95QP""], [""01KZ3KFE7M0BCMT3FVM4J40G0X""], [""01KZ3KF2462YVH79RBDGPFQ0GZ""], [""01KZ3KETDY2H971D07J81GE3FG""], [""01KZ3KF246JSJJG8HJ6CED8CA6""], [""01KZ3KFE7MXGEQHX66HNN21AEK""], [""01KZ3KES5DV8H3F0H2C98MTATJ""], [""01KZ3KFE7KX74EAV853GYJ0R3K""], [""01KZ3KFE7MXGEQHX66HNN21AEK""], [""01KZ3KF247P36QKMBFF44FN9KT""]]","{""entities"": [""Sam""], ""time_constraints"": [], ""operands"": [], ""list_cardinality"": {""known"": false, ""count"": 0}, ""update_state"": """", ""gap"": null}",[],fail,gap漏标；应 KEEP 01KZ3KFE7E97EWCV2N2N48X0SZ，候选直接给出 literature review 于 last week 完成。
023-b20260803-r3-0-00002-0-00002-q1,temporal,validation,When did Dana start her HomeNet project?,March 2024,Dana encountered issues with network configuration after getting the server. || Dana expects to complete the installation of security software by the end of June 19th. || Dana intends to install security software after the network is stable. || Dana is a software engineer. || Dana is checking /etc/resolv.conf for DNS resolution issues. || Dana is planning to finish the home-lab project's core functionality by 2026-01-31. || Dana planned to add a new server by June 15th. || Dana plans to add new Raspberry Pi models and expand the network setup for the home-lab project. || Dana plans to check the router settings to resolve network issues. || Dana plans to start working on integrating more IoT devices for the home-lab project around mid-February 2026. || Dana's manager expressed excitement about integrating more IoT devices into the home-lab project. || Dana's project is called 'HomeNet'. || Dana started the HomeNet project in March 2024.,"[""01KZ3GJQR66ZQGWD8W0ZJJSV04"", ""01KZ3GJQRAVTSQEAGWM27S4NE1"", ""01KZ3GJQR9V38P08EHXN9B4NCJ"", ""01KZ3GJ5E4W305NSX04CST38PT"", ""01KZ3GJQR7GGJ3TBCQJFCXZRHR"", ""01KZ3GJEM2ZVTVYHYCWFEFAXP4"", ""01KZ3GJQR4QSQ1RC0EB0J7TCHW"", ""01KZ3GJEM4GAV8VVC9PV1YCA96"", ""01KZ3GJQR84XCRMMB25FT63NA1"", ""01KZ3GJEM7T5KACYBCC56WJ2PC"", ""01KZ3GJEM51GVQH59DK12AGSE4"", ""01KZ3GJ5E52M265EVNB9SBBJ6M"", ""01KZ3GJ5E6Z3088WR2F20AF9EG""]","[0, 1, 2, 3, 4, 5, 6, 7, 8, 9, 10, 11, 12]","[[""01KZ3GJEM8YTTHX3YK4DYSNZ7W""], [""01KZ3GJEM9WB7C0HC5FX228MSW""], [""01KZ3GJEM9C38S8P73PG271PTF""], [""01KZ3GJ01DM3T5JTX1NQ486ENG""], [""01KZ3GJEM85FQ6R9VQ1MEVG0WJ""], [""01KZ3GJ5E81Q7F06866SQ67AND""], [""01KZ3GJEM8ZAPPVX3B6K4D34HN""], [""01KZ3GJ5E9TTWFRRF62NVCQ2S7""], [""01KZ3GJEM9VQ3MP98VQ1YEJKK1""], [""01KZ3GJ5E9FKA7RWZCHRRJ5G0R""], [""01KZ3GJ5E90N20G0E8EC2HGXWH""], [""01KZ3GJ01EWZCVXV123VMF9KN4""], [""01KZ3GJ01ETMFE3PG8D1M8DBX5""]]","{""entities"": [""Dana"", ""HomeNet""], ""time_constraints"": [], ""operands"": [], ""list_cardinality"": {""known"": false, ""count"": 0}, ""update_state"": """", ""gap"": null}","[{""kind"": ""KEEP"", ""candidate_id"": ""01KZ3GJ5E6Z3088WR2F20AF9EG"", ""source_id"": ""01KZ3GJ01ETMFE3PG8D1M8DBX5""}]",pass,
023-b20260803-r3-0-00085-0-00085-q1,temporal,validation,When did Mei mention she planned to visit Spicy World?,Next week,Mei had a few new bookings for the coming weekend. || Mei introduced a new vegetarian pasta dish featuring fresh vegetables from Green Fields Produce. || Mei is finalizing the menu changes based on customer feedback. || Mei is monitoring the weather forecasts for upcoming events. || Mei owns a restaurant called 'Savor'. || Mei plans to discuss menu changes today. || Mei plans to visit Spicy World next week for potential supplier considerations. || Mei received a booking request for a group of 15 for next Saturday. || Mei received inquiries from new clients last week. || Mei’s inventory turnover has improved with the new supplier. || Mei started using Green Fields Produce a couple of weeks ago. || Mei updated the salad menu to include more seasonal greens from Green Fields Produce. || The prices with Green Fields Produce are lower than expected.,"[""01KZ3KJAFB7XHEVFG0MJ7NZ6A6"", ""01KZ3KJAF936CNT8T4FB5Q7VAP"", ""01KZ3KHX9KKGGDNEPHYWYCQ2PW"", ""01KZ3KHX9PDMY47349CMW374Z0"", ""01KZ3KHBQN6KAYAC1M000RHWFM"", ""01KZ3KHJPK9H1GBP5H55KB20RK"", ""01KZ3KHBQS98RJ2FCKRMFN5W2Q"", ""01KZ3KHJPEDYT3Q00VDA1CCJ7G"", ""01KZ3KHX9FNA0QEGGASD5S464S"", ""01KZ3KJAF8DH4SW9CB7V7RH667"", ""01KZ3KJAF6777SH0VVJX97PFJX"", ""01KZ3KJAFARGW9KFXFY9N439HW"", ""01KZ3KJAF70MZ831E3DM9QB76C""]","[0, 1, 2, 3, 4, 5, 6, 7, 8, 9, 10, 11, 12]","[[""01KZ3KHX9RA4DA4W869Y0FXQ93""], [""01KZ3KHX9RKG6APGNNEB29A16A""], [""01KZ3KHJPPWF67JSWGS65NGDS1""], [""01KZ3KHJPRXHH2JX3S67VCK8C4""], [""01KZ3KH3HHE0E252WE75SWGA2P""], [""01KZ3KHBQW1RQ4RFPPJZETME3J""], [""01KZ3KH3HJWDZ3Q79055ZEFRQH""], [""01KZ3KHBQVK278G1KB9Z39MN5K""], [""01KZ3KHJPN076N7A9VY9BFX7K1""], [""01KZ3KHX9RJ2S20TJ2JW18Z103""], [""01KZ3KHX9QMRQS1E1R4H4Q2DTR""], [""01KZ3KHX9RKG6APGNNEB29A16A""], [""01KZ3KHX9RJ2S20TJ2JW18Z103""]]","{""entities"": [""Mei"", ""Spicy"", ""World""], ""time_constraints"": [], ""operands"": [], ""list_cardinality"": {""known"": false, ""count"": 0}, ""update_state"": """", ""gap"": null}",[],fail,gap漏标；应 KEEP 01KZ3KHBQS98RJ2FCKRMFN5W2Q，候选直接给出 next week 去 Spicy World。
023-b20260803-r3-0-00038-0-00038-q1,temporal,validation,When did Sam aim to have preliminary findings ready for his thesis?,Sam aimed to have preliminary findings ready by mid-June.,"Sam considered including real-world examples like Raft and Practical Byzantine Fault Tolerance in his thesis. || Sam plans to finalize the Paxos algorithm section of his thesis by March 1st. || Sam started researching case studies for his thesis. || Dr. Johnson agreed to review Sam's thesis draft by February 28th. || Sam encountered difficulties with the simulation tools for his thesis. || Sam found a promising open-source library called Scalib for large-scale simulations. || Sam is focusing on the scalability aspects of his thesis. || Sam is working on a thesis about the impact of consensus algorithms in blockchain networks. || Sam plans to extend his work by exploring the impact of different node configurations on system performance. || Sam's advisor suggested using open-source and commercial tools to address the scalability issues. || Testing the Scalib library has shown significant improvements in running simulations with over 10,000 nodes.","[""01KZ3HV3TGDMGPFKJT09CE4XA4"", ""01KZ3HV3T7KAS3WX3STW5RD2XC"", ""01KZ3HV3TE45KZ4QRQPBAYX3E8"", ""01KZ3HV3TBBH11K6A2CWQEBBYQ"", ""01KZ3HVZJZXCDRY07N7ES08ZR3"", ""01KZ3HVZK2GHP8NE9QGN2G0WJV"", ""01KZ3HVZJYN8PT98PJVDA76HH5"", ""01KZ3HTV3CS2C93RSCSQ30CFQ9"", ""01KZ3HVZK4J52SV6JRKQ2Q5B10"", ""01KZ3HVZK1P7AJC43T4PN68B62"", ""01KZ3HVZK3Z7NMVW46BHD60HW7""]","[0, 1, 2, 3, 4, 5, 6, 7, 8, 9, 10]","[[""01KZ3HTV3JJE6CK2WDZ16PC28V""], [""01KZ3HTV3H8DENSYMD023FBYZS"", ""01KZ3HTV3JAZ144REDVKFGXVCR""], [""01KZ3HTV3JVMDQGRC5D0FJJKW2""], [""01KZ3HTV3JAZ144REDVKFGXVCR"", ""01KZ3HTV3JNF5DGMTMCZ03S520""], [""01KZ3HVJNTNHZ78PP3SGE43HY5""], [""01KZ3HVJNVXYEKF6PCSVE7PNY0""], [""01KZ3HVJNT5MEJQMBCV7GRCHEJ""], [""01KZ3HTJ7C36A17RSDZKKEKH0P""], [""01KZ3HVJNWHZ8Z6S3HRYRGVKFB""], [""01KZ3HVJNTDAEGC8VJKGXP93E2""], [""01KZ3HVJNVQPAFJYQXNTA3W0TE"", ""01KZ3HVJNVXH3AMR8GZD04DNGN""]]","{""entities"": [""Sam""], ""time_constraints"": [], ""operands"": [], ""list_cardinality"": {""known"": false, ""count"": 0}, ""update_state"": """", ""gap"": null}","[{""kind"": ""KEEP"", ""candidate_id"": ""01KZ3HV3TE45KZ4QRQPBAYX3E8"", ""source_id"": ""01KZ3HTV3JVMDQGRC5D0FJJKW2""}]",fail,KEEP 01KZ3HV3TE45KZ4QRQPBAYX3E8 只说开始研究 case studies，与 preliminary findings by mid-June 无关；应为 gap。
023-b20260803-r3-0-00173-0-00173-q1,temporal,validation,When are you planning to go on the trip to Paris?,July 15th to July 22nd,Alex finalized the family trip dates for July 15th to July 22nd.,"[""01KZ3PQ8FVY2VZJDZ7GMZHAMBM""]",[0],"[[""01KZ3PPZRETSHVDZM9RKP89QWV""]]","{""entities"": [""Paris""], ""time_constraints"": [], ""operands"": [], ""list_cardinality"": {""known"": false, ""count"": 0}, ""update_state"": """", ""gap"": null}","[{""kind"": ""KEEP"", ""candidate_id"": ""01KZ3PQ8FVY2VZJDZ7GMZHAMBM"", ""source_id"": ""01KZ3PPZRETSHVDZM9RKP89QWV""}]",pass,
023-b20260803-r3-0-00052-0-00052-q1,temporal,validation,When did Alex plan to go on the family trip to Florida?,July 5th to July 10th,"Alex is planning a family trip to the beach in Florida. || Alex booked flights for July 5th and 20th. || Alex confirmed hotel bookings and flight times for the family vacation to Europe. || Alex is ensuring the catering for the mom's birthday party is suitable for her seafood preferences. || Alex is finalizing the itinerary for a family trip to Italy next month. || Alex plans to visit Tokyo Tower during his trip to Japan. || Alex's budget for the trip is limited. || Alex sent a custom-made sake set as a gift to his brother for his birthday. || Alex will try local cuisine during his trip to Japan. || The family includes Alex, his parents, and two kids.","[""01KZ3JC3VGHYAQTGGBTFMRGKSB"", ""01KZ3JCEW70KGDD4ZA817PBBT6"", ""01KZ3JD09W1K5DBSPQHJA45VT3"", ""01KZ3JD5MXBRE89GM4S6CESFAR"", ""01KZ3JD5MTF6EXPP5R2NM4E0RV"", ""01KZ3JCEWAZ4Z9JQRGH031HZ18"", ""01KZ3JC3VP1CYQB6NEP9HVN9NG"", ""01KZ3JCEWDZW2NA2R0W5AMM6JF"", ""01KZ3JCEWBMG9HZDV8DW470YEH"", ""01KZ3JC3VJWV1JPA6HQ2CTVEB1""]","[0, 1, 2, 3, 4, 5, 6, 7, 8, 9]","[[""01KZ3JBS8ZY64QZGFWE14KMPFV""], [""01KZ3JC3VQVY2TVHZT414A8P92""], [""01KZ3JCEWFY3XW2B7M9SGEBGW6""], [""01KZ3JD0A6Y6F04ETSW69RSDN3""], [""01KZ3JD0A52PG96XAN7QZ94G9T""], [""01KZ3JC3VRM399BTK1DG6YZ6M2""], [""01KZ3JBS910HAMJE60SW5GFPQ6""], [""01KZ3JC3VRKYAMJM6DPQBFHQYM""], [""01KZ3JC3VRM399BTK1DG6YZ6M2""], [""01KZ3JBS8ZY64QZGFWE14KMPFV""]]","{""entities"": [""Alex"", ""Florida""], ""time_constraints"": [], ""operands"": [], ""list_cardinality"": {""known"": false, ""count"": 0}, ""update_state"": """", ""gap"": null}","[{""kind"": ""KEEP"", ""candidate_id"": ""01KZ3JC3VGHYAQTGGBTFMRGKSB"", ""source_id"": ""01KZ3JBS8ZY64QZGFWE14KMPFV""}, {""kind"": ""KEEP"", ""candidate_id"": ""01KZ3JCEW70KGDD4ZA817PBBT6"", ""source_id"": ""01KZ3JC3VQVY2TVHZT414A8P92""}]",fail,KEEP 01KZ3JCEW70KGDD4ZA817PBBT6 给出 July 5th and 20th，与 gold 的 July 5th–10th 冲突；另一 KEEP 只确认 Florida。
023-b20260803-r3-0-00113-0-00113-q1,temporal,validation,When did you discuss upgrading the family car last time?,In December,"They plan to buy an SUV for the family, with a budget of around $35,000.","[""01KZ3MHK8R1495Z41E3C4CX32X""]",[0],"[[""01KZ3MHA1RWDZCEBY84D28Z3VS""]]","{""entities"": [], ""time_constraints"": [], ""operands"": [], ""list_cardinality"": {""known"": false, ""count"": 0}, ""update_state"": """", ""gap"": {""kind"": ""entity"", ""entity"": """", ""start"": null, ""end"": null, ""operand"": """", ""source_need"": """"}}",[],pass,
023-b20260803-r3-0-00033-0-00033-q1,temporal,validation,When do you think you'll make a decision on the new supplier for fresh produce?,By the end of July.,The supplier is bringing in twice as much vegetables as usual for the salads.,"[""01KZ3HNSHQRK9ZJMH81SR81A06""]",[0],"[[""01KZ3HNJFKAQ2SPFGQT92Q1B7C""]]","{""entities"": [], ""time_constraints"": [], ""operands"": [], ""list_cardinality"": {""known"": false, ""count"": 0}, ""update_state"": """", ""gap"": {""kind"": ""entity"", ""entity"": """", ""start"": null, ""end"": null, ""operand"": """", ""source_need"": """"}}",[],pass,
023-b20260803-r3-0-00124-0-00124-q1,temporal,validation,When did Sam plan to have his first draft ready for his thesis on distributed systems?,By the end of April.,"Sam plans to include detailed results from the scalability tests in the chapter on distributed algorithms in his thesis next week. || Increasing the number of nodes from 50 to 100 improved throughput by 20%. || Sam believes the findings highlight the need for optimizing both throughput and latency simultaneously. || Sam completed a chapter on the performance benchmarks of his distributed system model last week. || Sam has been running simulations to test the scalability of the system with positive results. || Sam implemented a new algorithm that reduces communication overhead significantly, improving performance. || Sam intends to gather more data points to validate the improvements during the next phase of testing. || Sam is evaluating the system's scalability using response time, throughput, memory usage, and network latency as key metrics. || Sam is working on a thesis about the impact of different synchronization techniques in distributed databases. || Sam observed reduced network latency with a new algorithm after optimizing data flow. || Sam plans to explore fault tolerance mechanisms next due to the increasing complexity of distributed systems. || Sam plans to test the optimized algorithm under more realistic conditions, such as varying network loads, starting next week. || Sam's optimized algorithm aligns with his original hypotheses. || Sam will document every step meticulously for his thesis. || Scaling up to 100 nodes resulted in a slight increase in latency, but it was within acceptable limits.","[""01KZ3MXDCKP6DM2QXJBC2MCGD8"", ""01KZ3MXMS4DJDMFC06G792HNKG"", ""01KZ3MXMS6YANZZFRBX1AYBSST"", ""01KZ3MXMS0FQH0B3CGERBEMTQ2"", ""01KZ3MXDCF6E5SN4597JHQKT46"", ""01KZ3MXDCKH8Z89Q38SXBAA89S"", ""01KZ3MX4SV9905Z0Z3Y60VGPZK"", ""01KZ3MXDCH59YRJ1F34MYTS763"", ""01KZ3MWTG0Y42SSXJE6PGE4TYJ"", ""01KZ3MX4SQSMBRYM1GV5Q4RF16"", ""01KZ3MXMS7AEVNXWJWY7QFVK22"", ""01KZ3MX4SV3GXC2GN8CD90G0X3"", ""01KZ3MX4SSBZ8RFTF2G7M2XMDM"", ""01KZ3MX4SWCN23899C0PZ4136D"", ""01KZ3MXMS5S2VAGXVV8D1ZWBKX""]","[0, 1, 2, 3, 4, 5, 6, 7, 8, 9, 10, 11, 12, 13, 14]","[[""01KZ3MX4SYXA45J066HGFK5AR3""], [""01KZ3MXDCM2THRP5XXE3A934Q3""], [""01KZ3MXDCNSH80N35TFJT2ZH3Y""], [""01KZ3MXDCM2THRP5XXE3A934Q3""], [""01KZ3MX4SXM7HPVNB5GRK5PGZ1""], [""01KZ3MX4SX8EGJSETR9Q7GMA30""], [""01KZ3MWTGDD83DKB9BJD76FDT3""], [""01KZ3MX4SXYZSQYDF33H3EJ8XK""], [""01KZ3MWGY0WR6AENAQ6NAZ2CNH""], [""01KZ3MWTGBJHTCV3H9YZ0GZ4PF""], [""01KZ3MXDCNY8T9AEW92T0PKKPY""], [""01KZ3MWTGDD83DKB9BJD76FDT3""], [""01KZ3MWTGCPBDJ0TDG9JABFQA2""], [""01KZ3MWTGEF2PVQHK1XTGD38PQ""], [""01KZ3MXDCNNKARNFFXBHMZ5HEH""]]","{""entities"": [""Sam""], ""time_constraints"": [], ""operands"": [], ""list_cardinality"": {""known"": false, ""count"": 0}, ""update_state"": """", ""gap"": null}","[{""kind"": ""KEEP"", ""candidate_id"": ""01KZ3MXDCKH8Z89Q38SXBAA89S"", ""source_id"": ""01KZ3MX4SX8EGJSETR9Q7GMA30""}]",fail,KEEP 01KZ3MXDCKH8Z89Q38SXBAA89S 是通信开销算法，不含 first draft by end of April；应为 gap。
023-b20260803-r3-0-00183-0-00183-q1,temporal,validation,When did Dana start working on the e-commerce platform project?,"Dana started working on the e-commerce platform project about two months ago, around 2026-03-20.","Dana began working on her e-commerce platform project about two months ago, around 2026-03-20. || Dana has added new GPUs to optimize the hardware setup. || Dana has been testing the new AI model with data sets from her previous projects. || Dana has five Linux servers set up in her home lab. || Dana hasn't started the network upgrade yet, waiting for the new server to arrive. || Dana is considering using Prometheus for monitoring. || Dana is self-funding her home-lab project and using refurbished hardware to keep costs down. || Dana is using her own funds for the project. || Dana is working on a simple e-commerce platform using Docker containers and Kubernetes in her home lab. || Dana is working on integrating a new AI model into her home-lab project. || Dana mentioned she was working on upgrading her home-lab's network infrastructure. || Dana might apply for grants if the project goes well. || Dana plans to switch to a more robust networking setup to handle a new server. || Dana plans to update the documentation for recent changes this weekend. || Dana plans to upgrade her network infrastructure by adding a second switch and possibly a small router. || Dana's main goals are to test containerization and microservices architecture in her home lab. || Dana’s team does not have new members yet, but she is reaching out to candidates next week. || Dana updated her server to Ubuntu 22.04 LTS. || Dana will configure the switches and routers to support the new server once it arrives. || The new AI model shows improvements in performance, particularly in image recognition.","[""01KZ3Q1VMW7RT00BC3NB8K7J66"", ""01KZ3Q2GW10R7JSBBMSV94SXEC"", ""01KZ3Q2GVZWEARY6B9VKJ5XW8A"", ""01KZ3Q1VMN2P06RJKX4G03QERK"", ""01KZ3Q27Y9WR9Y7CDE0H6CT3KK"", ""01KZ3Q2PZX5JB2PNWZKMRFRRP1"", ""01KZ3Q2PZZ5XK862NT64CXQPPK"", ""01KZ3Q27YD69N9DTSQM1W0VC34"", ""01KZ3Q1VMTA6BX9YVNEF2FHS6C"", ""01KZ3Q2GVYQZNA6DZK7T1BTTCT"", ""01KZ3Q27Y1YKY80PSE6J0Q9B4H"", ""01KZ3Q27YE9HGEEFNXZA97WVMH"", ""01KZ3Q27Y3CFW47QJEVJ6AZJ8K"", ""01KZ3Q2GW285NJFGVPX9G9Y2E8"", ""01KZ3Q2PZYDBWE2YEGJGN98EAR"", ""01KZ3Q1VMQA5QZEQMZTTZ3AHD6"", ""01KZ3Q2GW3E548ENX67Y1TY9HJ"", ""01KZ3Q2PZV1VX42Z9YZ803HJ7T"", ""01KZ3Q27YB7X5TA2ANP4J40AYC"", ""01KZ3Q2GW087KJDZQCD7B7P4WW""]","[0, 1, 2, 3, 4, 5, 6, 7, 8, 9, 10, 11, 12, 13, 14, 15, 16, 17, 18, 19]","[[""01KZ3Q1M6C429EPD6AKZJTJ7QJ""], [""01KZ3Q27YKXC41QHW0XYY7XXS8""], [""01KZ3Q27YHTJGF39XKMD2YGGKC""], [""01KZ3Q1M6B948D7DGJAM19GDDK""], [""01KZ3Q1VN0PTP4YJ2JJV8JHB30""], [""01KZ3Q2GW4WQYYZH6N50VBQK9W""], [""01KZ3Q2GW5GMFNGE60DZK2ST9W""], [""01KZ3Q1VN1T8X2KYV3M6B1Z6D0""], [""01KZ3Q1M6CQS6KGYA9D68PEJ21""], [""01KZ3Q27YGGM241ZPRSBTSX1B2""], [""01KZ3Q1VMYHRGCQF175CPFGAHJ""], [""01KZ3Q1VN1T8X2KYV3M6B1Z6D0""], [""01KZ3Q1VMZTP381N48SWQJKKHH""], [""01KZ3Q27YKGGFFZBYXZZ5SCNVN""], [""01KZ3Q2GW5FRGJ54Q0240XQMZQ""], [""01KZ3Q1M6BKCV6DF0D63ZPEKVG""], [""01KZ3Q27YMKXEYYXQR80GSX9Y5""], [""01KZ3Q2GW4EYCG1WREDD8QCZYV""], [""01KZ3Q1VN0PTP4YJ2JJV8JHB30""], [""01KZ3Q27YJJ4XEM72JWHC6QHYG""]]","{""entities"": [""Dana""], ""time_constraints"": [], ""operands"": [], ""list_cardinality"": {""known"": false, ""count"": 0}, ""update_state"": """", ""gap"": null}","[{""kind"": ""KEEP"", ""candidate_id"": ""01KZ3Q1VMW7RT00BC3NB8K7J66"", ""source_id"": ""01KZ3Q1M6C429EPD6AKZJTJ7QJ""}]",pass,
023-b20260803-r3-0-00184-0-00184-q1,temporal,validation,When did Mei confirm a big group booking?,January 12th,"Blue Sea Foods has provided satisfactory service since switching suppliers. || Mei confirmed a big group booking for Friday, January 12th. || Mei got a new booking for July 15th from a group of 12. || Mei is considering contacting the local fishmonger as a backup supplier. || Mei is planning to introduce a new vegetarian dish next week. || Mei mentioned they had a busy weekend with the new menu. || Mei needs to find an alternative supplier due to the seafood delay. || Mei needs to secure some tables for a wedding reception on August 1st. || Mei needs to switch vegetable suppliers before the end of June. || Mei plans to finalize the new menu items this week, including vegetarian options. || Mei prefers organic and locally sourced vegetables for her restaurant. || Mei received a big booking for a corporate event on July 15th. || Mei’s supplier for the seafood has been experiencing delays. || Mei switched to a new supplier, Blue Sea Foods, due to an issue with fish last month.","[""01KZ3Q33XYTS35C9CK9B2ETVCW"", ""01KZ3Q33XTR5S90EMB5ENSP13H"", ""01KZ3Q2XKVG2RMNZA33CTKMQYV"", ""01KZ3Q3D8Q5ZPXTDBTC3RQGT8G"", ""01KZ3Q33XZN94NKQYFQ3W9TAE9"", ""01KZ3Q3K6PW2PKFHHKDYKVSSY4"", ""01KZ3Q3D8PBMJGV0VZPZMGZPGE"", ""01KZ3Q2XKX1TC373SN55539SX0"", ""01KZ3Q2XKZ2XBA8QBNBQMFKP6K"", ""01KZ3Q3D8R031MXJEQEDDP9F1P"", ""01KZ3Q2XKY8QVQ83DZD6ASAF3G"", ""01KZ3Q3D8JXGFMEK43B0GZ0TR3"", ""01KZ3Q3D8M76WR6AZDJ4B889AW"", ""01KZ3Q33XW4ADP1AB49DWTK8Z2""]","[0, 1, 2, 3, 4, 5, 6, 7, 8, 9, 10, 11, 12, 13]","[[""01KZ3Q2XM1668XM9HMK5Q2Z26P"", ""01KZ3Q2XM1MAHWERSJMRD9YV2C""], [""01KZ3Q2XM0B5PWGW1DFNCV76DD""], [""01KZ3Q2Q4C2EQZ5KDDTCRPH4GY""], [""01KZ3Q33Y1916ZQTA4SC0FHWJA""], [""01KZ3Q2XM1M1FQK3VW1WB4QY6S""], [""01KZ3Q3D8SX56Y0ZKDDDMA66YW""], [""01KZ3Q33Y0M2NG6YZR0DHR8KW1""], [""01KZ3Q2Q4DVXEA754N7KKK354S""], [""01KZ3Q2Q4E7T4CN8GJC2CBDHKN"", ""01KZ3Q2Q4EDTPAC3JQ4YY2A86F""], [""01KZ3Q33Y12P5T6YC1EXZNSH2Z""], [""01KZ3Q2Q4DQN4NH98R73KYMT31""], [""01KZ3Q33Y09APT2TRXEA9NNG68""], [""01KZ3Q33Y05HTYRYE2AM2W87YE""], [""01KZ3Q2XM067MC1TZD47KWNFZ2""]]","{""entities"": [""Mei""], ""time_constraints"": [], ""operands"": [], ""list_cardinality"": {""known"": false, ""count"": 0}, ""update_state"": """", ""gap"": null}","[{""kind"": ""KEEP"", ""candidate_id"": ""01KZ3Q33XTR5S90EMB5ENSP13H"", ""source_id"": ""01KZ3Q2XM0B5PWGW1DFNCV76DD""}]",pass,
023-b20260803-r3-0-00008-0-00008-q1,temporal,validation,When was the final beta testing for QuickSync scheduled to start?,June 25th,Priya is working on the launch of a new software feature called 'QuickSync'.,"[""01KZ3GS59MCTBZV713V26JWED5""]",[0],"[[""01KZ3GRWPDC2CCERBWQ131HKMJ""]]","{""entities"": [""QuickSync""], ""time_constraints"": [], ""operands"": [], ""list_cardinality"": {""known"": false, ""count"": 0}, ""update_state"": """", ""gap"": {""kind"": ""entity"", ""entity"": ""QuickSync"", ""start"": null, ""end"": null, ""operand"": """", ""source_need"": ""entity:QuickSync""}}",[],pass,
023-b20260803-r3-0-00118-0-00118-q1,temporal,validation,When did Mei receive an update from Supplier A about delivering new spices?,"Supplier A delivered the new spices by the end of the week, as mentioned in the session on February 17, 2026.","Mei booked a group of 15 for the New Year's Eve dinner on December 31st. || Mei has a group of 15 booked for Saturday night. || Mei has assigned extra shifts to regular servers for upcoming busy periods. || Mei plans to review the contract terms with the new supplier today. || Mei received an update from Supplier A on 2026-02-16. || Mei started using a new vegetable supplier for her business. || The supplier confirmed the delivery of organic vegetables on January 15th. || There are many reservations for the summer months, particularly for weekends in June.","[""01KZ3MNZJ33SNJH0V4KJSSFW3F"", ""01KZ3MPN9QEHHK9MS31CD03SSS"", ""01KZ3MPN9SSRKZ2TJWBZS0H612"", ""01KZ3MPASXC1FBDJFVFC5H5XPP"", ""01KZ3MPN9EQH0PNWW7B604FSNG"", ""01KZ3MPASRTDGW234MHRX7EYS2"", ""01KZ3MNZJ5F32Q7NKQ1W0KERB4"", ""01KZ3MPASYM7PC10NRWTWG4QEW""]","[0, 1, 2, 3, 4, 5, 6, 7]","[[""01KZ3MNPR1M599R5ZGQV6JZ01C""], [""01KZ3MPAT16SXX57HHD3EHBBHY""], [""01KZ3MPAT1QF9KQ5J33MFJHPD9""], [""01KZ3MNZJ9TNMM92HR8049JA0M""], [""01KZ3MPAT05085FWFAT984CV8F""], [""01KZ3MNZJ81MKWX8KS8Y35YRZT"", ""01KZ3MNZJ8FQ8QJY1QDKRMBV7Y""], [""01KZ3MNPR1DYZA0RAB37V13647""], [""01KZ3MNZJAKK7T6N5D6AW1MNTQ""]]","{""entities"": [""Mei"", ""Supplier""], ""time_constraints"": [], ""operands"": [], ""list_cardinality"": {""known"": false, ""count"": 0}, ""update_state"": """", ""gap"": null}","[{""kind"": ""KEEP"", ""candidate_id"": ""01KZ3MPN9EQH0PNWW7B604FSNG"", ""source_id"": ""01KZ3MPAT05085FWFAT984CV8F""}]",fail,KEEP 01KZ3MPN9EQH0PNWW7B604FSNG 只说 2026-02-16 收到更新，未覆盖周末前交付及 February 17 会话信息。
023-b20260803-r3-0-00177-0-00177-q1,temporal,validation,When did Sam find an algorithm that reduces latency by about 30% in his distributed database tests?,2026-05-04,"Asynchronous replication can lead to better performance but may compromise data consistency. || Sam aims to submit his thesis by 2027-12-31. || Sam conducted additional tests on network latency, finding an average of 50 milliseconds under normal conditions. || Sam finished the chapter on distributed databases. || Sam found a new algorithm that reduces latency by about 30% in their current setup. || Sam has read up on handling packet loss in TCP and UDP. || Sam is currently working on the network protocols section of the thesis. || Sam is exploring how different replication strategies affect data availability and consistency in distributed databases. || Sam is focusing on fault tolerance mechanisms in distributed databases. || Sam is working on his thesis focusing on fault tolerance strategies in distributed systems, particularly Paxos and Raft algorithms. || Sam is working on optimizing network latency in distributed databases for his thesis. || Sam needs more real-world examples to clarify the section on fault tolerance strategies in his thesis. || Sam plans to include the new algorithm as one of the key findings in their thesis. || Sam plans to include the new latency data in the methodology section of the thesis. || Sam plans to research case studies involving Paxos and Raft algorithms in production environments. || Sam ran a series of benchmarks to confirm the improvement in latency. || Sam's advisor wants to review his thesis before the summer break starts next month. || Synchronous replication ensures consistency but can impact availability. || The benchmarks showed consistent results supporting the new algorithm’s effectiveness.","[""01KZ3PVM2NFWFD43D9D431KX1C"", ""01KZ3PVM2M42WSZPZ442DYQQCK"", ""01KZ3PVXZK7B9M8CGK1NKT5GZH"", ""01KZ3PVXZG4HT31RJ2KJFJ9XTG"", ""01KZ3PWEVJ2XW3XN8PA8W067Y6"", ""01KZ3PVXZKVD13WWQP3X0SNPWW"", ""01KZ3PVXZJFH40WTMH8NBJSEY4"", ""01KZ3PVM2JRXH7M3X2DYJJQ21D"", ""01KZ3PVM2G8RNZFEWR2S968A76"", ""01KZ3PW6WKG65KZ87F7SHT735X"", ""01KZ3PWEVG5Y8SGS76WR2XJDY5"", ""01KZ3PW6WPHW5RS36E33H9WVWD"", ""01KZ3PWEVPASNF0KVDCFPGX952"", ""01KZ3PVXZMSM0YFX6BQDDPD75X"", ""01KZ3PW6WQWF482DG87ZY8PB2Q"", ""01KZ3PWEVM98WMM1QW734YNXYE"", ""01KZ3PW6WRV19A8B5SZ1BTG74S"", ""01KZ3PVM2PPKF779G8C2P7A77D"", ""01KZ3PWEVNKRK6BXDRR88T8R04""]","[0, 1, 2, 3, 4, 5, 6, 7, 8, 9, 10, 11, 12, 13, 14, 15, 16, 17, 18]","[[""01KZ3PVC5JY7XBBX2SJT324302""], [""01KZ3PVC5HFM989H7BPRK6A6JE""], [""01KZ3PVM2SRQY4NVX12HN5X3WF""], [""01KZ3PVM2RMF2JD2X5TRAPJNHC""], [""01KZ3PW6WT3YRT6Q14P9RY0WT7""], [""01KZ3PVM2RXWBMF5GJ8V15P3X7""], [""01KZ3PVM2RMF2JD2X5TRAPJNHC""], [""01KZ3PVC5HZX1VC1H9N8GGK70Q""], [""01KZ3PVC5GXG2QWJS60KF2MFMD""], [""01KZ3PVXZN55MB487Y5BFBJSGG"", ""01KZ3PVXZNCSPAAM4WJ69XTA9N""], [""01KZ3PW6WSQ33G9VWNTWGFD3ZY""], [""01KZ3PVXZN55MB487Y5BFBJSGG""], [""01KZ3PW6WVNAP89JQ71KS6W0DK""], [""01KZ3PVM2SB3D62J97NGC0GAPR""], [""01KZ3PVXZPYC2VE39WCJS0C25N""], [""01KZ3PW6WTV5BA8XDP4Y5KTDHV""], [""01KZ3PVXZPSY54H5WKY1MBJ686""], [""01KZ3PVC5JY7XBBX2SJT324302""], [""01KZ3PW6WTV5BA8XDP4Y5KTDHV""]]","{""entities"": [""Sam""], ""time_constraints"": [], ""operands"": [], ""list_cardinality"": {""known"": false, ""count"": 0}, ""update_state"": """", ""gap"": null}","[{""kind"": ""KEEP"", ""candidate_id"": ""01KZ3PWEVJ2XW3XN8PA8W067Y6"", ""source_id"": ""01KZ3PW6WT3YRT6Q14P9RY0WT7""}, {""kind"": ""KEEP"", ""candidate_id"": ""01KZ3PVXZMSM0YFX6BQDDPD75X"", ""source_id"": ""01KZ3PVM2SB3D62J97NGC0GAPR""}]",fail,现有 KEEP 给出算法与 30% 降低，但没有 gold 日期 2026-05-04；应为 gap。
023-b20260803-r3-0-00095-0-00095-q1,temporal,validation,When did Dana start her home-lab project?,Dana started her home-lab project about a year ago.,Dana added a column for code reviews in Trello to improve workflow. || Dana added a new GPU for rendering tasks and an SSD for faster storage access to her home-lab's server. || Dana added a second access point to improve Wi-Fi coverage. || Dana chose the new hardware to better handle database loads and support more virtual machines. || Dana considered trying mesh systems for better Wi-Fi coverage. || Dana faced challenges with the Wi-Fi range in her home-lab project and upgraded the router. || Dana has implemented a new feature for remote monitoring and will have a beta version ready by the end of the week. || Dana is a software engineer working on a mini data center in her garage. || Dana is considering adding more servers for redundancy and scalability to her home-lab. || Dana is considering implementing encryption for the data at rest due to data sensitivity. || Dana might look into getting a faster switch and a separate network segment for critical services to upgrade her network infrastructure. || Dana plans to start the network upgrades over the weekend next week. || Dana reduced the server load time by about 30%. || Dana’s team is staying motivated and they are close to finishing the next phase of the project. || Dana upgraded the server hardware to the latest model on or after 2026-04-15. || Dana uses Trello for project task management and tracking. || Dana will run load tests using the same scripts with a larger dataset to simulate real-world usage. || The assistant advised Dana to implement encryption for the data at rest to enhance security and compliance.,"[""01KZ3KWYT09Z1ME6VGTET2ZZNN"", ""01KZ3KW7YD7QPJ3DJ6BKV28JFZ"", ""01KZ3KWYSXGFFNW1FSAE80NEP1"", ""01KZ3KWJ3P0SDT36BWSHDQPSFR"", ""01KZ3KWYSY0TGBRE73J8RBFKX0"", ""01KZ3KWYSTHQP6ZSTHP19APHET"", ""01KZ3KWJ3SCZ9KTB916PK7PB5T"", ""01KZ3KVZAV200PNQW99XTE1YKW"", ""01KZ3KW7YF9PTP90D0AD1JY7GS"", ""01KZ3KWJ3VVWMMY4AG7VQCXAZS"", ""01KZ3KW7YH15JE239P7RWP7A0P"", ""01KZ3KW7YJYGBKPNCMFFT75QYT"", ""01KZ3KW7YA7K5QYJXD3NMX9K8B"", ""01KZ3KWYT18VRK7BJV2XQGNR9Y"", ""01KZ3KWJ3NW8ZHP0R5JN47SR1M"", ""01KZ3KWYSZ6M0W8V6NWSPTY0Z4"", ""01KZ3KWJ3R9NZENHE7F4MQ03KZ"", ""01KZ3KWJ3WC4N2H8XR6X6977NW""]","[0, 1, 2, 3, 4, 5, 6, 7, 8, 9, 10, 11, 12, 13, 14, 15, 16, 17]","[[""01KZ3KWJ3YXWZ20GBWED1RADKK""], [""01KZ3KVZB4R4PEN5ANR1ZFNT23""], [""01KZ3KWJ3YY8W4V3157VSRBAVM""], [""01KZ3KW7YM0KZZTAHG1DGMZPR1""], [""01KZ3KWJ3YY8W4V3157VSRBAVM""], [""01KZ3KWJ3XCEWGXBYDHEM4AJGR""], [""01KZ3KW7YPD4APP0535T8Z429Z""], [""01KZ3KVPTTW95603YF4BNT17P6""], [""01KZ3KVZB4R4PEN5ANR1ZFNT23""], [""01KZ3KW7YQ5C9FGT51N8DC2PSZ""], [""01KZ3KVZB4R4PEN5ANR1ZFNT23""], [""01KZ3KVZB5AC1CDMN2T5QVV20D""], [""01KZ3KVZB4R4PEN5ANR1ZFNT23""], [""01KZ3KWJ3ZHK5ZXES4E5TMYG0J""], [""01KZ3KW7YM3WR6DHDPZZ5SYCP7""], [""01KZ3KWJ3YXWZ20GBWED1RADKK""], [""01KZ3KW7YNFZ508BV2CZQDDXV4""], [""01KZ3KW7YQ5C9FGT51N8DC2PSZ""]]","{""entities"": [""Dana""], ""time_constraints"": [], ""operands"": [], ""list_cardinality"": {""known"": false, ""count"": 0}, ""update_state"": """", ""gap"": null}",[],pass,
023-b20260803-r3-0-00170-0-00170-q1,temporal,validation,When is Tom's birthday party during the family trip to Japan?,Tom’s birthday party is scheduled to start at 6 PM on June 15th.,The family plans to arrive at the hotel by 4 PM on June 15th to set up for Tom's birthday party. || The family plans to visit a local market before Tom's birthday party. || Tom's birthday falls on June 15th during the family trip to Japan. || The family trip to Japan is from July 15th to 25th. || The family trip to Japan is planned for June 15th. || Tom's birthday party is scheduled to start at 6 PM on June 15th.,"[""01KZ3PMK6JBQ8V3AAX3AV29068"", ""01KZ3PMK6K21YZMQ3EWKDM6THV"", ""01KZ3PMK6GF9M2NC8F8RYGEBXB"", ""01KZ3PKCZ12S433MBQCVSGTH0X"", ""01KZ3PMK6EW0PXJPHJHHCW53K8"", ""01KZ3PMK6HGWR48XRNNV1DT8QZ""]","[0, 1, 2, 3, 4, 5]","[[""01KZ3PM7A0MMPDG3D0R4RZAJAR""], [""01KZ3PM7A069HP3AEVMFJMEDZP""], [""01KZ3PM79ZXH020WWNYGJMF1VM""], [""01KZ3PK304A6WBSPDMG5H69SMG"", ""01KZ3PK304NPF5R3KWZ3ARA39S""], [""01KZ3PM79Z3KEDP67M9N6AN9C6""], [""01KZ3PM79ZWV3MX46TQRAMWNH0""]]","{""entities"": [""Japan"", ""Tom's""], ""time_constraints"": [], ""operands"": [], ""list_cardinality"": {""known"": false, ""count"": 0}, ""update_state"": """", ""gap"": null}","[{""kind"": ""KEEP"", ""candidate_id"": ""01KZ3PMK6JBQ8V3AAX3AV29068"", ""source_id"": ""01KZ3PM7A0MMPDG3D0R4RZAJAR""}, {""kind"": ""KEEP"", ""candidate_id"": ""01KZ3PMK6HGWR48XRNNV1DT8QZ"", ""source_id"": ""01KZ3PM79ZWV3MX46TQRAMWNH0""}]",pass,
023-b20260803-r3-0-00089-0-00089-q1,temporal,validation,When did Sam mention he was looking into a paper by Dr. Zhang on consensus algorithms?,February 24th,Balancing performance and fault tolerance is considered the biggest challenge in Sam's research. || Sam completed the section on the impact of different network topologies on performance last week. || Sam finished the section on fault tolerance in distributed systems yesterday. || Sam found that ring networks perform worse under high load compared to mesh networks. || Sam has been refining the algorithm to handle network delays in his thesis. || Sam has read a paper by Dr. Zhang on consensus algorithms. || Sam hopes to submit his thesis by the end of March. || Sam is a graduate student. || Sam is exploring different algorithms and their impact on system reliability for his next chapter. || Sam is writing a thesis on distributed systems. || Sam plans to discuss network partitioning strategies in the next chapter of his thesis. || Sam plans to integrate findings from Dr. Zhang’s paper with his own experiments. || The deadline for Sam's first chapter submission is February 15th.,"[""01KZ3KP19XQ4R4NMDSZ5A8324M"", ""01KZ3KP19T4929XW24JPHVPHE5"", ""01KZ3KP9Z34TVMKR5Q0YW5S368"", ""01KZ3KP19WGSCRQCWY0RYPXNMK"", ""01KZ3KP19RFV7GPWYYN6V903RS"", ""01KZ3KP9Z8S9RN7H5523RDGWDP"", ""01KZ3KP9ZAJYB5ABZZMTWJY1VV"", ""01KZ3KNS2VZ4VE6C51ZGHPTSPB"", ""01KZ3KP9Z7JW62M3CPE6Z2FVA6"", ""01KZ3KNS2XEBZN9BVWV0A0FM52"", ""01KZ3KP9Z5CB61GX07SXN54NS3"", ""01KZ3KP9Z9WRJ4JFCY53YRW03R"", ""01KZ3KP19V0GFBCA053Y30970C""]","[0, 1, 2, 3, 4, 5, 6, 7, 8, 9, 10, 11, 12]","[[""01KZ3KNS6CZ4075MSFAD9Y5PVQ""], [""01KZ3KNS6BTJPAA2256C14FRK8""], [""01KZ3KP19YT6WF7PF1Q34492CR""], [""01KZ3KNS6BY7NT4RK91PFX07SN""], [""01KZ3KNS6A5N8XXT38JNBY8KMV""], [""01KZ3KP19ZA1YKW71CKC0JAVD0""], [""01KZ3KP19ZWWDGAEXTNB38P2RW""], [""01KZ3KNPPY9QD28ZJZNFCYK3SQ""], [""01KZ3KP19YB0YY99FZE85Y6AZH""], [""01KZ3KNPPY9QD28ZJZNFCYK3SQ""], [""01KZ3KP19Y3M0MMNXTE06YBYPF""], [""01KZ3KP19ZA1YKW71CKC0JAVD0""], [""01KZ3KNS6B1SC50XZVDTSC8AYZ""]]","{""entities"": [""Dr"", ""Sam"", ""Zhang""], ""time_constraints"": [], ""operands"": [], ""list_cardinality"": {""known"": false, ""count"": 0}, ""update_state"": """", ""gap"": null}","[{""kind"": ""KEEP"", ""candidate_id"": ""01KZ3KP9Z9WRJ4JFCY53YRW03R"", ""source_id"": ""01KZ3KP19ZA1YKW71CKC0JAVD0""}]",fail,KEEP 01KZ3KP9Z9WRJ4JFCY53YRW03R 只说计划整合 Dr. Zhang 论文发现，没有 February 24th；应为 gap。
023-b20260803-r3-0-00158-0-00158-q1,temporal,validation,When did the team decide on the start date for the beta testing phase?,March 1st,Feedback from the team regarding the hybrid work model has been positive. || The team prefers a hybrid work model with two days in the office and three remote days.,"[""01KZ3P584AMN8H8Q8SXARCG8KE"", ""01KZ3P5849RTB3JS6YYQ5R30ED""]","[0, 1]","[[""01KZ3P4YQWVE122KJN2FK4F6HQ""], [""01KZ3P4YQWNZ2B3HG9AC41ESX8""]]","{""entities"": [], ""time_constraints"": [], ""operands"": [], ""list_cardinality"": {""known"": false, ""count"": 0}, ""update_state"": """", ""gap"": {""kind"": ""entity"", ""entity"": """", ""start"": null, ""end"": null, ""operand"": """", ""source_need"": """"}}",[],pass,
023-b20260803-r3-0-00160-0-00160-q1,temporal,validation,When did Dana start the project to add a new server to her home lab?,March 2025,Dana added a new Raspberry Pi to her network on 2023-05-15. || Dana installed a new OS on her home-lab server but encountered network configuration issues. || Dana is excited about testing machine learning models on the new setup. || Dana is using an external USB drive for backup solutions. || Dana needs to prepare a presentation on her home-lab project for the following week. || Dana plans to finish upgrading the network setup by the end of July 2026. || Dana plans to have the backup solution ready by the end of this week. || Dana started the home-lab project in March 2025. || Dana suspects the network issue on her home-lab server might be due to a DNS problem. || Dana updated the firewall rules on her Raspberry Pi yesterday.,"[""01KZ3P7D76AVVFP5Q3G2Y7M2CS"", ""01KZ3P77CBK4K7BKVPCE08PQ2G"", ""01KZ3P7PDGRPS9RXJ6YGXXMFJ0"", ""01KZ3P7D7909J9PNNN8JSFMR5G"", ""01KZ3P77CGB4PZQ0P06HXWFKN4"", ""01KZ3P7PDE9QDKMQMT874WVZT5"", ""01KZ3P7D7AJPE4AQN916P63HWK"", ""01KZ3P7PD60SQ1V321JPQK1HKE"", ""01KZ3P77CDTKGZTJDQK1RZ1MGX"", ""01KZ3P7D78BBN3BY40GVYCEMPS""]","[0, 1, 2, 3, 4, 5, 6, 7, 8, 9]","[[""01KZ3P77CJPS13Q7X494GJ0K6E""], [""01KZ3P70KD4A74QSWCR13AGJTB""], [""01KZ3P7D7C1E8N4M2G39MXF7K6""], [""01KZ3P77CM1W1GBB7YHPPJMGES""], [""01KZ3P70KEVNJWJVEDR566Z60Z""], [""01KZ3P7D7CMSE13Q2KR3Y2HPNW""], [""01KZ3P77CM1W1GBB7YHPPJMGES""], [""01KZ3P7D7BBYP0JEGTYQWDNJEZ""], [""01KZ3P70KDWJNWJVEQ5DGBMBGP""], [""01KZ3P77CK4JCG7WVFP4V7JZHY""]]","{""entities"": [""Dana""], ""time_constraints"": [], ""operands"": [], ""list_cardinality"": {""known"": false, ""count"": 0}, ""update_state"": """", ""gap"": null}","[{""kind"": ""KEEP"", ""candidate_id"": ""01KZ3P7PD60SQ1V321JPQK1HKE"", ""source_id"": ""01KZ3P7D7BBYP0JEGTYQWDNJEZ""}]",pass,
023-b20260803-r3-0-00041-0-00041-q1,temporal,validation,When did Dana start her home-lab project?,2024,"Dana added a new server, a Raspberry Pi 4 with 8GB of RAM, for running additional tests. || Dana added two new routers to her home-lab network last month to optimize its speed. || Dana aims to integrate the new machine learning model by the end of June 2026. || Dana encountered issues with the compatibility of the new model with the existing framework during the update. || Dana encountered latency issues with certain applications during the initial setup of her new routers. || Dana expects her new SSD to arrive in the next couple of days. || Dana has been tweaking firewall rules to better protect against DDoS attacks on the network security system. || Dana hopes to have her network setup fine-tuned by next week. || Dana is planning to set up a continuous integration/continuous deployment pipeline for the project. || Dana is purchasing a new SSD to expand her home-lab's storage capacity this month. || Dana plans to seek help from tech friends online if she doesn't resolve the latency issues by next week. || Dana plans to use the new server for testing a new virtualization setup, running containers and comparing performance to existing virtual machines. || Dana resolved the compatibility issue by modifying the framework’s configuration files. || Dana's home-lab consists of three servers: one for development, one for testing, and one for production. || Dana started her home-lab project in 2024. || Dana updated the data preprocessing pipeline to handle larger datasets more efficiently. || Dana updated the database schema to include more detailed logging for troubleshooting purposes. || Dana uses Docker, Kubernetes, and Jenkins in her home-lab. || Dana wants to improve her knowledge of security best practices and integrate machine learning tools for automation in her home-lab. || Dana will start installing her new SSD after it arrives. || Dana will start setting up the new virtualization setup by the end of next week. || Managing the load between the servers during peak testing periods is a challenge for Dana. || Their next meeting to discuss the home-lab project is scheduled for February 22, 2026.","[""01KZ3HZE4ZT9J0FBSSWSZZ4Q8J"", ""01KZ3HZ2HPSBB7GVRW93GPFE07"", ""01KZ3HYKJYZ4C33Z4W2AA2K1BS"", ""01KZ3HYKK0PTBWS289R82X038G"", ""01KZ3HZ2HRPAF1D8V9QGWWBC2V"", ""01KZ3HZ2HYA1MVB1532KRVBTCQ"", ""01KZ3HZE4XD85MWNWD61TP7XD6"", ""01KZ3HZ2HTZ8CYV52TG5QWD82Z"", ""01KZ3HYKK2FCA8BJR8GKEEBF7Z"", ""01KZ3HZ2HWP19KTZ2THJX62HDA"", ""01KZ3HZ2HW4YZ73Q24SNX8DCN3"", ""01KZ3HZE5014EJGQRJJ4E2ERH2"", ""01KZ3HYKK1C3X5SBW6GFEVW4B4"", ""01KZ3HY90H0SH2CC0T0EGAX9EX"", ""01KZ3HY90EA19W0WB6VV7DA45H"", ""01KZ3HYKJV95QWFXDCNHEN93BQ"", ""01KZ3HZE52FNXJETQ342KFGJRV"", ""01KZ3HY90MQKEKK5XWY8BC11M2"", ""01KZ3HY90R81B5A8FZ4EYXM65K"", ""01KZ3HZ2J0F58BS8MV6HHACJFP"", ""01KZ3HZE51H0QXW06AGH6R1QJK"", ""01KZ3HY90PZPNX3NJKQRK0D7VC"", ""01KZ3HY90TW60F0DKGHV728HG1""]","[0, 1, 2, 3, 4, 5, 6, 7, 8, 9, 10, 11, 12, 13, 14, 15, 16, 17, 18, 19, 20, 21, 22]","[[""01KZ3HZ2J3W2M7BN8Y8NWJ47Z4""], [""01KZ3HYKK4RRJ8WZKP4EMR9RDW""], [""01KZ3HY90XSZX1HDM03WEY2KET""], [""01KZ3HY90Y3WTE4H9GY5YRW46V""], [""01KZ3HYKK4RRJ8WZKP4EMR9RDW""], [""01KZ3HYKK5BPFBJD667H9C9NGM""], [""01KZ3HZ2J2P32HBECTM4MM9VGG""], [""01KZ3HYKK4SCTCXZS4V8Y1DNH5""], [""01KZ3HY90Z4P16PXNGK42CS3T3""], [""01KZ3HYKK5BPFBJD667H9C9NGM""], [""01KZ3HYKK4SCTCXZS4V8Y1DNH5""], [""01KZ3HZ2J4MX4PE4ZVZSJQ7WQK""], [""01KZ3HY90YXDQDZ6F2K742TM73""], [""01KZ3HY0AQTB947QG9MKHMZECS""], [""01KZ3HY0AP8FCJANVN7X5J9ENT""], [""01KZ3HY90WK0Y39MZ52HP6XVD4""], [""01KZ3HZ2J52ZCTRKBE8YGJZY9A""], [""01KZ3HY0AQGA4H9T06HYXC7Q0S""], [""01KZ3HY0AR016DDZ8Z52WVHDXM""], [""01KZ3HYKK5BPFBJD667H9C9NGM""], [""01KZ3HZ2J43DSN11SMD1GMTSN8""], [""01KZ3HY0ARGJ1FGEJZYJ2PFGNV""], [""01KZ3HY0ARPFX6HA8DN4MYDXMQ""]]","{""entities"": [""Dana""], ""time_constraints"": [], ""operands"": [], ""list_cardinality"": {""known"": false, ""count"": 0}, ""update_state"": """", ""gap"": null}","[{""kind"": ""KEEP"", ""candidate_id"": ""01KZ3HYKK1C3X5SBW6GFEVW4B4"", ""source_id"": ""01KZ3HY90YXDQDZ6F2K742TM73""}]",fail,KEEP 01KZ3HYKK1C3X5SBW6GFEVW4B4 是修改配置解决兼容性；应 KEEP 01KZ3HY90EA19W0WB6VV7DA45H。
023-b20260803-r3-0-00033-0-00033-q2,multi-hop,validation,"When did Mei plan to make a decision on the new supplier for fresh produce, and has she finalized the supplier since then?",Mei planned to make a decision by the end of July and has finalized GreenLeaf Produce as the new supplier.,"Mei got a booking for next Friday with a group of 15. || Mei is a restaurant owner. || Mei is considering adding a new supplier for fresh produce, specifically one that offers organic options. || Mei plans to make a decision on the new supplier by the end of July. || Mei's current customer base includes local residents and tourists, with a focus on attracting young professionals. || Mei's main priorities include increasing her customer base and ensuring reliable suppliers. || The supplier is bringing in twice as much vegetables as usual for the salads.","[""01KZ3HNSHPGP58RDMXW31404EN"", ""01KZ3HN9M0E55MTEJVF93TD0MC"", ""01KZ3HN9M4SA6X51PRV6MB9D7J"", ""01KZ3HN9M4MZGC1YVV03SD7SKS"", ""01KZ3HN9M3S4F0SG5V3BHYAKC1"", ""01KZ3HN9M2F29A7H7GBJS4NKHF"", ""01KZ3HNSHQRK9ZJMH81SR81A06""]","[0, 1, 2, 3, 4, 5, 6]","[[""01KZ3HNJFJDXX0EXVTYCNG8XW3""], [""01KZ3HN1KQMHDDSH9Y6EZSHB6R""], [""01KZ3HN1KRMCS6BZ7G83VFDM3T""], [""01KZ3HN1KST3CAC6QQ3XF1T24F""], [""01KZ3HN1KRSB9FE8BMK6KATVFF""], [""01KZ3HN1KQSJ74MZD9AMYAP4AH""], [""01KZ3HNJFKAQ2SPFGQT92Q1B7C""]]","{""entities"": [""Mei""], ""time_constraints"": [], ""operands"": [], ""list_cardinality"": {""known"": false, ""count"": 0}, ""update_state"": """", ""gap"": null}","[{""kind"": ""KEEP"", ""candidate_id"": ""01KZ3HN9M3S4F0SG5V3BHYAKC1"", ""source_id"": ""01KZ3HN1KRSB9FE8BMK6KATVFF""}, {""kind"": ""KEEP"", ""candidate_id"": ""01KZ3HN9M0E55MTEJVF93TD0MC"", ""source_id"": ""01KZ3HN1KQMHDDSH9Y6EZSHB6R""}]",fail,两个现有 KEEP 完全无关；候选 01KZ3HN9M4MZGC1YVV03SD7SKS 只覆盖 end of July，缺 GreenLeaf 已最终确定，故应为 gap。
023-b20260803-r3-0-00158-0-00158-q2,multi-hop,validation,"According to the conversations, when did the team agree on the beta testing phase start date, and what tool are they using for task management?","The beta testing phase started on March 1st, and they are using Jira for task management.",Feedback from the team regarding the hybrid work model has been positive. || The team prefers a hybrid work model with two days in the office and three remote days.,"[""01KZ3P584AMN8H8Q8SXARCG8KE"", ""01KZ3P5849RTB3JS6YYQ5R30ED""]","[0, 1]","[[""01KZ3P4YQWVE122KJN2FK4F6HQ""], [""01KZ3P4YQWNZ2B3HG9AC41ESX8""]]","{""entities"": [""According""], ""time_constraints"": [], ""operands"": [], ""list_cardinality"": {""known"": false, ""count"": 0}, ""update_state"": """", ""gap"": {""kind"": ""entity"", ""entity"": ""According"", ""start"": null, ""end"": null, ""operand"": """", ""source_need"": ""entity:According""}}",[],pass,
023-b20260803-r3-0-00043-0-00043-q2,multi-hop,validation,When did Alex start working from home and why?,"Alex started working from home on January 16th, 2026, because he prefers it for better focus, especially with his baby at home.","Alex is the lead developer for the NovaTech Pro launch. || Alex will start working remotely from Monday, January 16th due to better focus with his baby at home.","[""01KZ3J0PXZ7AV64N5TMN9QC5DC"", ""01KZ3J1EEHN5NK13R388JHVTF2""]","[0, 1]","[[""01KZ3J0EG88KJTDNPYRM5T1ZM7"", ""01KZ3J0EG8XPVSS0T3GPM6HKJY""], [""01KZ3J18E7MY6MVR547FR4HXJA""]]","{""entities"": [""Alex""], ""time_constraints"": [], ""operands"": [], ""list_cardinality"": {""known"": false, ""count"": 0}, ""update_state"": """", ""gap"": null}","[{""kind"": ""KEEP"", ""candidate_id"": ""01KZ3J1EEHN5NK13R388JHVTF2"", ""source_id"": ""01KZ3J18E7MY6MVR547FR4HXJA""}]",pass,
023-b20260803-r3-0-00124-0-00124-q2,multi-hop,validation,"What changes did Sam observe in his network latency after implementing the new algorithm, and how does this relate to his previous concerns about network latency with more nodes?","After implementing the new algorithm, Sam observed a significant reduction in network latency, which was within acceptable limits for his application, addressing his previous concerns about increased latency with more nodes.","Increasing the number of nodes from 50 to 100 improved throughput by 20%. || Sam believes the findings highlight the need for optimizing both throughput and latency simultaneously. || Sam completed a chapter on the performance benchmarks of his distributed system model last week. || Sam has been running simulations to test the scalability of the system with positive results. || Sam implemented a new algorithm that reduces communication overhead significantly, improving performance. || Sam intends to gather more data points to validate the improvements during the next phase of testing. || Sam is evaluating the system's scalability using response time, throughput, memory usage, and network latency as key metrics. || Sam is working on a thesis about the impact of different synchronization techniques in distributed databases. || Sam observed reduced network latency with a new algorithm after optimizing data flow. || Sam plans to explore fault tolerance mechanisms next due to the increasing complexity of distributed systems. || Sam plans to include detailed results from the scalability tests in the chapter on distributed algorithms in his thesis next week. || Sam plans to test the optimized algorithm under more realistic conditions, such as varying network loads, starting next week. || Sam's optimized algorithm aligns with his original hypotheses. || Sam will document every step meticulously for his thesis. || Scaling up to 100 nodes resulted in a slight increase in latency, but it was within acceptable limits.","[""01KZ3MXMS4DJDMFC06G792HNKG"", ""01KZ3MXMS6YANZZFRBX1AYBSST"", ""01KZ3MXMS0FQH0B3CGERBEMTQ2"", ""01KZ3MXDCF6E5SN4597JHQKT46"", ""01KZ3MXDCKH8Z89Q38SXBAA89S"", ""01KZ3MX4SV9905Z0Z3Y60VGPZK"", ""01KZ3MXDCH59YRJ1F34MYTS763"", ""01KZ3MWTG0Y42SSXJE6PGE4TYJ"", ""01KZ3MX4SQSMBRYM1GV5Q4RF16"", ""01KZ3MXMS7AEVNXWJWY7QFVK22"", ""01KZ3MXDCKP6DM2QXJBC2MCGD8"", ""01KZ3MX4SV3GXC2GN8CD90G0X3"", ""01KZ3MX4SSBZ8RFTF2G7M2XMDM"", ""01KZ3MX4SWCN23899C0PZ4136D"", ""01KZ3MXMS5S2VAGXVV8D1ZWBKX""]","[0, 1, 2, 3, 4, 5, 6, 7, 8, 9, 10, 11, 12, 13, 14]","[[""01KZ3MXDCM2THRP5XXE3A934Q3""], [""01KZ3MXDCNSH80N35TFJT2ZH3Y""], [""01KZ3MXDCM2THRP5XXE3A934Q3""], [""01KZ3MX4SXM7HPVNB5GRK5PGZ1""], [""01KZ3MX4SX8EGJSETR9Q7GMA30""], [""01KZ3MWTGDD83DKB9BJD76FDT3""], [""01KZ3MX4SXYZSQYDF33H3EJ8XK""], [""01KZ3MWGY0WR6AENAQ6NAZ2CNH""], [""01KZ3MWTGBJHTCV3H9YZ0GZ4PF""], [""01KZ3MXDCNY8T9AEW92T0PKKPY""], [""01KZ3MX4SYXA45J066HGFK5AR3""], [""01KZ3MWTGDD83DKB9BJD76FDT3""], [""01KZ3MWTGCPBDJ0TDG9JABFQA2""], [""01KZ3MWTGEF2PVQHK1XTGD38PQ""], [""01KZ3MXDCNNKARNFFXBHMZ5HEH""]]","{""entities"": [""Sam""], ""time_constraints"": [], ""operands"": [{""name"": ""after"", ""satisfied"": false}], ""list_cardinality"": {""known"": false, ""count"": 0}, ""update_state"": """", ""gap"": null}","[{""kind"": ""KEEP"", ""candidate_id"": ""01KZ3MX4SQSMBRYM1GV5Q4RF16"", ""source_id"": ""01KZ3MWTGBJHTCV3H9YZ0GZ4PF""}, {""kind"": ""KEEP"", ""candidate_id"": ""01KZ3MXDCKP6DM2QXJBC2MCGD8"", ""source_id"": ""01KZ3MX4SYXA45J066HGFK5AR3""}]",fail,KEEP 01KZ3MXDCKP6DM2QXJBC2MCGD8 无关，现有证据未覆盖扩到 100 nodes 后 latency 仍可接受；还应 KEEP 01KZ3MXMS5S2VAGXVV8D1ZWBKX。
023-b20260803-r3-0-00118-0-00118-q2,multi-hop,validation,"When did Mei start using the new supplier for vegetable supplies, and how has the quantity changed compared to the previous supplier?","Mei started using the new supplier for vegetable supplies on January 15th, and the quantity has increased from 10 boxes of lettuces to 15 boxes.","Mei booked a group of 15 for the New Year's Eve dinner on December 31st. || Mei has a group of 15 booked for Saturday night. || Mei has assigned extra shifts to regular servers for upcoming busy periods. || Mei plans to review the contract terms with the new supplier today. || Mei received an update from Supplier A on 2026-02-16. || Mei started using a new vegetable supplier for her business. || The supplier confirmed the delivery of organic vegetables on January 15th. || There are many reservations for the summer months, particularly for weekends in June.","[""01KZ3MNZJ33SNJH0V4KJSSFW3F"", ""01KZ3MPN9QEHHK9MS31CD03SSS"", ""01KZ3MPN9SSRKZ2TJWBZS0H612"", ""01KZ3MPASXC1FBDJFVFC5H5XPP"", ""01KZ3MPN9EQH0PNWW7B604FSNG"", ""01KZ3MPASRTDGW234MHRX7EYS2"", ""01KZ3MNZJ5F32Q7NKQ1W0KERB4"", ""01KZ3MPASYM7PC10NRWTWG4QEW""]","[0, 1, 2, 3, 4, 5, 6, 7]","[[""01KZ3MNPR1M599R5ZGQV6JZ01C""], [""01KZ3MPAT16SXX57HHD3EHBBHY""], [""01KZ3MPAT1QF9KQ5J33MFJHPD9""], [""01KZ3MNZJ9TNMM92HR8049JA0M""], [""01KZ3MPAT05085FWFAT984CV8F""], [""01KZ3MNZJ81MKWX8KS8Y35YRZT"", ""01KZ3MNZJ8FQ8QJY1QDKRMBV7Y""], [""01KZ3MNPR1DYZA0RAB37V13647""], [""01KZ3MNZJAKK7T6N5D6AW1MNTQ""]]","{""entities"": [""Mei""], ""time_constraints"": [], ""operands"": [], ""list_cardinality"": {""known"": false, ""count"": 0}, ""update_state"": """", ""gap"": null}","[{""kind"": ""KEEP"", ""candidate_id"": ""01KZ3MPASRTDGW234MHRX7EYS2"", ""source_id"": ""01KZ3MNZJ81MKWX8KS8Y35YRZT""}, {""kind"": ""KEEP"", ""candidate_id"": ""01KZ3MNZJ5F32Q7NKQ1W0KERB4"", ""source_id"": ""01KZ3MNPR1DYZA0RAB37V13647""}]",fail,现有 KEEP 只证明开始使用新供应商和 January 15th 的一次交付，未证明该日为开始日期，且完全缺 10 箱增至 15 箱；应为 gap。
023-b20260803-r3-0-00184-0-00184-q2,multi-hop,validation,What was the status of the vegetable supplier switch and when did Mei plan to make the change?,"Mei planned to switch suppliers before the end of June, so they could place the order early for the August weddings.","Blue Sea Foods has provided satisfactory service since switching suppliers. || Mei confirmed a big group booking for Friday, January 12th. || Mei got a new booking for July 15th from a group of 12. || Mei is considering contacting the local fishmonger as a backup supplier. || Mei is planning to introduce a new vegetarian dish next week. || Mei mentioned they had a busy weekend with the new menu. || Mei needs to find an alternative supplier due to the seafood delay. || Mei needs to secure some tables for a wedding reception on August 1st. || Mei needs to switch vegetable suppliers before the end of June. || Mei plans to finalize the new menu items this week, including vegetarian options. || Mei prefers organic and locally sourced vegetables for her restaurant. || Mei received a big booking for a corporate event on July 15th. || Mei’s supplier for the seafood has been experiencing delays. || Mei switched to a new supplier, Blue Sea Foods, due to an issue with fish last month.","[""01KZ3Q33XYTS35C9CK9B2ETVCW"", ""01KZ3Q33XTR5S90EMB5ENSP13H"", ""01KZ3Q2XKVG2RMNZA33CTKMQYV"", ""01KZ3Q3D8Q5ZPXTDBTC3RQGT8G"", ""01KZ3Q33XZN94NKQYFQ3W9TAE9"", ""01KZ3Q3K6PW2PKFHHKDYKVSSY4"", ""01KZ3Q3D8PBMJGV0VZPZMGZPGE"", ""01KZ3Q2XKX1TC373SN55539SX0"", ""01KZ3Q2XKZ2XBA8QBNBQMFKP6K"", ""01KZ3Q3D8R031MXJEQEDDP9F1P"", ""01KZ3Q2XKY8QVQ83DZD6ASAF3G"", ""01KZ3Q3D8JXGFMEK43B0GZ0TR3"", ""01KZ3Q3D8M76WR6AZDJ4B889AW"", ""01KZ3Q33XW4ADP1AB49DWTK8Z2""]","[0, 1, 2, 3, 4, 5, 6, 7, 8, 9, 10, 11, 12, 13]","[[""01KZ3Q2XM1668XM9HMK5Q2Z26P"", ""01KZ3Q2XM1MAHWERSJMRD9YV2C""], [""01KZ3Q2XM0B5PWGW1DFNCV76DD""], [""01KZ3Q2Q4C2EQZ5KDDTCRPH4GY""], [""01KZ3Q33Y1916ZQTA4SC0FHWJA""], [""01KZ3Q2XM1M1FQK3VW1WB4QY6S""], [""01KZ3Q3D8SX56Y0ZKDDDMA66YW""], [""01KZ3Q33Y0M2NG6YZR0DHR8KW1""], [""01KZ3Q2Q4DVXEA754N7KKK354S""], [""01KZ3Q2Q4E7T4CN8GJC2CBDHKN"", ""01KZ3Q2Q4EDTPAC3JQ4YY2A86F""], [""01KZ3Q33Y12P5T6YC1EXZNSH2Z""], [""01KZ3Q2Q4DQN4NH98R73KYMT31""], [""01KZ3Q33Y09APT2TRXEA9NNG68""], [""01KZ3Q33Y05HTYRYE2AM2W87YE""], [""01KZ3Q2XM067MC1TZD47KWNFZ2""]]","{""entities"": [""Mei""], ""time_constraints"": [], ""operands"": [], ""list_cardinality"": {""known"": false, ""count"": 0}, ""update_state"": """", ""gap"": null}","[{""kind"": ""KEEP"", ""candidate_id"": ""01KZ3Q33XZN94NKQYFQ3W9TAE9"", ""source_id"": ""01KZ3Q2XM1M1FQK3VW1WB4QY6S""}, {""kind"": ""KEEP"", ""candidate_id"": ""01KZ3Q3D8R031MXJEQEDDP9F1P"", ""source_id"": ""01KZ3Q33Y12P5T6YC1EXZNSH2Z""}]",fail,两个现有 KEEP 均是菜单事项；候选 01KZ3Q2XKZ2XBA8QBNBQMFKP6K 只覆盖 end of June，缺为 August weddings 提前下单，故应为 gap。
023-b20260803-r3-0-00083-0-00083-q2,multi-hop,validation,Did Sam resolve the issues he had with setting up the Redis cluster and what progress has he made since then on his thesis?,"Sam resolved the issues with setting up the Redis cluster using a tutorial from Redis Labs. Since then, he has completed the literature review, is currently working on the methodology section comparing client-server, peer-to-peer, and hybrid architectures, and has made progress on the consensus algorithms chapter, specifically reducing the message complexity of the Paxos algorithm by almost 20%.","Sam aims to finish the methodology section by the end of this month. || Sam decided to compare three main distributed system architectures: client-server, peer-to-peer, and hybrid. || Sam finished the literature review last week. || Sam has been focusing on a chapter about consensus algorithms for his thesis. || Sam implemented a new protocol that reduces the number of messages needed by almost 20% for the Paxos algorithm. || Sam is comparing Cassandra, Redis, and MongoDB in his thesis. || Sam is considering integrating the new protocol with other consensus algorithms like Raft. || Sam is currently focusing on the methodology section of the thesis. || Sam is working on the chapter about distributed databases for his thesis. || Sam plans to start collecting data for experiments after finishing the methodology section. || Sam plans to wrap up the current chapter by the end of this month. || Sam resolved issues with setting up the Redis cluster following a tutorial from Redis Labs. || Sam's thesis topic is about the impact of renewable energy policies on local economies. || Sam tested the new protocol under various network scenarios—high latency, low bandwidth, and high packet loss. || Sam will then start on the section about fault tolerance in distributed systems. || The preliminary setup for Sam's experiments is complete.","[""01KZ3KFE7H2V73K24M8E6Y1FDX"", ""01KZ3KFE7GR4SJ8C3814SXMFQA"", ""01KZ3KFE7E97EWCV2N2N48X0SZ"", ""01KZ3KFR6HB3NQYXCM1G1CNZJT"", ""01KZ3KFR6KKNRRSSRVMT8XQG2X"", ""01KZ3KF24151G61D13FAJSX4XW"", ""01KZ3KFR6PF088HZ56WCNJVNCS"", ""01KZ3KFE7FMDZJN9NZ2CK1FENX"", ""01KZ3KF23Y54AVVE55G1RZDFZQ"", ""01KZ3KFE7H3HGBYGCRY1BDMSQC"", ""01KZ3KFR6R4P4ZE4CXPG2Q7R1J"", ""01KZ3KF2437YA6HSY4573XVMKT"", ""01KZ3KETDXYP1RTCCFM1CMHHBX"", ""01KZ3KFR6NHY5QNQAEKY4W3X7R"", ""01KZ3KFR6RSCQ8SWBR27VW2VWJ"", ""01KZ3KFE7JFAV3F57RQMWPY7S3""]","[0, 1, 2, 3, 4, 5, 6, 7, 8, 9, 10, 11, 12, 13, 14, 15]","[[""01KZ3KF246JSJJG8HJ6CED8CA6""], [""01KZ3KF246JSJJG8HJ6CED8CA6""], [""01KZ3KF2462YVH79RBDGPFQ0GZ""], [""01KZ3KFE7JXHX8BD2CFNR5J0J8""], [""01KZ3KFE7KEJHWDC4V9T1C95QP""], [""01KZ3KETDZWZGSFN2BK8JHH6J8""], [""01KZ3KFE7M0BCMT3FVM4J40G0X""], [""01KZ3KF2462YVH79RBDGPFQ0GZ""], [""01KZ3KETDY2H971D07J81GE3FG""], [""01KZ3KF246JSJJG8HJ6CED8CA6""], [""01KZ3KFE7MXGEQHX66HNN21AEK""], [""01KZ3KETDZRHV2VNMNN97J3E41"", ""01KZ3KETDZWZGSFN2BK8JHH6J8""], [""01KZ3KES5DV8H3F0H2C98MTATJ""], [""01KZ3KFE7KX74EAV853GYJ0R3K""], [""01KZ3KFE7MXGEQHX66HNN21AEK""], [""01KZ3KF247P36QKMBFF44FN9KT""]]","{""entities"": [""Redis"", ""Sam""], ""time_constraints"": [], ""operands"": [], ""list_cardinality"": {""known"": false, ""count"": 0}, ""update_state"": """", ""gap"": null}","[{""kind"": ""KEEP"", ""candidate_id"": ""01KZ3KFR6KKNRRSSRVMT8XQG2X"", ""source_id"": ""01KZ3KFE7KEJHWDC4V9T1C95QP""}, {""kind"": ""KEEP"", ""candidate_id"": ""01KZ3KF2437YA6HSY4573XVMKT"", ""source_id"": ""01KZ3KETDZWZGSFN2BK8JHH6J8""}, {""kind"": ""KEEP"", ""candidate_id"": ""01KZ3KFE7E97EWCV2N2N48X0SZ"", ""source_id"": ""01KZ3KF2462YVH79RBDGPFQ0GZ""}, {""kind"": ""KEEP"", ""candidate_id"": ""01KZ3KFE7FMDZJN9NZ2CK1FENX"", ""source_id"": ""01KZ3KF2462YVH79RBDGPFQ0GZ""}, {""kind"": ""KEEP"", ""candidate_id"": ""01KZ3KFE7GR4SJ8C3814SXMFQA"", ""source_id"": ""01KZ3KF246JSJJG8HJ6CED8CA6""}]",pass,
023-b20260803-r3-0-00032-0-00032-q2,multi-hop,validation,Did Alex's sister's birthday change from June 15th to June 23rd between the first and third sessions?,No,Alex asked the assistant to check for flight and hotel deals for his trip to Japan. || Alex hopes the rest of the team will join him for the beach house trip. || Alex is planning a family trip to Japan in March. || Alex is planning a vacation trip to Japan with his kids in June. || Alex needs reminders for his trip to Japan and his sister’s birthday. || Alex plans to have a small dinner at home to celebrate Sarah's birthday. || Alex prefers to travel to Japan the first week of June. || Alex's big project deadline is on May 9th. || The assistant agreed to find flight and hotel options for Alex’s trip to Japan. || The beach house rental is finalized and they will stay from May 10th to May 18th.,"[""01KZ3HM77T4VDF6W4NTJB3TC91"", ""01KZ3HMTHS8GJ0WYX3K53KR477"", ""01KZ3HMK2QRTT5P2WJMASWTN5Y"", ""01KZ3HM77EH13GCWXFKQQZMGJD"", ""01KZ3HM77RCPSBN1Q29GK19F55"", ""01KZ3HMTHJWEEM7Z85JNSG934D"", ""01KZ3HM77QGM97P9A0RHZ8M23M"", ""01KZ3HMTHRFQ85HWCH2TCD9S07"", ""01KZ3HM77WD3ET7DA0ZPT7E978"", ""01KZ3HMTHN2JKZQQDWPWEFE656""]","[0, 1, 2, 3, 4, 5, 6, 7, 8, 9]","[[""01KZ3HKMSBFBMDSE62VBHRM5QG""], [""01KZ3HMK3828ZTCQKCA5ZE4W3J""], [""01KZ3HM780894DT5WT23NBD2CS""], [""01KZ3HKMSA2CHJY74073RWKZ22""], [""01KZ3HKMSBRYD0M0SJKH282MA0""], [""01KZ3HMK37P9VVRSFCVM4XP65Y""], [""01KZ3HKMSBFJGMFNDMYG5JGFBX""], [""01KZ3HMK38R3Q2W5S2MR8P1746""], [""01KZ3HKMSBFBMDSE62VBHRM5QG""], [""01KZ3HMK38K3ANS1QJPQ35FGS6""]]","{""entities"": [""Alex's"", ""June""], ""time_constraints"": [""june 15"", ""june 23""], ""operands"": [], ""list_cardinality"": {""known"": false, ""count"": 0}, ""update_state"": """", ""gap"": {""kind"": ""time_range"", ""entity"": """", ""start"": null, ""end"": null, ""operand"": """", ""source_need"": ""time:june 15,june 23""}}",[],pass,
023-b20260803-r3-0-00066-0-00066-q2,multi-hop,validation,When did Sam plan to complete his first draft of the thesis and what changes did he make to the data distribution algorithm in June 2026?,"Sam planned to complete his first draft by the end of July 2026. In June 2026, he made changes to the data distribution algorithm and found a way to reduce latency by 20%.","Sam's thesis is provisionally titled 'Enhancing Fault Tolerance in Distributed Databases through Advanced Consistency Protocols'. || Dr. Elena Volkov and Dr. Richard Peterson are Sam's primary advisors. || Sam aims to finish the first draft of his thesis by the end of July. || Sam intends to start implementing his thesis model this weekend. || Sam is struggling with the methodology part of his thesis. || Sam is working on a thesis about fault tolerance in distributed databases. || Sam is working on the performance evaluation section of his thesis. || Sam needs to clean up and preprocess the dataset before starting the implementation. || Sam optimized the data distribution algorithms for his thesis, reducing latency by 20%. || Sam plans to implement a deep learning model to predict system latency for his thesis. || Sam plans to present his preliminary findings at the International Conference on Distributed Systems in September 2026. || Sam tested the new algorithm and found it performs better under high load conditions.","[""01KZ3JX0GGR05YDXGNKMB07QVD"", ""01KZ3JX0GJ5MQJBXGWMEB671E9"", ""01KZ3JX6XM0J1MY5G12NKGA8D8"", ""01KZ3JXPB0AGH0WFN875K4YCH1"", ""01KZ3JXPAVJV3AEHQ8D5C7E5K6"", ""01KZ3JX0GDNYVJ2WPERP861VG8"", ""01KZ3JXPAR6HZ3KYCBDWPD1K95"", ""01KZ3JXPB2JTS7ZTRHNF12C6J7"", ""01KZ3JX6XH64J33FEQ7XVYTWEF"", ""01KZ3JXPAXT3SRCPSJ2DPQX1NS"", ""01KZ3JX0GN6RKJSG5A1PB4PRT9"", ""01KZ3JX6XK7PDP5A8W4XHN71D2""]","[0, 1, 2, 3, 4, 5, 6, 7, 8, 9, 10, 11]","[[""01KZ3JWNHGFAX7VSV540KT6A31""], [""01KZ3JWNHHTHDX7TRN0TWXHQ90""], [""01KZ3JX0GTD1YS5N6W0XAA5KPP""], [""01KZ3JXEFD8FYSBEP7ZND5EVAY""], [""01KZ3JXEFCDARPJ6Q6S9P3RM6D""], [""01KZ3JWNHFKQ2JHHVC116PHXJD""], [""01KZ3JXEFCAGE8MTHXT5XJYTGA""], [""01KZ3JXEFD8FYSBEP7ZND5EVAY""], [""01KZ3JX0GR973A90QCD0HV83K2""], [""01KZ3JXEFDHCZSES1NNN46G32Q""], [""01KZ3JWNHHGBE3XQVS75Q172ZM""], [""01KZ3JX0GRQKQHD7C0HXR8AVQN""]]","{""entities"": [""June"", ""Sam""], ""time_constraints"": [""2026-06""], ""operands"": [], ""list_cardinality"": {""known"": false, ""count"": 0}, ""update_state"": """", ""gap"": null}","[{""kind"": ""KEEP"", ""candidate_id"": ""01KZ3JX6XM0J1MY5G12NKGA8D8"", ""source_id"": ""01KZ3JX0GTD1YS5N6W0XAA5KPP""}, {""kind"": ""KEEP"", ""candidate_id"": ""01KZ3JX6XH64J33FEQ7XVYTWEF"", ""source_id"": ""01KZ3JX0GR973A90QCD0HV83K2""}]",pass,
023-b20260803-r3-0-00173-0-00173-q2,multi-hop,validation,"When is the family trip to Paris scheduled, and who is coming on the trip to Europe in July?","The family trip to Paris is scheduled for July 15th to July 22nd, and the trip to Europe in July includes the user's parents, sister, and Aunt Mia.",Alex finalized the family trip dates for July 15th to July 22nd. || The user proposed planning a trip to Europe for mid-July to mid-August.,"[""01KZ3PQ8FVY2VZJDZ7GMZHAMBM"", ""01KZ3PPMRV5HGYGC3C5RJ4H82B""]","[0, 1]","[[""01KZ3PPZRETSHVDZM9RKP89QWV""], [""01KZ3PPFTV66VACCYAPK0WTRPB""]]","{""entities"": [""Europe"", ""July"", ""Paris""], ""time_constraints"": [], ""operands"": [], ""list_cardinality"": {""known"": false, ""count"": 0}, ""update_state"": """", ""gap"": null}","[{""kind"": ""KEEP"", ""candidate_id"": ""01KZ3PQ8FVY2VZJDZ7GMZHAMBM"", ""source_id"": ""01KZ3PPZRETSHVDZM9RKP89QWV""}]",fail,KEEP 01KZ3PQ8FVY2VZJDZ7GMZHAMBM 只覆盖 July 15th–22nd；全部候选均未给出 parents、sister、Aunt Mia，故应为 gap。
023-b20260803-r3-0-00008-0-00008-q2,multi-hop,validation,"What was the original launch date for QuickSync, and when was it changed to?","The original launch date for QuickSync was set for March 10th, 2026, but it was later changed to April 2026.",Priya is working on the launch of a new software feature called 'QuickSync'.,"[""01KZ3GS59MCTBZV713V26JWED5""]",[0],"[[""01KZ3GRWPDC2CCERBWQ131HKMJ""]]","{""entities"": [""QuickSync""], ""time_constraints"": [], ""operands"": [], ""list_cardinality"": {""known"": false, ""count"": 0}, ""update_state"": """", ""gap"": null}","[{""kind"": ""KEEP"", ""candidate_id"": ""01KZ3GS59MCTBZV713V26JWED5"", ""source_id"": ""01KZ3GRWPDC2CCERBWQ131HKMJ""}]",fail,"KEEP 01KZ3GS59MCTBZV713V26JWED5 只说明 QuickSync 项目存在，没有 March 10th, 2026 或改为 April 2026；应为 gap。"
023-b20260803-r3-0-00002-0-00002-q2,multi-hop,validation,When did Dana plan to add a new server by and has she encountered any network configuration issues since then?,"Dana planned to add a new server by June 15th, but she encountered issues with DNS resolution and network configuration.","Dana encountered issues with network configuration after getting the server. || Dana expects to complete the installation of security software by the end of June 19th. || Dana intends to install security software after the network is stable. || Dana is a software engineer. || Dana is checking /etc/resolv.conf for DNS resolution issues. || Dana is planning to finish the home-lab project's core functionality by 2026-01-31. || Dana planned to add a new server by June 15th. || Dana plans to add new Raspberry Pi models and expand the network setup for the home-lab project. || Dana plans to check the router settings to resolve network issues. || Dana plans to start working on integrating more IoT devices for the home-lab project around mid-February 2026. || Dana's manager expressed excitement about integrating more IoT devices into the home-lab project. || The HomeNet project includes five computers: one server, two workstations, and two laptops.","[""01KZ3GJQR66ZQGWD8W0ZJJSV04"", ""01KZ3GJQRAVTSQEAGWM27S4NE1"", ""01KZ3GJQR9V38P08EHXN9B4NCJ"", ""01KZ3GJ5E4W305NSX04CST38PT"", ""01KZ3GJQR7GGJ3TBCQJFCXZRHR"", ""01KZ3GJEM2ZVTVYHYCWFEFAXP4"", ""01KZ3GJQR4QSQ1RC0EB0J7TCHW"", ""01KZ3GJEM4GAV8VVC9PV1YCA96"", ""01KZ3GJQR84XCRMMB25FT63NA1"", ""01KZ3GJEM7T5KACYBCC56WJ2PC"", ""01KZ3GJEM51GVQH59DK12AGSE4"", ""01KZ3GJ5E785H5NED0SBKTD7V0""]","[0, 1, 2, 3, 4, 5, 6, 7, 8, 9, 10, 11]","[[""01KZ3GJEM8YTTHX3YK4DYSNZ7W""], [""01KZ3GJEM9WB7C0HC5FX228MSW""], [""01KZ3GJEM9C38S8P73PG271PTF""], [""01KZ3GJ01DM3T5JTX1NQ486ENG""], [""01KZ3GJEM85FQ6R9VQ1MEVG0WJ""], [""01KZ3GJ5E81Q7F06866SQ67AND""], [""01KZ3GJEM8ZAPPVX3B6K4D34HN""], [""01KZ3GJ5E9TTWFRRF62NVCQ2S7""], [""01KZ3GJEM9VQ3MP98VQ1YEJKK1""], [""01KZ3GJ5E9FKA7RWZCHRRJ5G0R""], [""01KZ3GJ5E90N20G0E8EC2HGXWH""], [""01KZ3GJ01F3KQH24GNGA0VHGDN""]]","{""entities"": [""Dana""], ""time_constraints"": [], ""operands"": [], ""list_cardinality"": {""known"": false, ""count"": 0}, ""update_state"": """", ""gap"": null}","[{""kind"": ""KEEP"", ""candidate_id"": ""01KZ3GJQR66ZQGWD8W0ZJJSV04"", ""source_id"": ""01KZ3GJEM8YTTHX3YK4DYSNZ7W""}, {""kind"": ""KEEP"", ""candidate_id"": ""01KZ3GJQR7GGJ3TBCQJFCXZRHR"", ""source_id"": ""01KZ3GJEM85FQ6R9VQ1MEVG0WJ""}, {""kind"": ""KEEP"", ""candidate_id"": ""01KZ3GJQR4QSQ1RC0EB0J7TCHW"", ""source_id"": ""01KZ3GJEM8ZAPPVX3B6K4D34HN""}, {""kind"": ""KEEP"", ""candidate_id"": ""01KZ3GJQR84XCRMMB25FT63NA1"", ""source_id"": ""01KZ3GJEM9VQ3MP98VQ1YEJKK1""}, {""kind"": ""KEEP"", ""candidate_id"": ""01KZ3GJEM4GAV8VVC9PV1YCA96"", ""source_id"": ""01KZ3GJ5E9TTWFRRF62NVCQ2S7""}]",pass,
023-b20260803-r3-0-00180-0-00180-q2,multi-hop,validation,When is the birthday of Alex's mother according to the conversation?,June 15th,"Alex and family will travel to Hawaii on June 10th. || Alex and friends plan to stay in Jamaica for seven days. || Alex is planning a trip to Paris with the kids starting on July 15, 2026. || Alex needs to remind everyone about their vaccinations for the Paris trip. || Alex will book hotels and flights for the Paris trip by July 1, 2026.","[""01KZ3PZMDR7AZ9HVS8C7C3J9FF"", ""01KZ3PZBV37V1H64P0XEWQFF8S"", ""01KZ3PZ2SP75EMYTMQDE7RWCK9"", ""01KZ3PZ2ST9YCZJGGPBW70YCRV"", ""01KZ3PZ2SS5NQP6QM8EFCTNTQM""]","[0, 1, 2, 3, 4]","[[""01KZ3PZBV8VJCAA6ZKNKXEZB09""], [""01KZ3PZ2SWA45DHMND92A9NKV9""], [""01KZ3PYPDE454PGDSH00S7WT5F""], [""01KZ3PYPDE6BRBG8J29S7AN0NG""], [""01KZ3PYPDE6BRBG8J29S7AN0NG""]]","{""entities"": [""Alex's""], ""time_constraints"": [], ""operands"": [], ""list_cardinality"": {""known"": false, ""count"": 0}, ""update_state"": """", ""gap"": {""kind"": ""entity"", ""entity"": ""Alex's"", ""start"": null, ""end"": null, ""operand"": """", ""source_need"": ""entity:Alex's""}}",[],pass,
023-b20260803-r3-0-00041-0-00041-q2,multi-hop,validation,When did Dana plan to complete the integration of the new machine learning model and what challenges did she face during the update process?,"Dana planned to complete the integration of the new machine learning model by the end of June. She faced compatibility issues with the new model and the existing framework, which she resolved by modifying the framework’s configuration files.","Dana added a new server, a Raspberry Pi 4 with 8GB of RAM, for running additional tests. || Dana added two new routers to her home-lab network last month to optimize its speed. || Dana aims to integrate the new machine learning model by the end of June 2026. || Dana encountered issues with the compatibility of the new model with the existing framework during the update. || Dana encountered latency issues with certain applications during the initial setup of her new routers. || Dana expects her new SSD to arrive in the next couple of days. || Dana has been tweaking firewall rules to better protect against DDoS attacks on the network security system. || Dana hopes to have her network setup fine-tuned by next week. || Dana is planning to set up a continuous integration/continuous deployment pipeline for the project. || Dana is purchasing a new SSD to expand her home-lab's storage capacity this month. || Dana plans to seek help from tech friends online if she doesn't resolve the latency issues by next week. || Dana plans to use the new server for testing a new virtualization setup, running containers and comparing performance to existing virtual machines. || Dana resolved the compatibility issue by modifying the framework’s configuration files. || Dana's home-lab consists of three servers: one for development, one for testing, and one for production. || Dana started her home-lab project in 2024. || Dana updated the data preprocessing pipeline to handle larger datasets more efficiently. || Dana updated the database schema to include more detailed logging for troubleshooting purposes. || Dana uses Docker, Kubernetes, and Jenkins in her home-lab. || Dana wants to improve her knowledge of security best practices and integrate machine learning tools for automation in her home-lab. || Dana will start installing her new SSD after it arrives. || Dana will start setting up the new virtualization setup by the end of next week. || Managing the load between the servers during peak testing periods is a challenge for Dana. || Their next meeting to discuss the home-lab project is scheduled for February 22, 2026.","[""01KZ3HZE4ZT9J0FBSSWSZZ4Q8J"", ""01KZ3HZ2HPSBB7GVRW93GPFE07"", ""01KZ3HYKJYZ4C33Z4W2AA2K1BS"", ""01KZ3HYKK0PTBWS289R82X038G"", ""01KZ3HZ2HRPAF1D8V9QGWWBC2V"", ""01KZ3HZ2HYA1MVB1532KRVBTCQ"", ""01KZ3HZE4XD85MWNWD61TP7XD6"", ""01KZ3HZ2HTZ8CYV52TG5QWD82Z"", ""01KZ3HYKK2FCA8BJR8GKEEBF7Z"", ""01KZ3HZ2HWP19KTZ2THJX62HDA"", ""01KZ3HZ2HW4YZ73Q24SNX8DCN3"", ""01KZ3HZE5014EJGQRJJ4E2ERH2"", ""01KZ3HYKK1C3X5SBW6GFEVW4B4"", ""01KZ3HY90H0SH2CC0T0EGAX9EX"", ""01KZ3HY90EA19W0WB6VV7DA45H"", ""01KZ3HYKJV95QWFXDCNHEN93BQ"", ""01KZ3HZE52FNXJETQ342KFGJRV"", ""01KZ3HY90MQKEKK5XWY8BC11M2"", ""01KZ3HY90R81B5A8FZ4EYXM65K"", ""01KZ3HZ2J0F58BS8MV6HHACJFP"", ""01KZ3HZE51H0QXW06AGH6R1QJK"", ""01KZ3HY90PZPNX3NJKQRK0D7VC"", ""01KZ3HY90TW60F0DKGHV728HG1""]","[0, 1, 2, 3, 4, 5, 6, 7, 8, 9, 10, 11, 12, 13, 14, 15, 16, 17, 18, 19, 20, 21, 22]","[[""01KZ3HZ2J3W2M7BN8Y8NWJ47Z4""], [""01KZ3HYKK4RRJ8WZKP4EMR9RDW""], [""01KZ3HY90XSZX1HDM03WEY2KET""], [""01KZ3HY90Y3WTE4H9GY5YRW46V""], [""01KZ3HYKK4RRJ8WZKP4EMR9RDW""], [""01KZ3HYKK5BPFBJD667H9C9NGM""], [""01KZ3HZ2J2P32HBECTM4MM9VGG""], [""01KZ3HYKK4SCTCXZS4V8Y1DNH5""], [""01KZ3HY90Z4P16PXNGK42CS3T3""], [""01KZ3HYKK5BPFBJD667H9C9NGM""], [""01KZ3HYKK4SCTCXZS4V8Y1DNH5""], [""01KZ3HZ2J4MX4PE4ZVZSJQ7WQK""], [""01KZ3HY90YXDQDZ6F2K742TM73""], [""01KZ3HY0AQTB947QG9MKHMZECS""], [""01KZ3HY0AP8FCJANVN7X5J9ENT""], [""01KZ3HY90WK0Y39MZ52HP6XVD4""], [""01KZ3HZ2J52ZCTRKBE8YGJZY9A""], [""01KZ3HY0AQGA4H9T06HYXC7Q0S""], [""01KZ3HY0AR016DDZ8Z52WVHDXM""], [""01KZ3HYKK5BPFBJD667H9C9NGM""], [""01KZ3HZ2J43DSN11SMD1GMTSN8""], [""01KZ3HY0ARGJ1FGEJZYJ2PFGNV""], [""01KZ3HY0ARPFX6HA8DN4MYDXMQ""]]","{""entities"": [""Dana""], ""time_constraints"": [], ""operands"": [], ""list_cardinality"": {""known"": false, ""count"": 0}, ""update_state"": """", ""gap"": null}",[],fail,gap漏标；应 KEEP 01KZ3HYKJYZ4C33Z4W2AA2K1BS、01KZ3HYKK0PTBWS289R82X038G、01KZ3HYKK1C3X5SBW6GFEVW4B4，三条共同覆盖完整答案。
023-b20260803-r3-0-00183-0-00183-q2,multi-hop,validation,"When did Dana start working on her e-commerce platform project, and what new server did she get for her home-lab after starting this project?","Dana started working on her e-commerce platform project about two months ago, around 2026-03-20. She got an Intel Xeon E-2288G with 16 cores for her home-lab.","Dana began working on her e-commerce platform project about two months ago, around 2026-03-20. || Dana has added new GPUs to optimize the hardware setup. || Dana has been testing the new AI model with data sets from her previous projects. || Dana has five Linux servers set up in her home lab. || Dana hasn't started the network upgrade yet, waiting for the new server to arrive. || Dana is considering using Prometheus for monitoring. || Dana is self-funding her home-lab project and using refurbished hardware to keep costs down. || Dana is using her own funds for the project. || Dana is working on a simple e-commerce platform using Docker containers and Kubernetes in her home lab. || Dana is working on integrating a new AI model into her home-lab project. || Dana mentioned she was working on upgrading her home-lab's network infrastructure. || Dana might apply for grants if the project goes well. || Dana plans to switch to a more robust networking setup to handle a new server. || Dana plans to update the documentation for recent changes this weekend. || Dana plans to upgrade her network infrastructure by adding a second switch and possibly a small router. || Dana's main goals are to test containerization and microservices architecture in her home lab. || Dana’s team does not have new members yet, but she is reaching out to candidates next week. || Dana updated her server to Ubuntu 22.04 LTS. || Dana will configure the switches and routers to support the new server once it arrives. || The new AI model shows improvements in performance, particularly in image recognition.","[""01KZ3Q1VMW7RT00BC3NB8K7J66"", ""01KZ3Q2GW10R7JSBBMSV94SXEC"", ""01KZ3Q2GVZWEARY6B9VKJ5XW8A"", ""01KZ3Q1VMN2P06RJKX4G03QERK"", ""01KZ3Q27Y9WR9Y7CDE0H6CT3KK"", ""01KZ3Q2PZX5JB2PNWZKMRFRRP1"", ""01KZ3Q2PZZ5XK862NT64CXQPPK"", ""01KZ3Q27YD69N9DTSQM1W0VC34"", ""01KZ3Q1VMTA6BX9YVNEF2FHS6C"", ""01KZ3Q2GVYQZNA6DZK7T1BTTCT"", ""01KZ3Q27Y1YKY80PSE6J0Q9B4H"", ""01KZ3Q27YE9HGEEFNXZA97WVMH"", ""01KZ3Q27Y3CFW47QJEVJ6AZJ8K"", ""01KZ3Q2GW285NJFGVPX9G9Y2E8"", ""01KZ3Q2PZYDBWE2YEGJGN98EAR"", ""01KZ3Q1VMQA5QZEQMZTTZ3AHD6"", ""01KZ3Q2GW3E548ENX67Y1TY9HJ"", ""01KZ3Q2PZV1VX42Z9YZ803HJ7T"", ""01KZ3Q27YB7X5TA2ANP4J40AYC"", ""01KZ3Q2GW087KJDZQCD7B7P4WW""]","[0, 1, 2, 3, 4, 5, 6, 7, 8, 9, 10, 11, 12, 13, 14, 15, 16, 17, 18, 19]","[[""01KZ3Q1M6C429EPD6AKZJTJ7QJ""], [""01KZ3Q27YKXC41QHW0XYY7XXS8""], [""01KZ3Q27YHTJGF39XKMD2YGGKC""], [""01KZ3Q1M6B948D7DGJAM19GDDK""], [""01KZ3Q1VN0PTP4YJ2JJV8JHB30""], [""01KZ3Q2GW4WQYYZH6N50VBQK9W""], [""01KZ3Q2GW5GMFNGE60DZK2ST9W""], [""01KZ3Q1VN1T8X2KYV3M6B1Z6D0""], [""01KZ3Q1M6CQS6KGYA9D68PEJ21""], [""01KZ3Q27YGGM241ZPRSBTSX1B2""], [""01KZ3Q1VMYHRGCQF175CPFGAHJ""], [""01KZ3Q1VN1T8X2KYV3M6B1Z6D0""], [""01KZ3Q1VMZTP381N48SWQJKKHH""], [""01KZ3Q27YKGGFFZBYXZZ5SCNVN""], [""01KZ3Q2GW5FRGJ54Q0240XQMZQ""], [""01KZ3Q1M6BKCV6DF0D63ZPEKVG""], [""01KZ3Q27YMKXEYYXQR80GSX9Y5""], [""01KZ3Q2GW4EYCG1WREDD8QCZYV""], [""01KZ3Q1VN0PTP4YJ2JJV8JHB30""], [""01KZ3Q27YJJ4XEM72JWHC6QHYG""]]","{""entities"": [""Dana""], ""time_constraints"": [], ""operands"": [{""name"": ""after"", ""satisfied"": false}], ""list_cardinality"": {""known"": false, ""count"": 0}, ""update_state"": """", ""gap"": null}","[{""kind"": ""KEEP"", ""candidate_id"": ""01KZ3Q1VMW7RT00BC3NB8K7J66"", ""source_id"": ""01KZ3Q1M6C429EPD6AKZJTJ7QJ""}, {""kind"": ""KEEP"", ""candidate_id"": ""01KZ3Q2PZX5JB2PNWZKMRFRRP1"", ""source_id"": ""01KZ3Q2GW4WQYYZH6N50VBQK9W""}]",fail,KEEP 01KZ3Q1VMW7RT00BC3NB8K7J66 只覆盖项目开始时间，01KZ3Q2PZX5JB2PNWZKMRFRRP1 是 Prometheus；候选无 Intel Xeon E-2288G/16 cores，应为 gap。
023-b20260803-r3-0-00176-0-00176-q2,multi-hop,validation,"According to the conversation, did Mei switch her vegetable supplier and plan any specific menu items for the CEO's dinner on April 15th?","Yes, Mei switched her vegetable supplier to Fresh Leaf and planned a special four-course menu for the CEO's dinner on April 15th.",Chef Lee will provide catering for the Johnson family's wedding. || Mei chose GreenThumb Florists as the new supplier for flowers for the Johnson family's wedding. || Mei finalized the booking for the Johnson family's wedding next month. || Mei had a big event last month at her restaurant. || Mei is considering a new bakery downtown for Valentine’s Day desserts. || Mei is planning a corporate dinner for a tech company next week at her restaurant. || Mei is planning a special menu for Valentine’s Day this year. || Mei needs to order flowers and fancy desserts for Valentine’s Day. || Mei owns a restaurant called 'Flavors of the World' in downtown. || Mei plans to expand her vegetable supplier to include more fruits next month. || Mei received a few cancellations due to the winter storm for Valentine’s Day. || Mei switched to a new supplier for organic vegetables last week. || Mei works with Chef’s Choice for the main courses at the upcoming corporate dinner. || Mei works with Sweet Treats for desserts at the upcoming corporate dinner. || The menu for the reception is still being worked on for the Johnson family's wedding. || The supplier meeting with the new flower supplier and the caterer went well. || The upcoming corporate dinner will feature a mix of Asian and Western dishes.,"[""01KZ3PVBZ17CMWB45JPK35M3R7"", ""01KZ3PVBZ201YV5BKHDTQG6PXR"", ""01KZ3PVBYZ17RJX40Q14XJJB0C"", ""01KZ3PTH9D0WBZ1820PMY7S3W9"", ""01KZ3PTTK54KYMXEDP80EC0KNR"", ""01KZ3PTH9F74W6SR97S3Y0GAZX"", ""01KZ3PTTK24WQCPCAP7SP9JW1H"", ""01KZ3PTTK4GXMT40Q31YJ2DJ15"", ""01KZ3PTH9BB1AXPFR3CEQ7Y10Z"", ""01KZ3PTTK17C5RP7X2FH1GF8GT"", ""01KZ3PTTK7QB0JYWNHQBHYW01T"", ""01KZ3PTTJYCTQ6QBAA189G28DR"", ""01KZ3PTH9HCFW3PYNPS8D2T4HT"", ""01KZ3PTH9JSVGGGVM59F640E49"", ""01KZ3PVBZ41H6JZFAGGM2CVQTN"", ""01KZ3PVBZ3JGJ7NKN3YXZNM34Z"", ""01KZ3PTH9GGFWPKACTJ4W919Z2""]","[0, 1, 2, 3, 4, 5, 6, 7, 8, 9, 10, 11, 12, 13, 14, 15, 16]","[[""01KZ3PV3YF6KDRX6Y8YGWJV583""], [""01KZ3PV3YFNTQFNSRVX8K2W343""], [""01KZ3PV3YF6KDRX6Y8YGWJV583""], [""01KZ3PT3SGXXVSHPWWFCSDDCKX""], [""01KZ3PTH9NNA165V2MQSNH934S""], [""01KZ3PT3SGXXVSHPWWFCSDDCKX""], [""01KZ3PTH9N5Q9G7A6GF07EYG8S""], [""01KZ3PTH9NC12X357AKJ5TXGMC""], [""01KZ3PT3SFN2TEK480D3T4SV3M""], [""01KZ3PTH9NP8MYSNMJGFTZRV12""], [""01KZ3PTH9PHAMPJESC5QNP5WGN""], [""01KZ3PTH9MAY2SN6YF7BGFTSCV""], [""01KZ3PT3SHB8VZX54Y3YYCCDAQ""], [""01KZ3PT3SHB8VZX54Y3YYCCDAQ""], [""01KZ3PV3YGW1PXP2JA5915B4AH""], [""01KZ3PV3YGTK0T9J1RMVZE7GKA""], [""01KZ3PT3SGYTYD5ZRYVVN38DTN""]]","{""entities"": [""According"", ""April"", ""CEO's"", ""Mei""], ""time_constraints"": [""april 15""], ""operands"": [], ""list_cardinality"": {""known"": false, ""count"": 0}, ""update_state"": """", ""gap"": null}","[{""kind"": ""KEEP"", ""candidate_id"": ""01KZ3PTH9GGFWPKACTJ4W919Z2"", ""source_id"": ""01KZ3PT3SGYTYD5ZRYVVN38DTN""}, {""kind"": ""KEEP"", ""candidate_id"": ""01KZ3PTTK54KYMXEDP80EC0KNR"", ""source_id"": ""01KZ3PTH9NNA165V2MQSNH934S""}]",fail,KEEP 01KZ3PTH9GGFWPKACTJ4W919Z2、01KZ3PTTK54KYMXEDP80EC0KNR 只说晚宴菜系及 Valentine 面包店，无 Fresh Leaf、four-course menu 或 April 15th；应为 gap。
023-b20260803-r3-0-00052-0-00052-q2,multi-hop,validation,"When did Alex originally discuss the vineyard venue for his mother's birthday party, and what is the updated date for the event?","Alex originally discussed the vineyard venue for his mother's birthday party in March, and the updated date for the event is June 25th.","Alex booked flights for July 5th and 20th. || Alex confirmed hotel bookings and flight times for the family vacation to Europe. || Alex is ensuring the catering for the mom's birthday party is suitable for her seafood preferences. || Alex is finalizing the itinerary for a family trip to Italy next month. || Alex is planning a family trip to the beach in Florida. || Alex needs to confirm the vineyard’s availability on the 17th. || Alex plans to visit Tokyo Tower during his trip to Japan. || Alex's budget for the trip is limited. || Alex sent a custom-made sake set as a gift to his brother for his birthday. || Alex will try local cuisine during his trip to Japan. || The family includes Alex, his parents, and two kids.","[""01KZ3JCEW70KGDD4ZA817PBBT6"", ""01KZ3JD09W1K5DBSPQHJA45VT3"", ""01KZ3JD5MXBRE89GM4S6CESFAR"", ""01KZ3JD5MTF6EXPP5R2NM4E0RV"", ""01KZ3JC3VGHYAQTGGBTFMRGKSB"", ""01KZ3JD0A1638J928KEWDD2D7R"", ""01KZ3JCEWAZ4Z9JQRGH031HZ18"", ""01KZ3JC3VP1CYQB6NEP9HVN9NG"", ""01KZ3JCEWDZW2NA2R0W5AMM6JF"", ""01KZ3JCEWBMG9HZDV8DW470YEH"", ""01KZ3JC3VJWV1JPA6HQ2CTVEB1""]","[0, 1, 2, 3, 4, 5, 6, 7, 8, 9, 10]","[[""01KZ3JC3VQVY2TVHZT414A8P92""], [""01KZ3JCEWFY3XW2B7M9SGEBGW6""], [""01KZ3JD0A6Y6F04ETSW69RSDN3""], [""01KZ3JD0A52PG96XAN7QZ94G9T""], [""01KZ3JBS8ZY64QZGFWE14KMPFV""], [""01KZ3JCEWG90266S3BFMCMK948""], [""01KZ3JC3VRM399BTK1DG6YZ6M2""], [""01KZ3JBS910HAMJE60SW5GFPQ6""], [""01KZ3JC3VRKYAMJM6DPQBFHQYM""], [""01KZ3JC3VRM399BTK1DG6YZ6M2""], [""01KZ3JBS8ZY64QZGFWE14KMPFV""]]","{""entities"": [""Alex""], ""time_constraints"": [], ""operands"": [], ""list_cardinality"": {""known"": false, ""count"": 0}, ""update_state"": ""updated"", ""gap"": null}","[{""kind"": ""KEEP"", ""candidate_id"": ""01KZ3JD5MXBRE89GM4S6CESFAR"", ""source_id"": ""01KZ3JD0A6Y6F04ETSW69RSDN3""}, {""kind"": ""KEEP"", ""candidate_id"": ""01KZ3JD5MTF6EXPP5R2NM4E0RV"", ""source_id"": ""01KZ3JD0A52PG96XAN7QZ94G9T""}]",fail,两个现有 KEEP 分别是生日餐饮和 Italy 行程，没有 March 的 vineyard 讨论或 June 25th 更新日期；应为 gap。
023-b20260803-r3-0-00177-0-00177-q2,multi-hop,validation,"What initial findings did Sam mention about asynchronous and synchronous replication strategies, and how did he incorporate his recent test results on network latency reduction into his thesis progress?","Sam found that asynchronous replication can lead to better performance but may compromise data consistency, while synchronous replication ensures consistency but can impact availability. He incorporated recent test results showing a 30% reduction in network latency into his thesis as a key finding.","Asynchronous replication can lead to better performance but may compromise data consistency. || Sam aims to submit his thesis by 2027-12-31. || Sam conducted additional tests on network latency, finding an average of 50 milliseconds under normal conditions. || Sam finished the chapter on distributed databases. || Sam found a new algorithm that reduces latency by about 30% in their current setup. || Sam has read up on handling packet loss in TCP and UDP. || Sam is currently working on the network protocols section of the thesis. || Sam is exploring how different replication strategies affect data availability and consistency in distributed databases. || Sam is focusing on fault tolerance mechanisms in distributed databases. || Sam is working on his thesis focusing on fault tolerance strategies in distributed systems, particularly Paxos and Raft algorithms. || Sam is working on optimizing network latency in distributed databases for his thesis. || Sam needs more real-world examples to clarify the section on fault tolerance strategies in his thesis. || Sam plans to include the new algorithm as one of the key findings in their thesis. || Sam plans to include the new latency data in the methodology section of the thesis. || Sam plans to research case studies involving Paxos and Raft algorithms in production environments. || Sam ran a series of benchmarks to confirm the improvement in latency. || Sam's advisor wants to review his thesis before the summer break starts next month. || Synchronous replication ensures consistency but can impact availability. || The benchmarks showed consistent results supporting the new algorithm’s effectiveness.","[""01KZ3PVM2NFWFD43D9D431KX1C"", ""01KZ3PVM2M42WSZPZ442DYQQCK"", ""01KZ3PVXZK7B9M8CGK1NKT5GZH"", ""01KZ3PVXZG4HT31RJ2KJFJ9XTG"", ""01KZ3PWEVJ2XW3XN8PA8W067Y6"", ""01KZ3PVXZKVD13WWQP3X0SNPWW"", ""01KZ3PVXZJFH40WTMH8NBJSEY4"", ""01KZ3PVM2JRXH7M3X2DYJJQ21D"", ""01KZ3PVM2G8RNZFEWR2S968A76"", ""01KZ3PW6WKG65KZ87F7SHT735X"", ""01KZ3PWEVG5Y8SGS76WR2XJDY5"", ""01KZ3PW6WPHW5RS36E33H9WVWD"", ""01KZ3PWEVPASNF0KVDCFPGX952"", ""01KZ3PVXZMSM0YFX6BQDDPD75X"", ""01KZ3PW6WQWF482DG87ZY8PB2Q"", ""01KZ3PWEVM98WMM1QW734YNXYE"", ""01KZ3PW6WRV19A8B5SZ1BTG74S"", ""01KZ3PVM2PPKF779G8C2P7A77D"", ""01KZ3PWEVNKRK6BXDRR88T8R04""]","[0, 1, 2, 3, 4, 5, 6, 7, 8, 9, 10, 11, 12, 13, 14, 15, 16, 17, 18]","[[""01KZ3PVC5JY7XBBX2SJT324302""], [""01KZ3PVC5HFM989H7BPRK6A6JE""], [""01KZ3PVM2SRQY4NVX12HN5X3WF""], [""01KZ3PVM2RMF2JD2X5TRAPJNHC""], [""01KZ3PW6WT3YRT6Q14P9RY0WT7""], [""01KZ3PVM2RXWBMF5GJ8V15P3X7""], [""01KZ3PVM2RMF2JD2X5TRAPJNHC""], [""01KZ3PVC5HZX1VC1H9N8GGK70Q""], [""01KZ3PVC5GXG2QWJS60KF2MFMD""], [""01KZ3PVXZN55MB487Y5BFBJSGG"", ""01KZ3PVXZNCSPAAM4WJ69XTA9N""], [""01KZ3PW6WSQ33G9VWNTWGFD3ZY""], [""01KZ3PVXZN55MB487Y5BFBJSGG""], [""01KZ3PW6WVNAP89JQ71KS6W0DK""], [""01KZ3PVM2SB3D62J97NGC0GAPR""], [""01KZ3PVXZPYC2VE39WCJS0C25N""], [""01KZ3PW6WTV5BA8XDP4Y5KTDHV""], [""01KZ3PVXZPSY54H5WKY1MBJ686""], [""01KZ3PVC5JY7XBBX2SJT324302""], [""01KZ3PW6WTV5BA8XDP4Y5KTDHV""]]","{""entities"": [""Sam""], ""time_constraints"": [], ""operands"": [], ""list_cardinality"": {""known"": false, ""count"": 0}, ""update_state"": ""recent"", ""gap"": null}","[{""kind"": ""KEEP"", ""candidate_id"": ""01KZ3PVM2NFWFD43D9D431KX1C"", ""source_id"": ""01KZ3PVC5JY7XBBX2SJT324302""}, {""kind"": ""KEEP"", ""candidate_id"": ""01KZ3PVXZKVD13WWQP3X0SNPWW"", ""source_id"": ""01KZ3PVM2RXWBMF5GJ8V15P3X7""}, {""kind"": ""KEEP"", ""candidate_id"": ""01KZ3PWEVG5Y8SGS76WR2XJDY5"", ""source_id"": ""01KZ3PW6WSQ33G9VWNTWGFD3ZY""}, {""kind"": ""KEEP"", ""candidate_id"": ""01KZ3PWEVPASNF0KVDCFPGX952"", ""source_id"": ""01KZ3PW6WVNAP89JQ71KS6W0DK""}, {""kind"": ""KEEP"", ""candidate_id"": ""01KZ3PWEVM98WMM1QW734YNXYE"", ""source_id"": ""01KZ3PW6WTV5BA8XDP4Y5KTDHV""}, {""kind"": ""KEEP"", ""candidate_id"": ""01KZ3PWEVJ2XW3XN8PA8W067Y6"", ""source_id"": ""01KZ3PW6WT3YRT6Q14P9RY0WT7""}]",fail,现有 KEEP 覆盖 asynchronous finding、30% latency reduction 及 key finding，但遗漏 synchronous replication；还应 KEEP 01KZ3PVM2PPKF779G8C2P7A77D。
023-b20260803-r3-0-00113-0-00113-q2,multi-hop,validation,When did Alex mention his mother's concern about the language barrier in Paris and what action was taken to address it?,"Alex mentioned his mother's concern about the language barrier in Paris during their conversation on April 16, 2026. To address it, he signed them up for a French language course for a few days before their departure.",Alex is traveling to Paris with his parents and sister on April 25th. || Alex asked Alex about Alex and Alex's partner's summer vacation plans. || Alex is planning a family vacation to the Grand Canyon in July. || Alex needs to plan a family trip to Europe next summer. || The couple is planning to visit Paris and Barcelona for their summer vacation.,"[""01KZ3MHA1HTN1RQVVHVK0RW5N1"", ""01KZ3MHK8KESQ5AXQ2J7H2HPT1"", ""01KZ3MH3N8KF6ZXE808YRKYWVD"", ""01KZ3MGW597Q8H68NH62QB0ZMX"", ""01KZ3MHK8NR4TKB295PF0B4TY6""]","[0, 1, 2, 3, 4]","[[""01KZ3MH3NGYG9C6Y9MJX5BJWFG""], [""01KZ3MHA1P3Q7YEN9RXGPGQ1DP""], [""01KZ3MGW5AYXXQHQ1A0HDN0DQJ""], [""01KZ3MGTMA5WBWHMDFK4VM8GBZ""], [""01KZ3MHA1Q9TPAC5X4NPX4XDRT""]]","{""entities"": [""Alex"", ""Paris""], ""time_constraints"": [], ""operands"": [], ""list_cardinality"": {""known"": false, ""count"": 0}, ""update_state"": """", ""gap"": null}",[],pass,
023-b20260803-r3-0-00064-0-00064-q2,multi-hop,validation,"What consensus algorithms did Sam mention he planned to study for his thesis, and did he implement one based on these algorithms?","Sam mentioned he planned to study Raft, Paxos, and Zab. He implemented a prototype based on the Chord network with modifications to improve fault tolerance.","Sam aims to complete his thesis by the end of 2027. || Sam aims to have his thesis draft finalized by mid-September. || Sam faced challenges in ensuring consistency under high network latency during implementation. || Sam feels a need for more hands-on practice to better understand consensus algorithms. || Sam finds Paxos more abstract and harder to understand than Raft. || Sam finished the initial prototype of his thesis last week. || Sam has read extensively about consensus algorithms, focusing on Paxos and Raft. || Sam has tested his prototype with both stable and highly fluctuating network conditions. || Sam is testing the performance of different consensus algorithms under various failure conditions. || Sam is using visual aids and code snippets to simulate consensus algorithms for better understanding. || Sam is working on fault tolerance mechanisms in distributed databases for his thesis. || Sam is working on the thesis proposal for the summer, currently stuck on the literature review section. || Sam plans to compare the efficiency and reliability of Raft, Paxos, and Zab consensus algorithms. || Sam plans to present his findings at the upcoming ACM conference in October. || Sam's thesis focuses on exploring data consistency in distributed systems during node failures. || Sam's thesis prototype is based on the Chord network with modifications for fault tolerance. || The assistant suggested Sam work on implementing a simplified version of a consensus algorithm for practical experience.","[""01KZ3JTGWMQPEB8PHRJRDYP0TA"", ""01KZ3JVC5DY3DBAA5R14M9G8A2"", ""01KZ3JVC58ENX0WYXJ1V3HX8VX"", ""01KZ3JTZS8WNQYGZAMR94FEP6B"", ""01KZ3JTZS61T8MN2V1TYWGSPXG"", ""01KZ3JVC54CYPTHX2XQTNVVASM"", ""01KZ3JTZS49DPX1EFYTX74CCGE"", ""01KZ3JVC5A8Y72KJA8M9SAN9MX"", ""01KZ3JTGWJYTWFQ8XYJ5B44TXM"", ""01KZ3JTZS7BW2JY94WCDXS0GMP"", ""01KZ3JTGWEV0AF0CEMVRVJ07CT"", ""01KZ3JTZS113S0T9JJDJ7KG6XD"", ""01KZ3JTGWK5WEFMQVZKANZ2JPN"", ""01KZ3JVC5F3K3EP66XZ84X2SNY"", ""01KZ3JTGWGWEQZAFR13RV8AV2T"", ""01KZ3JVC56SPR8KZ2VJJR57JXE"", ""01KZ3JTZS93D4F2YCWR6VVD630""]","[0, 1, 2, 3, 4, 5, 6, 7, 8, 9, 10, 11, 12, 13, 14, 15, 16]","[[""01KZ3JT8VYXZPZEY0851M6M7ZX""], [""01KZ3JTZSCAKX1YW7PGQHGVQB2""], [""01KZ3JTZSBZXJ6SXYGS57TF533""], [""01KZ3JTGWSPRWSDZC8KHC9ZG6X""], [""01KZ3JTGWR731DFZZGBEGDZJ5B""], [""01KZ3JTZSBYRZMR8J73CMZKY4B""], [""01KZ3JTGWR8BPK73DNYN6XJKRS""], [""01KZ3JTZSB9W8BN4DN7XYMH3TQ""], [""01KZ3JT8VVKVGQ2Y2K2XET2QDX""], [""01KZ3JTGWSPRWSDZC8KHC9ZG6X""], [""01KZ3JT8VT2XTC6D25NCEAWQ2V""], [""01KZ3JTGWP8CV1NZJZFGYWG63N""], [""01KZ3JT8VX1KPN3560VM45AR73""], [""01KZ3JTZSCTM8R0E5FRB2AX5AZ""], [""01KZ3JT8VT2XTC6D25NCEAWQ2V""], [""01KZ3JTZSBYRZMR8J73CMZKY4B""], [""01KZ3JTGWV1FKPCW9WA9GQYYPH""]]","{""entities"": [""Sam""], ""time_constraints"": [], ""operands"": [], ""list_cardinality"": {""known"": false, ""count"": 0}, ""update_state"": """", ""gap"": null}","[{""kind"": ""KEEP"", ""candidate_id"": ""01KZ3JTZS61T8MN2V1TYWGSPXG"", ""source_id"": ""01KZ3JTGWR731DFZZGBEGDZJ5B""}, {""kind"": ""KEEP"", ""candidate_id"": ""01KZ3JTGWEV0AF0CEMVRVJ07CT"", ""source_id"": ""01KZ3JT8VT2XTC6D25NCEAWQ2V""}]",fail,两个现有 KEEP 均未覆盖完整答案；应 KEEP 01KZ3JTGWK5WEFMQVZKANZ2JPN、01KZ3JVC56SPR8KZ2VJJR57JXE。
023-b20260803-r3-0-00057-0-00057-q2,multi-hop,validation,"When did the launch date for FitTrack change from the original December plan to the final January 15th date, and who is handling marketing according to the latest team roles?",The launch date changed from December to January 15th. Sarah is handling marketing according to the latest team roles.,"Priya expects the beta version of FitTrack to be ready by July 1st, 2026. || Priya expects the full launch of FitTrack to be in September 2026. || Priya has set up a feedback system in the FitTrack app for users to rate features and suggest improvements. || Priya is concerned about the potential for too many suggestions overwhelming the team during the beta phase of FitTrack. || Priya is working on a health app called FitTrack. || The main team on the FitTrack project includes Alex, leading development, and Maya, handling marketing.","[""01KZ3JHVHBFKGXSPWRAY1G5C9G"", ""01KZ3JHVHC2NJ5K86RBTP5YXSC"", ""01KZ3JHVHEF1MBQ1PMBH1X98FB"", ""01KZ3JHVHF8XMCRWEVE3DA2SNE"", ""01KZ3JHVH56CDDM79ZVQ1EC1R3"", ""01KZ3JHVH9JS1TJAYYSSB4R9G3""]","[0, 1, 2, 3, 4, 5]","[[""01KZ3JHGBF8W1X94WHKMQM2NE6""], [""01KZ3JHGBF8W1X94WHKMQM2NE6""], [""01KZ3JHGBGCT5WBZEM2VCF3BFE""], [""01KZ3JHGBGY33N89AMYKZZ66SC""], [""01KZ3JHGBFWWGVA5X4WPDHXZVQ""], [""01KZ3JHGBFWWGVA5X4WPDHXZVQ""]]","{""entities"": [""December"", ""FitTrack"", ""January""], ""time_constraints"": [""january 15""], ""operands"": [], ""list_cardinality"": {""known"": false, ""count"": 0}, ""update_state"": ""latest"", ""gap"": null}","[{""kind"": ""KEEP"", ""candidate_id"": ""01KZ3JHVH9JS1TJAYYSSB4R9G3"", ""source_id"": ""01KZ3JHGBFWWGVA5X4WPDHXZVQ""}, {""kind"": ""KEEP"", ""candidate_id"": ""01KZ3JHVHF8XMCRWEVE3DA2SNE"", ""source_id"": ""01KZ3JHGBGY33N89AMYKZZ66SC""}]",fail,现有 KEEP 未给 December→January 15th，且 01KZ3JHVH9JS1TJAYYSSB4R9G3 明确说 Maya 负责 marketing，与 gold 的 Sarah 冲突。
023-b20260803-r3-0-00104-0-00104-q2,multi-hop,validation,When is Cousin Mia’s birthday and how does Alex plan to celebrate it?,"Cousin Mia’s birthday is on June 20th, and they usually have a small gathering at home with cake and games.","Alex and his family are planning a vacation to Canada from July 15th to July 29th. || Alex is considering a barbecue at home for the birthday celebration. || Alex is looking into personalized photo albums as a birthday gift for parents. || Alex is planning a trip to Italy with his parents and sister. || Alex is preparing grilled chicken and pasta salad for the picnic. || Alex plans to have a picnic at Prospect Park for the July 4th holiday. || Alex's birthday is on June 25th. || Alex's father's birthday is on June 17, 2026. || Alex wants to include corn on the cob and watermelon at the picnic.","[""01KZ3M71G7930YT188ZMZCH74A"", ""01KZ3M7DT12TQ3NENKBP73PNCF"", ""01KZ3M7DT1BZGS68DF5STZQNRP"", ""01KZ3M6N29C65ZW2BA66WDXYC1"", ""01KZ3M7DSYJZYR5Z9F7RFVAF23"", ""01KZ3M7DSWVDVZPCRKVDSETXR1"", ""01KZ3M7DT07BSRYTY81TCX394K"", ""01KZ3M6N2CDHRQFRWE8M37EF99"", ""01KZ3M7DSZZG2EFJQ65QSKJW3S""]","[0, 1, 2, 3, 4, 5, 6, 7, 8]","[[""01KZ3M6W7GYN7P0YBB7F8F52S8""], [""01KZ3M71GGN68F7YNMFE0DA80A""], [""01KZ3M71GHFK8BSTGPN7X5WEC3""], [""01KZ3M6EE59WS1Y432CGTYQ703""], [""01KZ3M71GEAFA4FBPREF3P4NBR""], [""01KZ3M71GD3FPEPNBV06RF2P91""], [""01KZ3M71GFJTTJMB5GNGQZ9J59""], [""01KZ3M6EE545DJF9BNAJ0C8CT7""], [""01KZ3M71GEQ2BJ2V6RCXJK6TKM""]]","{""entities"": [""Alex"", ""Cousin"", ""Mia""], ""time_constraints"": [], ""operands"": [], ""list_cardinality"": {""known"": false, ""count"": 0}, ""update_state"": """", ""gap"": null}","[{""kind"": ""KEEP"", ""candidate_id"": ""01KZ3M7DT12TQ3NENKBP73PNCF"", ""source_id"": ""01KZ3M71GGN68F7YNMFE0DA80A""}, {""kind"": ""KEEP"", ""candidate_id"": ""01KZ3M7DT07BSRYTY81TCX394K"", ""source_id"": ""01KZ3M71GFJTTJMB5GNGQZ9J59""}]",fail,KEEP 01KZ3M7DT12TQ3NENKBP73PNCF、01KZ3M7DT07BSRYTY81TCX394K 是 barbecue 设想及 Alex 自己 June 25th 的生日，均不支持 Cousin Mia 的完整答案。
023-b20260803-r3-0-00038-0-00038-q2,multi-hop,validation,"When did Sam plan to have initial results ready for his thesis on consensus algorithms, and how has his deadline changed due to additional research needed for the Paxos algorithm?","Sam initially aimed to have preliminary findings by mid-June, but he extended his deadline to March 1st due to additional research needed for the Paxos algorithm.","Sam considered including real-world examples like Raft and Practical Byzantine Fault Tolerance in his thesis. || Sam plans to finalize the Paxos algorithm section of his thesis by March 1st. || Sam started researching case studies for his thesis. || Dr. Johnson agreed to review Sam's thesis draft by February 28th. || Sam encountered difficulties with the simulation tools for his thesis. || Sam found a promising open-source library called Scalib for large-scale simulations. || Sam is focusing on the scalability aspects of his thesis. || Sam is working on a thesis about the impact of consensus algorithms in blockchain networks. || Sam plans to extend his work by exploring the impact of different node configurations on system performance. || Sam's advisor suggested using open-source and commercial tools to address the scalability issues. || Testing the Scalib library has shown significant improvements in running simulations with over 10,000 nodes.","[""01KZ3HV3TGDMGPFKJT09CE4XA4"", ""01KZ3HV3T7KAS3WX3STW5RD2XC"", ""01KZ3HV3TE45KZ4QRQPBAYX3E8"", ""01KZ3HV3TBBH11K6A2CWQEBBYQ"", ""01KZ3HVZJZXCDRY07N7ES08ZR3"", ""01KZ3HVZK2GHP8NE9QGN2G0WJV"", ""01KZ3HVZJYN8PT98PJVDA76HH5"", ""01KZ3HTV3CS2C93RSCSQ30CFQ9"", ""01KZ3HVZK4J52SV6JRKQ2Q5B10"", ""01KZ3HVZK1P7AJC43T4PN68B62"", ""01KZ3HVZK3Z7NMVW46BHD60HW7""]","[0, 1, 2, 3, 4, 5, 6, 7, 8, 9, 10]","[[""01KZ3HTV3JJE6CK2WDZ16PC28V""], [""01KZ3HTV3H8DENSYMD023FBYZS"", ""01KZ3HTV3JAZ144REDVKFGXVCR""], [""01KZ3HTV3JVMDQGRC5D0FJJKW2""], [""01KZ3HTV3JAZ144REDVKFGXVCR"", ""01KZ3HTV3JNF5DGMTMCZ03S520""], [""01KZ3HVJNTNHZ78PP3SGE43HY5""], [""01KZ3HVJNVXYEKF6PCSVE7PNY0""], [""01KZ3HVJNT5MEJQMBCV7GRCHEJ""], [""01KZ3HTJ7C36A17RSDZKKEKH0P""], [""01KZ3HVJNWHZ8Z6S3HRYRGVKFB""], [""01KZ3HVJNTDAEGC8VJKGXP93E2""], [""01KZ3HVJNVQPAFJYQXNTA3W0TE"", ""01KZ3HVJNVXH3AMR8GZD04DNGN""]]","{""entities"": [""Paxos"", ""Sam""], ""time_constraints"": [], ""operands"": [], ""list_cardinality"": {""known"": false, ""count"": 0}, ""update_state"": """", ""gap"": null}","[{""kind"": ""KEEP"", ""candidate_id"": ""01KZ3HV3T7KAS3WX3STW5RD2XC"", ""source_id"": ""01KZ3HTV3H8DENSYMD023FBYZS""}, {""kind"": ""KEEP"", ""candidate_id"": ""01KZ3HV3T7KAS3WX3STW5RD2XC"", ""source_id"": ""01KZ3HTV3JAZ144REDVKFGXVCR""}]",fail,重复 KEEP 01KZ3HV3T7KAS3WX3STW5RD2XC 只覆盖 March 1st，未给最初 mid-June，也未说明因额外研究而延期。
023-b20260803-r3-0-00061-0-00061-q2,multi-hop,validation,"When is Uncle Tom's birthday, and what event are you planning for him during the California trip?","Uncle Tom's birthday is on May 15th, and you are planning a picnic at the beach near Santa Cruz for him.",Alex and family plan to visit California in May.,"[""01KZ3JQ90H40DZWATDC4EK1BYK""]",[0],"[[""01KZ3JPXZ7RP66J5WZF59RM0C9""]]","{""entities"": [""California"", ""Tom's"", ""Uncle""], ""time_constraints"": [], ""operands"": [], ""list_cardinality"": {""known"": false, ""count"": 0}, ""update_state"": """", ""gap"": {""kind"": ""entity"", ""entity"": ""California"", ""start"": null, ""end"": null, ""operand"": """", ""source_need"": ""entity:California""}}",[],pass,
023-b20260803-r3-0-00160-0-00160-q2,multi-hop,validation,"When did Dana start the project involving adding a new server to her home lab, and what improvements did she notice after adding the new server?","Dana started the project in March 2025. After adding the new server, tasks that used to take hours now only take minutes, and she can run more experiments concurrently without worrying about running out of space.",Dana added a new Raspberry Pi to her network on 2023-05-15. || Dana installed a new OS on her home-lab server but encountered network configuration issues. || Dana is excited about testing machine learning models on the new setup. || Dana is using an external USB drive for backup solutions. || Dana needs to prepare a presentation on her home-lab project for the following week. || Dana plans to finish upgrading the network setup by the end of July 2026. || Dana plans to have the backup solution ready by the end of this week. || Dana started the home-lab project in March 2025. || Dana suspects the network issue on her home-lab server might be due to a DNS problem. || Dana updated the firewall rules on her Raspberry Pi yesterday.,"[""01KZ3P7D76AVVFP5Q3G2Y7M2CS"", ""01KZ3P77CBK4K7BKVPCE08PQ2G"", ""01KZ3P7PDGRPS9RXJ6YGXXMFJ0"", ""01KZ3P7D7909J9PNNN8JSFMR5G"", ""01KZ3P77CGB4PZQ0P06HXWFKN4"", ""01KZ3P7PDE9QDKMQMT874WVZT5"", ""01KZ3P7D7AJPE4AQN916P63HWK"", ""01KZ3P7PD60SQ1V321JPQK1HKE"", ""01KZ3P77CDTKGZTJDQK1RZ1MGX"", ""01KZ3P7D78BBN3BY40GVYCEMPS""]","[0, 1, 2, 3, 4, 5, 6, 7, 8, 9]","[[""01KZ3P77CJPS13Q7X494GJ0K6E""], [""01KZ3P70KD4A74QSWCR13AGJTB""], [""01KZ3P7D7C1E8N4M2G39MXF7K6""], [""01KZ3P77CM1W1GBB7YHPPJMGES""], [""01KZ3P70KEVNJWJVEDR566Z60Z""], [""01KZ3P7D7CMSE13Q2KR3Y2HPNW""], [""01KZ3P77CM1W1GBB7YHPPJMGES""], [""01KZ3P7D7BBYP0JEGTYQWDNJEZ""], [""01KZ3P70KDWJNWJVEQ5DGBMBGP""], [""01KZ3P77CK4JCG7WVFP4V7JZHY""]]","{""entities"": [""Dana""], ""time_constraints"": [], ""operands"": [{""name"": ""after"", ""satisfied"": false}], ""list_cardinality"": {""known"": false, ""count"": 0}, ""update_state"": """", ""gap"": null}","[{""kind"": ""KEEP"", ""candidate_id"": ""01KZ3P7PD60SQ1V321JPQK1HKE"", ""source_id"": ""01KZ3P7D7BBYP0JEGTYQWDNJEZ""}]",fail,KEEP 01KZ3P7PD60SQ1V321JPQK1HKE 只覆盖 March 2025，候选无“小时变分钟”及并发实验/空间改善；应为 gap。
023-b20260803-r3-0-00032-0-00032-q3,open-domain,validation,Is Sarah’s birthday still on March 17th this year?,"Yes, Sarah’s birthday is still on March 17th this year.",Alex plans to have a small dinner at home to celebrate Sarah's birthday. || Sarah's birthday was on March 17th this year.,"[""01KZ3HMTHJWEEM7Z85JNSG934D"", ""01KZ3HMTHH0XDETNVQ3NF88GHQ""]","[0, 1]","[[""01KZ3HMK37P9VVRSFCVM4XP65Y""], [""01KZ3HMK37R4581AHHHBKYJXVC""]]","{""entities"": [""March"", ""Sarah""], ""time_constraints"": [""march 17"", ""this year""], ""operands"": [], ""list_cardinality"": {""known"": false, ""count"": 0}, ""update_state"": ""still"", ""gap"": null}","[{""kind"": ""KEEP"", ""candidate_id"": ""01KZ3HMTHH0XDETNVQ3NF88GHQ"", ""source_id"": ""01KZ3HMK37R4581AHHHBKYJXVC""}]",pass,
023-b20260803-r3-0-00052-0-00052-q3,open-domain,validation,When is your family planning to go on the trip to Florida?,July 5th to July 10th,Alex is planning a family trip to the beach in Florida.,"[""01KZ3JC3VGHYAQTGGBTFMRGKSB""]",[0],"[[""01KZ3JBS8ZY64QZGFWE14KMPFV""]]","{""entities"": [""Florida""], ""time_constraints"": [], ""operands"": [], ""list_cardinality"": {""known"": false, ""count"": 0}, ""update_state"": """", ""gap"": {""kind"": ""entity"", ""entity"": ""Florida"", ""start"": null, ""end"": null, ""operand"": """", ""source_need"": ""entity:Florida""}}",[],pass,
023-b20260803-r3-0-00176-0-00176-q3,open-domain,validation,"Is the business still planning a corporate dinner for a tech company next week, and if so, how many guests are expected?","Yes, the business is planning a corporate dinner for a tech company next week, and about 150 guests are expected.",About 150 guests are expected at the upcoming corporate dinner.,"[""01KZ3PTH9K7FEQGS5STVNDYXK0""]",[0],"[[""01KZ3PT3SHBQWE6AHCD346N46P""]]","{""entities"": [], ""time_constraints"": [""next week""], ""operands"": [], ""list_cardinality"": {""known"": true, ""count"": 150}, ""update_state"": ""still"", ""gap"": null}","[{""kind"": ""KEEP"", ""candidate_id"": ""01KZ3PTH9K7FEQGS5STVNDYXK0"", ""source_id"": ""01KZ3PT3SHBQWE6AHCD346N46P""}]",fail,KEEP 01KZ3PTH9K7FEQGS5STVNDYXK0 只给 upcoming corporate dinner 约 150 人，未明确支持 next week、tech company 及仍在计划的完整布尔命题。
023-b20260803-r3-0-00061-0-00061-q3,open-domain,validation,Is Uncle Tom's birthday still planned for May 15th during the California trip?,"Yes, Uncle Tom's birthday is still planned for May 15th during the California trip.",Alex and family plan to visit California in May.,"[""01KZ3JQ90H40DZWATDC4EK1BYK""]",[0],"[[""01KZ3JPXZ7RP66J5WZF59RM0C9""]]","{""entities"": [""California"", ""Tom's"", ""Uncle""], ""time_constraints"": [""may 15""], ""operands"": [], ""list_cardinality"": {""known"": false, ""count"": 0}, ""update_state"": ""still"", ""gap"": null}","[{""kind"": ""KEEP"", ""candidate_id"": ""01KZ3JQ90H40DZWATDC4EK1BYK"", ""source_id"": ""01KZ3JPXZ7RP66J5WZF59RM0C9""}]",fail,KEEP 01KZ3JQ90H40DZWATDC4EK1BYK 只说五月去 California，没有 Uncle Tom、May 15th 或生日安排；应为 gap。
023-b20260803-r3-0-00066-0-00066-q3,open-domain,validation,When do you plan to complete the first draft of your thesis?,The user plans to finish the first draft by the end of July.,Sam's thesis is provisionally titled 'Enhancing Fault Tolerance in Distributed Databases through Advanced Consistency Protocols'.,"[""01KZ3JX0GGR05YDXGNKMB07QVD""]",[0],"[[""01KZ3JWNHGFAX7VSV540KT6A31""]]","{""entities"": [], ""time_constraints"": [], ""operands"": [], ""list_cardinality"": {""known"": false, ""count"": 0}, ""update_state"": """", ""gap"": {""kind"": ""entity"", ""entity"": """", ""start"": null, ""end"": null, ""operand"": """", ""source_need"": """"}}",[],pass,
023-b20260803-r3-0-00089-0-00089-q3,open-domain,validation,Did Sam mention the deadline for his first chapter submission?,February 15th,Balancing performance and fault tolerance is considered the biggest challenge in Sam's research. || Sam completed the section on the impact of different network topologies on performance last week. || Sam finished the section on fault tolerance in distributed systems yesterday. || Sam found that ring networks perform worse under high load compared to mesh networks. || Sam has been refining the algorithm to handle network delays in his thesis. || Sam has read a paper by Dr. Zhang on consensus algorithms. || Sam hopes to submit his thesis by the end of March. || Sam is a graduate student. || Sam is exploring different algorithms and their impact on system reliability for his next chapter. || Sam is writing a thesis on distributed systems. || Sam plans to discuss network partitioning strategies in the next chapter of his thesis. || Sam plans to integrate findings from Dr. Zhang’s paper with his own experiments. || The deadline for Sam's first chapter submission is February 15th.,"[""01KZ3KP19XQ4R4NMDSZ5A8324M"", ""01KZ3KP19T4929XW24JPHVPHE5"", ""01KZ3KP9Z34TVMKR5Q0YW5S368"", ""01KZ3KP19WGSCRQCWY0RYPXNMK"", ""01KZ3KP19RFV7GPWYYN6V903RS"", ""01KZ3KP9Z8S9RN7H5523RDGWDP"", ""01KZ3KP9ZAJYB5ABZZMTWJY1VV"", ""01KZ3KNS2VZ4VE6C51ZGHPTSPB"", ""01KZ3KP9Z7JW62M3CPE6Z2FVA6"", ""01KZ3KNS2XEBZN9BVWV0A0FM52"", ""01KZ3KP9Z5CB61GX07SXN54NS3"", ""01KZ3KP9Z9WRJ4JFCY53YRW03R"", ""01KZ3KP19V0GFBCA053Y30970C""]","[0, 1, 2, 3, 4, 5, 6, 7, 8, 9, 10, 11, 12]","[[""01KZ3KNS6CZ4075MSFAD9Y5PVQ""], [""01KZ3KNS6BTJPAA2256C14FRK8""], [""01KZ3KP19YT6WF7PF1Q34492CR""], [""01KZ3KNS6BY7NT4RK91PFX07SN""], [""01KZ3KNS6A5N8XXT38JNBY8KMV""], [""01KZ3KP19ZA1YKW71CKC0JAVD0""], [""01KZ3KP19ZWWDGAEXTNB38P2RW""], [""01KZ3KNPPY9QD28ZJZNFCYK3SQ""], [""01KZ3KP19YB0YY99FZE85Y6AZH""], [""01KZ3KNPPY9QD28ZJZNFCYK3SQ""], [""01KZ3KP19Y3M0MMNXTE06YBYPF""], [""01KZ3KP19ZA1YKW71CKC0JAVD0""], [""01KZ3KNS6B1SC50XZVDTSC8AYZ""]]","{""entities"": [""Sam""], ""time_constraints"": [], ""operands"": [], ""list_cardinality"": {""known"": false, ""count"": 0}, ""update_state"": """", ""gap"": null}","[{""kind"": ""KEEP"", ""candidate_id"": ""01KZ3KP19V0GFBCA053Y30970C"", ""source_id"": ""01KZ3KNS6B1SC50XZVDTSC8AYZ""}]",pass,
023-b20260803-r3-0-00041-0-00041-q3,open-domain,validation,"When did Dana add a new server for running additional tests, and what kind of server is it?",Dana added a new Raspberry Pi 4 with 8GB of RAM for running additional tests by the end of April.,"Dana added a new server, a Raspberry Pi 4 with 8GB of RAM, for running additional tests. || Dana added two new routers to her home-lab network last month to optimize its speed. || Dana aims to integrate the new machine learning model by the end of June 2026. || Dana encountered issues with the compatibility of the new model with the existing framework during the update. || Dana encountered latency issues with certain applications during the initial setup of her new routers. || Dana expects her new SSD to arrive in the next couple of days. || Dana has been tweaking firewall rules to better protect against DDoS attacks on the network security system. || Dana hopes to have her network setup fine-tuned by next week. || Dana is planning to set up a continuous integration/continuous deployment pipeline for the project. || Dana is purchasing a new SSD to expand her home-lab's storage capacity this month. || Dana plans to seek help from tech friends online if she doesn't resolve the latency issues by next week. || Dana plans to use the new server for testing a new virtualization setup, running containers and comparing performance to existing virtual machines. || Dana resolved the compatibility issue by modifying the framework’s configuration files. || Dana's home-lab consists of three servers: one for development, one for testing, and one for production. || Dana started her home-lab project in 2024. || Dana updated the data preprocessing pipeline to handle larger datasets more efficiently. || Dana updated the database schema to include more detailed logging for troubleshooting purposes. || Dana uses Docker, Kubernetes, and Jenkins in her home-lab. || Dana wants to improve her knowledge of security best practices and integrate machine learning tools for automation in her home-lab. || Dana will start installing her new SSD after it arrives. || Dana will start setting up the new virtualization setup by the end of next week. || Managing the load between the servers during peak testing periods is a challenge for Dana. || Their next meeting to discuss the home-lab project is scheduled for February 22, 2026.","[""01KZ3HZE4ZT9J0FBSSWSZZ4Q8J"", ""01KZ3HZ2HPSBB7GVRW93GPFE07"", ""01KZ3HYKJYZ4C33Z4W2AA2K1BS"", ""01KZ3HYKK0PTBWS289R82X038G"", ""01KZ3HZ2HRPAF1D8V9QGWWBC2V"", ""01KZ3HZ2HYA1MVB1532KRVBTCQ"", ""01KZ3HZE4XD85MWNWD61TP7XD6"", ""01KZ3HZ2HTZ8CYV52TG5QWD82Z"", ""01KZ3HYKK2FCA8BJR8GKEEBF7Z"", ""01KZ3HZ2HWP19KTZ2THJX62HDA"", ""01KZ3HZ2HW4YZ73Q24SNX8DCN3"", ""01KZ3HZE5014EJGQRJJ4E2ERH2"", ""01KZ3HYKK1C3X5SBW6GFEVW4B4"", ""01KZ3HY90H0SH2CC0T0EGAX9EX"", ""01KZ3HY90EA19W0WB6VV7DA45H"", ""01KZ3HYKJV95QWFXDCNHEN93BQ"", ""01KZ3HZE52FNXJETQ342KFGJRV"", ""01KZ3HY90MQKEKK5XWY8BC11M2"", ""01KZ3HY90R81B5A8FZ4EYXM65K"", ""01KZ3HZ2J0F58BS8MV6HHACJFP"", ""01KZ3HZE51H0QXW06AGH6R1QJK"", ""01KZ3HY90PZPNX3NJKQRK0D7VC"", ""01KZ3HY90TW60F0DKGHV728HG1""]","[0, 1, 2, 3, 4, 5, 6, 7, 8, 9, 10, 11, 12, 13, 14, 15, 16, 17, 18, 19, 20, 21, 22]","[[""01KZ3HZ2J3W2M7BN8Y8NWJ47Z4""], [""01KZ3HYKK4RRJ8WZKP4EMR9RDW""], [""01KZ3HY90XSZX1HDM03WEY2KET""], [""01KZ3HY90Y3WTE4H9GY5YRW46V""], [""01KZ3HYKK4RRJ8WZKP4EMR9RDW""], [""01KZ3HYKK5BPFBJD667H9C9NGM""], [""01KZ3HZ2J2P32HBECTM4MM9VGG""], [""01KZ3HYKK4SCTCXZS4V8Y1DNH5""], [""01KZ3HY90Z4P16PXNGK42CS3T3""], [""01KZ3HYKK5BPFBJD667H9C9NGM""], [""01KZ3HYKK4SCTCXZS4V8Y1DNH5""], [""01KZ3HZ2J4MX4PE4ZVZSJQ7WQK""], [""01KZ3HY90YXDQDZ6F2K742TM73""], [""01KZ3HY0AQTB947QG9MKHMZECS""], [""01KZ3HY0AP8FCJANVN7X5J9ENT""], [""01KZ3HY90WK0Y39MZ52HP6XVD4""], [""01KZ3HZ2J52ZCTRKBE8YGJZY9A""], [""01KZ3HY0AQGA4H9T06HYXC7Q0S""], [""01KZ3HY0AR016DDZ8Z52WVHDXM""], [""01KZ3HYKK5BPFBJD667H9C9NGM""], [""01KZ3HZ2J43DSN11SMD1GMTSN8""], [""01KZ3HY0ARGJ1FGEJZYJ2PFGNV""], [""01KZ3HY0ARPFX6HA8DN4MYDXMQ""]]","{""entities"": [""Dana""], ""time_constraints"": [], ""operands"": [], ""list_cardinality"": {""known"": false, ""count"": 0}, ""update_state"": """", ""gap"": null}","[{""kind"": ""KEEP"", ""candidate_id"": ""01KZ3HZ2HPSBB7GVRW93GPFE07"", ""source_id"": ""01KZ3HYKK4RRJ8WZKP4EMR9RDW""}, {""kind"": ""KEEP"", ""candidate_id"": ""01KZ3HZE4ZT9J0FBSSWSZZ4Q8J"", ""source_id"": ""01KZ3HZ2J3W2M7BN8Y8NWJ47Z4""}]",fail,KEEP 01KZ3HZE4ZT9J0FBSSWSZZ4Q8J 覆盖 Raspberry Pi 4/8GB 及用途，但没有 by end of April；01KZ3HZ2HPSBB7GVRW93GPFE07 是无关路由器。
023-b20260803-r3-0-00008-0-00008-q3,open-domain,validation,What is the new soft launch date for QuickSync?,July 1st,Priya is working on the launch of a new software feature called 'QuickSync'.,"[""01KZ3GS59MCTBZV713V26JWED5""]",[0],"[[""01KZ3GRWPDC2CCERBWQ131HKMJ""]]","{""entities"": [""QuickSync""], ""time_constraints"": [], ""operands"": [], ""list_cardinality"": {""known"": false, ""count"": 0}, ""update_state"": """", ""gap"": {""kind"": ""entity"", ""entity"": ""QuickSync"", ""start"": null, ""end"": null, ""operand"": """", ""source_need"": ""entity:QuickSync""}}",[],pass,
023-b20260803-r3-0-00057-0-00057-q3,open-domain,validation,When is the expected launch date for FitTrack according to the latest update?,January 15th,"Priya expects the beta version of FitTrack to be ready by July 1st, 2026. || Priya expects the full launch of FitTrack to be in September 2026. || Priya has set up a feedback system in the FitTrack app for users to rate features and suggest improvements. || Priya is concerned about the potential for too many suggestions overwhelming the team during the beta phase of FitTrack. || Priya is working on a health app called FitTrack. || The main team on the FitTrack project includes Alex, leading development, and Maya, handling marketing.","[""01KZ3JHVHBFKGXSPWRAY1G5C9G"", ""01KZ3JHVHC2NJ5K86RBTP5YXSC"", ""01KZ3JHVHEF1MBQ1PMBH1X98FB"", ""01KZ3JHVHF8XMCRWEVE3DA2SNE"", ""01KZ3JHVH56CDDM79ZVQ1EC1R3"", ""01KZ3JHVH9JS1TJAYYSSB4R9G3""]","[0, 1, 2, 3, 4, 5]","[[""01KZ3JHGBF8W1X94WHKMQM2NE6""], [""01KZ3JHGBF8W1X94WHKMQM2NE6""], [""01KZ3JHGBGCT5WBZEM2VCF3BFE""], [""01KZ3JHGBGY33N89AMYKZZ66SC""], [""01KZ3JHGBFWWGVA5X4WPDHXZVQ""], [""01KZ3JHGBFWWGVA5X4WPDHXZVQ""]]","{""entities"": [""FitTrack""], ""time_constraints"": [], ""operands"": [], ""list_cardinality"": {""known"": false, ""count"": 0}, ""update_state"": ""latest"", ""gap"": {""kind"": ""entity"", ""entity"": ""FitTrack"", ""start"": null, ""end"": null, ""operand"": """", ""source_need"": ""entity:FitTrack""}}",[],pass,
023-b20260803-r3-0-00173-0-00173-q3,open-domain,validation,When is the family trip to Paris scheduled?,The family trip to Paris is scheduled for July 15th to July 22nd.,Alex finalized the family trip dates for July 15th to July 22nd.,"[""01KZ3PQ8FVY2VZJDZ7GMZHAMBM""]",[0],"[[""01KZ3PPZRETSHVDZM9RKP89QWV""]]","{""entities"": [""Paris""], ""time_constraints"": [], ""operands"": [], ""list_cardinality"": {""known"": false, ""count"": 0}, ""update_state"": """", ""gap"": null}","[{""kind"": ""KEEP"", ""candidate_id"": ""01KZ3PQ8FVY2VZJDZ7GMZHAMBM"", ""source_id"": ""01KZ3PPZRETSHVDZM9RKP89QWV""}]",pass,
023-b20260803-r3-0-00002-0-00002-q3,open-domain,validation,When do you think you'll start working on integrating IoT devices into the HomeNet project?,"Probably after the current release is out, around mid-February.",Dana's project is called 'HomeNet'. || Dana started the HomeNet project in March 2024.,"[""01KZ3GJ5E52M265EVNB9SBBJ6M"", ""01KZ3GJ5E6Z3088WR2F20AF9EG""]","[0, 1]","[[""01KZ3GJ01EWZCVXV123VMF9KN4""], [""01KZ3GJ01ETMFE3PG8D1M8DBX5""]]","{""entities"": [""HomeNet"", ""IoT""], ""time_constraints"": [], ""operands"": [], ""list_cardinality"": {""known"": false, ""count"": 0}, ""update_state"": """", ""gap"": {""kind"": ""entity"", ""entity"": ""HomeNet"", ""start"": null, ""end"": null, ""operand"": """", ""source_need"": ""entity:HomeNet""}}",[],pass,
023-b20260803-r3-0-00160-0-00160-q3,open-domain,validation,Did Dana resolve the DNS issue on her new Raspberry Pi after the network configuration problems?,"No, Dana hasn't fully resolved the DNS issue yet; she thinks it might be a DNS problem and is checking if she missed any steps in the setup process.",Dana added a new Raspberry Pi to her network on 2023-05-15. || Dana installed a new OS on her home-lab server but encountered network configuration issues. || Dana is excited about testing machine learning models on the new setup. || Dana is using an external USB drive for backup solutions. || Dana needs to prepare a presentation on her home-lab project for the following week. || Dana plans to finish upgrading the network setup by the end of July 2026. || Dana plans to have the backup solution ready by the end of this week. || Dana started the home-lab project in March 2025. || Dana suspects the network issue on her home-lab server might be due to a DNS problem. || Dana updated the firewall rules on her Raspberry Pi yesterday.,"[""01KZ3P7D76AVVFP5Q3G2Y7M2CS"", ""01KZ3P77CBK4K7BKVPCE08PQ2G"", ""01KZ3P7PDGRPS9RXJ6YGXXMFJ0"", ""01KZ3P7D7909J9PNNN8JSFMR5G"", ""01KZ3P77CGB4PZQ0P06HXWFKN4"", ""01KZ3P7PDE9QDKMQMT874WVZT5"", ""01KZ3P7D7AJPE4AQN916P63HWK"", ""01KZ3P7PD60SQ1V321JPQK1HKE"", ""01KZ3P77CDTKGZTJDQK1RZ1MGX"", ""01KZ3P7D78BBN3BY40GVYCEMPS""]","[0, 1, 2, 3, 4, 5, 6, 7, 8, 9]","[[""01KZ3P77CJPS13Q7X494GJ0K6E""], [""01KZ3P70KD4A74QSWCR13AGJTB""], [""01KZ3P7D7C1E8N4M2G39MXF7K6""], [""01KZ3P77CM1W1GBB7YHPPJMGES""], [""01KZ3P70KEVNJWJVEDR566Z60Z""], [""01KZ3P7D7CMSE13Q2KR3Y2HPNW""], [""01KZ3P77CM1W1GBB7YHPPJMGES""], [""01KZ3P7D7BBYP0JEGTYQWDNJEZ""], [""01KZ3P70KDWJNWJVEQ5DGBMBGP""], [""01KZ3P77CK4JCG7WVFP4V7JZHY""]]","{""entities"": [""DNS"", ""Dana"", ""Pi"", ""Raspberry""], ""time_constraints"": [], ""operands"": [{""name"": ""after"", ""satisfied"": false}], ""list_cardinality"": {""known"": false, ""count"": 0}, ""update_state"": """", ""gap"": null}","[{""kind"": ""KEEP"", ""candidate_id"": ""01KZ3P77CGB4PZQ0P06HXWFKN4"", ""source_id"": ""01KZ3P70KEVNJWJVEDR566Z60Z""}]",fail,KEEP 01KZ3P77CGB4PZQ0P06HXWFKN4 是准备演示；候选 01KZ3P77CDTKGZTJDQK1RZ1MGX 也仅说怀疑 DNS，未覆盖尚未解决及检查遗漏步骤。
023-b20260803-r3-0-00104-0-00104-q3,open-domain,validation,What are the dates for Alex's upcoming trip to Canada?,July 15th to July 29th,"Alex and his family are planning a vacation to Canada from July 15th to July 29th. || Alex is considering a barbecue at home for the birthday celebration. || Alex is looking into personalized photo albums as a birthday gift for parents. || Alex is planning a trip to Italy with his parents and sister. || Alex is preparing grilled chicken and pasta salad for the picnic. || Alex plans to have a picnic at Prospect Park for the July 4th holiday. || Alex's birthday is on June 25th. || Alex's father's birthday is on June 17, 2026. || Alex wants to include corn on the cob and watermelon at the picnic.","[""01KZ3M71G7930YT188ZMZCH74A"", ""01KZ3M7DT12TQ3NENKBP73PNCF"", ""01KZ3M7DT1BZGS68DF5STZQNRP"", ""01KZ3M6N29C65ZW2BA66WDXYC1"", ""01KZ3M7DSYJZYR5Z9F7RFVAF23"", ""01KZ3M7DSWVDVZPCRKVDSETXR1"", ""01KZ3M7DT07BSRYTY81TCX394K"", ""01KZ3M6N2CDHRQFRWE8M37EF99"", ""01KZ3M7DSZZG2EFJQ65QSKJW3S""]","[0, 1, 2, 3, 4, 5, 6, 7, 8]","[[""01KZ3M6W7GYN7P0YBB7F8F52S8""], [""01KZ3M71GGN68F7YNMFE0DA80A""], [""01KZ3M71GHFK8BSTGPN7X5WEC3""], [""01KZ3M6EE59WS1Y432CGTYQ703""], [""01KZ3M71GEAFA4FBPREF3P4NBR""], [""01KZ3M71GD3FPEPNBV06RF2P91""], [""01KZ3M71GFJTTJMB5GNGQZ9J59""], [""01KZ3M6EE545DJF9BNAJ0C8CT7""], [""01KZ3M71GEQ2BJ2V6RCXJK6TKM""]]","{""entities"": [""Alex's"", ""Canada""], ""time_constraints"": [], ""operands"": [], ""list_cardinality"": {""known"": false, ""count"": 0}, ""update_state"": """", ""gap"": null}","[{""kind"": ""KEEP"", ""candidate_id"": ""01KZ3M71G7930YT188ZMZCH74A"", ""source_id"": ""01KZ3M6W7GYN7P0YBB7F8F52S8""}]",pass,
023-b20260803-r3-0-00043-0-00043-q3,open-domain,validation,"Is Alex working from home starting Monday, January 16th?","Yes, Alex will be working remotely starting Monday, January 16th.","Alex is the lead developer for the NovaTech Pro launch. || Alex will start working remotely from Monday, January 16th due to better focus with his baby at home.","[""01KZ3J0PXZ7AV64N5TMN9QC5DC"", ""01KZ3J1EEHN5NK13R388JHVTF2""]","[0, 1]","[[""01KZ3J0EG88KJTDNPYRM5T1ZM7"", ""01KZ3J0EG8XPVSS0T3GPM6HKJY""], [""01KZ3J18E7MY6MVR547FR4HXJA""]]","{""entities"": [""Alex"", ""January"", ""Monday""], ""time_constraints"": [""january 16""], ""operands"": [], ""list_cardinality"": {""known"": false, ""count"": 0}, ""update_state"": """", ""gap"": null}","[{""kind"": ""KEEP"", ""candidate_id"": ""01KZ3J1EEHN5NK13R388JHVTF2"", ""source_id"": ""01KZ3J18E7MY6MVR547FR4HXJA""}]",pass,
023-b20260803-r3-0-00033-0-00033-q3,open-domain,validation,When do you plan to make a decision on the new supplier for fresh produce?,By the end of July.,The supplier is bringing in twice as much vegetables as usual for the salads.,"[""01KZ3HNSHQRK9ZJMH81SR81A06""]",[0],"[[""01KZ3HNJFKAQ2SPFGQT92Q1B7C""]]","{""entities"": [], ""time_constraints"": [], ""operands"": [], ""list_cardinality"": {""known"": false, ""count"": 0}, ""update_state"": """", ""gap"": {""kind"": ""entity"", ""entity"": """", ""start"": null, ""end"": null, ""operand"": """", ""source_need"": """"}}",[],pass,
023-b20260803-r3-0-00038-0-00038-q3,open-domain,validation,When did Sam start his research on the Chord network implementation by Stanford University?,He began his research two weeks ago.,"Dr. Johnson agreed to review Sam's thesis draft by February 28th. || Sam considered including real-world examples like Raft and Practical Byzantine Fault Tolerance in his thesis. || Sam encountered difficulties with the simulation tools for his thesis. || Sam found a promising open-source library called Scalib for large-scale simulations. || Sam is focusing on the scalability aspects of his thesis. || Sam is working on a thesis about the impact of consensus algorithms in blockchain networks. || Sam plans to extend his work by exploring the impact of different node configurations on system performance. || Sam plans to finalize the Paxos algorithm section of his thesis by March 1st. || Sam's advisor suggested using open-source and commercial tools to address the scalability issues. || Sam started researching case studies for his thesis. || Testing the Scalib library has shown significant improvements in running simulations with over 10,000 nodes.","[""01KZ3HV3TBBH11K6A2CWQEBBYQ"", ""01KZ3HV3TGDMGPFKJT09CE4XA4"", ""01KZ3HVZJZXCDRY07N7ES08ZR3"", ""01KZ3HVZK2GHP8NE9QGN2G0WJV"", ""01KZ3HVZJYN8PT98PJVDA76HH5"", ""01KZ3HTV3CS2C93RSCSQ30CFQ9"", ""01KZ3HVZK4J52SV6JRKQ2Q5B10"", ""01KZ3HV3T7KAS3WX3STW5RD2XC"", ""01KZ3HVZK1P7AJC43T4PN68B62"", ""01KZ3HV3TE45KZ4QRQPBAYX3E8"", ""01KZ3HVZK3Z7NMVW46BHD60HW7""]","[0, 1, 2, 3, 4, 5, 6, 7, 8, 9, 10]","[[""01KZ3HTV3JAZ144REDVKFGXVCR"", ""01KZ3HTV3JNF5DGMTMCZ03S520""], [""01KZ3HTV3JJE6CK2WDZ16PC28V""], [""01KZ3HVJNTNHZ78PP3SGE43HY5""], [""01KZ3HVJNVXYEKF6PCSVE7PNY0""], [""01KZ3HVJNT5MEJQMBCV7GRCHEJ""], [""01KZ3HTJ7C36A17RSDZKKEKH0P""], [""01KZ3HVJNWHZ8Z6S3HRYRGVKFB""], [""01KZ3HTV3H8DENSYMD023FBYZS"", ""01KZ3HTV3JAZ144REDVKFGXVCR""], [""01KZ3HVJNTDAEGC8VJKGXP93E2""], [""01KZ3HTV3JVMDQGRC5D0FJJKW2""], [""01KZ3HVJNVQPAFJYQXNTA3W0TE"", ""01KZ3HVJNVXH3AMR8GZD04DNGN""]]","{""entities"": [""Chord"", ""Sam"", ""Stanford"", ""University""], ""time_constraints"": [], ""operands"": [], ""list_cardinality"": {""known"": false, ""count"": 0}, ""update_state"": """", ""gap"": null}","[{""kind"": ""KEEP"", ""candidate_id"": ""01KZ3HV3T7KAS3WX3STW5RD2XC"", ""source_id"": ""01KZ3HTV3H8DENSYMD023FBYZS""}, {""kind"": ""KEEP"", ""candidate_id"": ""01KZ3HV3TBBH11K6A2CWQEBBYQ"", ""source_id"": ""01KZ3HTV3JAZ144REDVKFGXVCR""}]",fail,两个现有 KEEP 分别是论文评审日期和 Paxos deadline，没有 Stanford Chord 研究或 two weeks ago；应为 gap。
023-b20260803-r3-0-00170-0-00170-q3,open-domain,validation,When is Tom's birthday party during the family trip to Japan?,Tom’s birthday party starts at 6 PM on June 15th.,The family plans to arrive at the hotel by 4 PM on June 15th to set up for Tom's birthday party. || The family plans to visit a local market before Tom's birthday party. || Tom's birthday falls on June 15th during the family trip to Japan. || The family trip to Japan is from July 15th to 25th. || The family trip to Japan is planned for June 15th. || Tom's birthday party is scheduled to start at 6 PM on June 15th.,"[""01KZ3PMK6JBQ8V3AAX3AV29068"", ""01KZ3PMK6K21YZMQ3EWKDM6THV"", ""01KZ3PMK6GF9M2NC8F8RYGEBXB"", ""01KZ3PKCZ12S433MBQCVSGTH0X"", ""01KZ3PMK6EW0PXJPHJHHCW53K8"", ""01KZ3PMK6HGWR48XRNNV1DT8QZ""]","[0, 1, 2, 3, 4, 5]","[[""01KZ3PM7A0MMPDG3D0R4RZAJAR""], [""01KZ3PM7A069HP3AEVMFJMEDZP""], [""01KZ3PM79ZXH020WWNYGJMF1VM""], [""01KZ3PK304A6WBSPDMG5H69SMG"", ""01KZ3PK304NPF5R3KWZ3ARA39S""], [""01KZ3PM79Z3KEDP67M9N6AN9C6""], [""01KZ3PM79ZWV3MX46TQRAMWNH0""]]","{""entities"": [""Japan"", ""Tom's""], ""time_constraints"": [], ""operands"": [], ""list_cardinality"": {""known"": false, ""count"": 0}, ""update_state"": """", ""gap"": null}","[{""kind"": ""KEEP"", ""candidate_id"": ""01KZ3PMK6JBQ8V3AAX3AV29068"", ""source_id"": ""01KZ3PM7A0MMPDG3D0R4RZAJAR""}, {""kind"": ""KEEP"", ""candidate_id"": ""01KZ3PMK6HGWR48XRNNV1DT8QZ"", ""source_id"": ""01KZ3PM79ZWV3MX46TQRAMWNH0""}]",pass,
023-b20260803-r3-0-00118-0-00118-q3,open-domain,validation,Did the supplier confirm the delivery date for the new batch of seafood?,The delivery date for the new batch of seafood is set for January 20th.,The new batch of seafood is scheduled to arrive on January 20th. || The supplier confirmed the delivery of organic vegetables on January 15th.,"[""01KZ3MNZJ6476J265KPM2KKMJX"", ""01KZ3MNZJ5F32Q7NKQ1W0KERB4""]","[0, 1]","[[""01KZ3MNPR1S8JT9AE1CPSC02BR""], [""01KZ3MNPR1DYZA0RAB37V13647""]]","{""entities"": [], ""time_constraints"": [], ""operands"": [], ""list_cardinality"": {""known"": false, ""count"": 0}, ""update_state"": """", ""gap"": null}","[{""kind"": ""KEEP"", ""candidate_id"": ""01KZ3MNZJ6476J265KPM2KKMJX"", ""source_id"": ""01KZ3MNPR1S8JT9AE1CPSC02BR""}]",pass,
023-b20260803-r3-0-00095-0-00095-q3,open-domain,validation,When did Dana plan to start the network infrastructure upgrades?,Dana planned to start the network infrastructure upgrades over the weekend next week.,Dana added a column for code reviews in Trello to improve workflow. || Dana added a new GPU for rendering tasks and an SSD for faster storage access to her home-lab's server. || Dana added a second access point to improve Wi-Fi coverage. || Dana chose the new hardware to better handle database loads and support more virtual machines. || Dana considered trying mesh systems for better Wi-Fi coverage. || Dana faced challenges with the Wi-Fi range in her home-lab project and upgraded the router. || Dana has implemented a new feature for remote monitoring and will have a beta version ready by the end of the week. || Dana is a software engineer working on a mini data center in her garage. || Dana is considering adding more servers for redundancy and scalability to her home-lab. || Dana is considering implementing encryption for the data at rest due to data sensitivity. || Dana might look into getting a faster switch and a separate network segment for critical services to upgrade her network infrastructure. || Dana plans to start the network upgrades over the weekend next week. || Dana reduced the server load time by about 30%. || Dana’s team is staying motivated and they are close to finishing the next phase of the project. || Dana upgraded the server hardware to the latest model on or after 2026-04-15. || Dana uses Trello for project task management and tracking. || Dana will run load tests using the same scripts with a larger dataset to simulate real-world usage. || The assistant advised Dana to implement encryption for the data at rest to enhance security and compliance.,"[""01KZ3KWYT09Z1ME6VGTET2ZZNN"", ""01KZ3KW7YD7QPJ3DJ6BKV28JFZ"", ""01KZ3KWYSXGFFNW1FSAE80NEP1"", ""01KZ3KWJ3P0SDT36BWSHDQPSFR"", ""01KZ3KWYSY0TGBRE73J8RBFKX0"", ""01KZ3KWYSTHQP6ZSTHP19APHET"", ""01KZ3KWJ3SCZ9KTB916PK7PB5T"", ""01KZ3KVZAV200PNQW99XTE1YKW"", ""01KZ3KW7YF9PTP90D0AD1JY7GS"", ""01KZ3KWJ3VVWMMY4AG7VQCXAZS"", ""01KZ3KW7YH15JE239P7RWP7A0P"", ""01KZ3KW7YJYGBKPNCMFFT75QYT"", ""01KZ3KW7YA7K5QYJXD3NMX9K8B"", ""01KZ3KWYT18VRK7BJV2XQGNR9Y"", ""01KZ3KWJ3NW8ZHP0R5JN47SR1M"", ""01KZ3KWYSZ6M0W8V6NWSPTY0Z4"", ""01KZ3KWJ3R9NZENHE7F4MQ03KZ"", ""01KZ3KWJ3WC4N2H8XR6X6977NW""]","[0, 1, 2, 3, 4, 5, 6, 7, 8, 9, 10, 11, 12, 13, 14, 15, 16, 17]","[[""01KZ3KWJ3YXWZ20GBWED1RADKK""], [""01KZ3KVZB4R4PEN5ANR1ZFNT23""], [""01KZ3KWJ3YY8W4V3157VSRBAVM""], [""01KZ3KW7YM0KZZTAHG1DGMZPR1""], [""01KZ3KWJ3YY8W4V3157VSRBAVM""], [""01KZ3KWJ3XCEWGXBYDHEM4AJGR""], [""01KZ3KW7YPD4APP0535T8Z429Z""], [""01KZ3KVPTTW95603YF4BNT17P6""], [""01KZ3KVZB4R4PEN5ANR1ZFNT23""], [""01KZ3KW7YQ5C9FGT51N8DC2PSZ""], [""01KZ3KVZB4R4PEN5ANR1ZFNT23""], [""01KZ3KVZB5AC1CDMN2T5QVV20D""], [""01KZ3KVZB4R4PEN5ANR1ZFNT23""], [""01KZ3KWJ3ZHK5ZXES4E5TMYG0J""], [""01KZ3KW7YM3WR6DHDPZZ5SYCP7""], [""01KZ3KWJ3YXWZ20GBWED1RADKK""], [""01KZ3KW7YNFZ508BV2CZQDDXV4""], [""01KZ3KW7YQ5C9FGT51N8DC2PSZ""]]","{""entities"": [""Dana""], ""time_constraints"": [], ""operands"": [], ""list_cardinality"": {""known"": false, ""count"": 0}, ""update_state"": """", ""gap"": null}","[{""kind"": ""KEEP"", ""candidate_id"": ""01KZ3KWYSTHQP6ZSTHP19APHET"", ""source_id"": ""01KZ3KWJ3XCEWGXBYDHEM4AJGR""}, {""kind"": ""KEEP"", ""candidate_id"": ""01KZ3KW7YH15JE239P7RWP7A0P"", ""source_id"": ""01KZ3KVZB4R4PEN5ANR1ZFNT23""}]",fail,两个现有 KEEP 均未给启动时间；应 KEEP 01KZ3KW7YJYGBKPNCMFFT75QYT，候选直接给出 over the weekend next week。
023-b20260803-r3-0-00064-0-00064-q3,open-domain,validation,What are the consensus algorithms Sam plans to study in his thesis?,"Sam plans to study Raft, Paxos, and Zab.","Sam aims to complete his thesis by the end of 2027. || Sam aims to have his thesis draft finalized by mid-September. || Sam faced challenges in ensuring consistency under high network latency during implementation. || Sam feels a need for more hands-on practice to better understand consensus algorithms. || Sam finds Paxos more abstract and harder to understand than Raft. || Sam finished the initial prototype of his thesis last week. || Sam has read extensively about consensus algorithms, focusing on Paxos and Raft. || Sam has tested his prototype with both stable and highly fluctuating network conditions. || Sam is testing the performance of different consensus algorithms under various failure conditions. || Sam is using visual aids and code snippets to simulate consensus algorithms for better understanding. || Sam is working on fault tolerance mechanisms in distributed databases for his thesis. || Sam is working on the thesis proposal for the summer, currently stuck on the literature review section. || Sam plans to compare the efficiency and reliability of Raft, Paxos, and Zab consensus algorithms. || Sam plans to present his findings at the upcoming ACM conference in October. || Sam's thesis focuses on exploring data consistency in distributed systems during node failures. || Sam's thesis prototype is based on the Chord network with modifications for fault tolerance. || The assistant suggested Sam work on implementing a simplified version of a consensus algorithm for practical experience.","[""01KZ3JTGWMQPEB8PHRJRDYP0TA"", ""01KZ3JVC5DY3DBAA5R14M9G8A2"", ""01KZ3JVC58ENX0WYXJ1V3HX8VX"", ""01KZ3JTZS8WNQYGZAMR94FEP6B"", ""01KZ3JTZS61T8MN2V1TYWGSPXG"", ""01KZ3JVC54CYPTHX2XQTNVVASM"", ""01KZ3JTZS49DPX1EFYTX74CCGE"", ""01KZ3JVC5A8Y72KJA8M9SAN9MX"", ""01KZ3JTGWJYTWFQ8XYJ5B44TXM"", ""01KZ3JTZS7BW2JY94WCDXS0GMP"", ""01KZ3JTGWEV0AF0CEMVRVJ07CT"", ""01KZ3JTZS113S0T9JJDJ7KG6XD"", ""01KZ3JTGWK5WEFMQVZKANZ2JPN"", ""01KZ3JVC5F3K3EP66XZ84X2SNY"", ""01KZ3JTGWGWEQZAFR13RV8AV2T"", ""01KZ3JVC56SPR8KZ2VJJR57JXE"", ""01KZ3JTZS93D4F2YCWR6VVD630""]","[0, 1, 2, 3, 4, 5, 6, 7, 8, 9, 10, 11, 12, 13, 14, 15, 16]","[[""01KZ3JT8VYXZPZEY0851M6M7ZX""], [""01KZ3JTZSCAKX1YW7PGQHGVQB2""], [""01KZ3JTZSBZXJ6SXYGS57TF533""], [""01KZ3JTGWSPRWSDZC8KHC9ZG6X""], [""01KZ3JTGWR731DFZZGBEGDZJ5B""], [""01KZ3JTZSBYRZMR8J73CMZKY4B""], [""01KZ3JTGWR8BPK73DNYN6XJKRS""], [""01KZ3JTZSB9W8BN4DN7XYMH3TQ""], [""01KZ3JT8VVKVGQ2Y2K2XET2QDX""], [""01KZ3JTGWSPRWSDZC8KHC9ZG6X""], [""01KZ3JT8VT2XTC6D25NCEAWQ2V""], [""01KZ3JTGWP8CV1NZJZFGYWG63N""], [""01KZ3JT8VX1KPN3560VM45AR73""], [""01KZ3JTZSCTM8R0E5FRB2AX5AZ""], [""01KZ3JT8VT2XTC6D25NCEAWQ2V""], [""01KZ3JTZSBYRZMR8J73CMZKY4B""], [""01KZ3JTGWV1FKPCW9WA9GQYYPH""]]","{""entities"": [""Sam""], ""time_constraints"": [], ""operands"": [], ""list_cardinality"": {""known"": false, ""count"": 0}, ""update_state"": """", ""gap"": null}",[],fail,gap漏标；应 KEEP 01KZ3JTGWK5WEFMQVZKANZ2JPN，候选完整列出 Raft、Paxos、Zab。
023-b20260803-r3-0-00158-0-00158-q3,open-domain,validation,What is the preferred remote work model for the team?,The team prefers a hybrid model with two days in the office and three remote days.,Feedback from the team regarding the hybrid work model has been positive. || The team prefers a hybrid work model with two days in the office and three remote days.,"[""01KZ3P584AMN8H8Q8SXARCG8KE"", ""01KZ3P5849RTB3JS6YYQ5R30ED""]","[0, 1]","[[""01KZ3P4YQWVE122KJN2FK4F6HQ""], [""01KZ3P4YQWNZ2B3HG9AC41ESX8""]]","{""entities"": [], ""time_constraints"": [], ""operands"": [], ""list_cardinality"": {""known"": false, ""count"": 0}, ""update_state"": """", ""gap"": null}","[{""kind"": ""KEEP"", ""candidate_id"": ""01KZ3P5849RTB3JS6YYQ5R30ED"", ""source_id"": ""01KZ3P4YQWNZ2B3HG9AC41ESX8""}]",pass,
023-b20260803-r3-0-00083-0-00083-q3,open-domain,validation,What specific systems did Sam compare in his thesis and what issue did he face with Redis?,"Sam compared Cassandra, Redis, and MongoDB. He faced issues with setting up the Redis cluster but resolved them using a tutorial from Redis Labs.","Sam aims to finish the methodology section by the end of this month. || Sam decided to compare three main distributed system architectures: client-server, peer-to-peer, and hybrid. || Sam finished the literature review last week. || Sam has been focusing on a chapter about consensus algorithms for his thesis. || Sam implemented a new protocol that reduces the number of messages needed by almost 20% for the Paxos algorithm. || Sam is comparing Cassandra, Redis, and MongoDB in his thesis. || Sam is considering integrating the new protocol with other consensus algorithms like Raft. || Sam is currently focusing on the methodology section of the thesis. || Sam is working on the chapter about distributed databases for his thesis. || Sam plans to start collecting data for experiments after finishing the methodology section. || Sam plans to wrap up the current chapter by the end of this month. || Sam resolved issues with setting up the Redis cluster following a tutorial from Redis Labs. || Sam's thesis topic is about the impact of renewable energy policies on local economies. || Sam tested the new protocol under various network scenarios—high latency, low bandwidth, and high packet loss. || Sam will then start on the section about fault tolerance in distributed systems. || The preliminary setup for Sam's experiments is complete.","[""01KZ3KFE7H2V73K24M8E6Y1FDX"", ""01KZ3KFE7GR4SJ8C3814SXMFQA"", ""01KZ3KFE7E97EWCV2N2N48X0SZ"", ""01KZ3KFR6HB3NQYXCM1G1CNZJT"", ""01KZ3KFR6KKNRRSSRVMT8XQG2X"", ""01KZ3KF24151G61D13FAJSX4XW"", ""01KZ3KFR6PF088HZ56WCNJVNCS"", ""01KZ3KFE7FMDZJN9NZ2CK1FENX"", ""01KZ3KF23Y54AVVE55G1RZDFZQ"", ""01KZ3KFE7H3HGBYGCRY1BDMSQC"", ""01KZ3KFR6R4P4ZE4CXPG2Q7R1J"", ""01KZ3KF2437YA6HSY4573XVMKT"", ""01KZ3KETDXYP1RTCCFM1CMHHBX"", ""01KZ3KFR6NHY5QNQAEKY4W3X7R"", ""01KZ3KFR6RSCQ8SWBR27VW2VWJ"", ""01KZ3KFE7JFAV3F57RQMWPY7S3""]","[0, 1, 2, 3, 4, 5, 6, 7, 8, 9, 10, 11, 12, 13, 14, 15]","[[""01KZ3KF246JSJJG8HJ6CED8CA6""], [""01KZ3KF246JSJJG8HJ6CED8CA6""], [""01KZ3KF2462YVH79RBDGPFQ0GZ""], [""01KZ3KFE7JXHX8BD2CFNR5J0J8""], [""01KZ3KFE7KEJHWDC4V9T1C95QP""], [""01KZ3KETDZWZGSFN2BK8JHH6J8""], [""01KZ3KFE7M0BCMT3FVM4J40G0X""], [""01KZ3KF2462YVH79RBDGPFQ0GZ""], [""01KZ3KETDY2H971D07J81GE3FG""], [""01KZ3KF246JSJJG8HJ6CED8CA6""], [""01KZ3KFE7MXGEQHX66HNN21AEK""], [""01KZ3KETDZRHV2VNMNN97J3E41"", ""01KZ3KETDZWZGSFN2BK8JHH6J8""], [""01KZ3KES5DV8H3F0H2C98MTATJ""], [""01KZ3KFE7KX74EAV853GYJ0R3K""], [""01KZ3KFE7MXGEQHX66HNN21AEK""], [""01KZ3KF247P36QKMBFF44FN9KT""]]","{""entities"": [""Redis"", ""Sam""], ""time_constraints"": [], ""operands"": [{""name"": ""compare"", ""satisfied"": false}], ""list_cardinality"": {""known"": false, ""count"": 0}, ""update_state"": """", ""gap"": null}",[],fail,gap漏标；应 KEEP 01KZ3KF24151G61D13FAJSX4XW、01KZ3KF2437YA6HSY4573XVMKT，共同覆盖三个系统及 Redis cluster 问题和解决方法。
023-b20260803-r3-0-00124-0-00124-q3,open-domain,validation,What are the main findings regarding network latency when scaling up to 100 nodes in Sam's distributed system model?,"There was a slight increase in latency when scaling up to 100 nodes, but it was within acceptable limits for his application.","Increasing the number of nodes from 50 to 100 improved throughput by 20%. || Sam believes the findings highlight the need for optimizing both throughput and latency simultaneously. || Sam completed a chapter on the performance benchmarks of his distributed system model last week. || Sam has been running simulations to test the scalability of the system with positive results. || Sam implemented a new algorithm that reduces communication overhead significantly, improving performance. || Sam intends to gather more data points to validate the improvements during the next phase of testing. || Sam is evaluating the system's scalability using response time, throughput, memory usage, and network latency as key metrics. || Sam is working on a thesis about the impact of different synchronization techniques in distributed databases. || Sam observed reduced network latency with a new algorithm after optimizing data flow. || Sam plans to explore fault tolerance mechanisms next due to the increasing complexity of distributed systems. || Sam plans to include detailed results from the scalability tests in the chapter on distributed algorithms in his thesis next week. || Sam plans to test the optimized algorithm under more realistic conditions, such as varying network loads, starting next week. || Sam's optimized algorithm aligns with his original hypotheses. || Sam will document every step meticulously for his thesis. || Scaling up to 100 nodes resulted in a slight increase in latency, but it was within acceptable limits.","[""01KZ3MXMS4DJDMFC06G792HNKG"", ""01KZ3MXMS6YANZZFRBX1AYBSST"", ""01KZ3MXMS0FQH0B3CGERBEMTQ2"", ""01KZ3MXDCF6E5SN4597JHQKT46"", ""01KZ3MXDCKH8Z89Q38SXBAA89S"", ""01KZ3MX4SV9905Z0Z3Y60VGPZK"", ""01KZ3MXDCH59YRJ1F34MYTS763"", ""01KZ3MWTG0Y42SSXJE6PGE4TYJ"", ""01KZ3MX4SQSMBRYM1GV5Q4RF16"", ""01KZ3MXMS7AEVNXWJWY7QFVK22"", ""01KZ3MXDCKP6DM2QXJBC2MCGD8"", ""01KZ3MX4SV3GXC2GN8CD90G0X3"", ""01KZ3MX4SSBZ8RFTF2G7M2XMDM"", ""01KZ3MX4SWCN23899C0PZ4136D"", ""01KZ3MXMS5S2VAGXVV8D1ZWBKX""]","[0, 1, 2, 3, 4, 5, 6, 7, 8, 9, 10, 11, 12, 13, 14]","[[""01KZ3MXDCM2THRP5XXE3A934Q3""], [""01KZ3MXDCNSH80N35TFJT2ZH3Y""], [""01KZ3MXDCM2THRP5XXE3A934Q3""], [""01KZ3MX4SXM7HPVNB5GRK5PGZ1""], [""01KZ3MX4SX8EGJSETR9Q7GMA30""], [""01KZ3MWTGDD83DKB9BJD76FDT3""], [""01KZ3MX4SXYZSQYDF33H3EJ8XK""], [""01KZ3MWGY0WR6AENAQ6NAZ2CNH""], [""01KZ3MWTGBJHTCV3H9YZ0GZ4PF""], [""01KZ3MXDCNY8T9AEW92T0PKKPY""], [""01KZ3MX4SYXA45J066HGFK5AR3""], [""01KZ3MWTGDD83DKB9BJD76FDT3""], [""01KZ3MWTGCPBDJ0TDG9JABFQA2""], [""01KZ3MWTGEF2PVQHK1XTGD38PQ""], [""01KZ3MXDCNNKARNFFXBHMZ5HEH""]]","{""entities"": [""Sam's""], ""time_constraints"": [], ""operands"": [], ""list_cardinality"": {""known"": false, ""count"": 0}, ""update_state"": """", ""gap"": null}","[{""kind"": ""KEEP"", ""candidate_id"": ""01KZ3MXMS5S2VAGXVV8D1ZWBKX"", ""source_id"": ""01KZ3MXDCNNKARNFFXBHMZ5HEH""}]",pass,
023-b20260803-r3-0-00194-0-00194-q2,multi-hop,train,What was the initial budget for the project and did it change by the time of the March 2nd session?,"The initial budget for the project was around $500,000 and it remained the same by the time of the March 2nd session.",The project launch is set for March 15th.,"[""01KZ3QEWNTJ6H623CN9R26SVXJ""]",[0],"[[""01KZ3QEQ9GFZ97B2RV1TFHJG41""]]","{""entities"": [""March""], ""time_constraints"": [""march 2""], ""operands"": [], ""list_cardinality"": {""known"": false, ""count"": 0}, ""update_state"": """", ""gap"": {""kind"": ""time_range"", ""entity"": """", ""start"": null, ""end"": null, ""operand"": """", ""source_need"": ""time:march 2""}}",[],pass,
023-b20260803-r3-0-00165-0-00165-q2,multi-hop,train,"What is Sam's current focus in his thesis, and how has his approach evolved since his initial discussions?","Sam is currently focusing on optimizing data distribution in private cloud environments, specifically using a hybrid storage strategy. Since the initial discussions, he has shifted his focus to using the TPC-H and TPC-C benchmarks for performance metrics and has started using Prometheus for monitoring and Grafana for visualization.","Sam aims to complete his thesis by the end of March. || Sam has updated the case study section of his thesis to include the latest findings from the PAX system project. || Sam is facing challenges with simulating network failures in his thesis. || Sam is using ns-3 for network simulation in his thesis. || Sam is working on a thesis focused on fault tolerance in distributed systems. || Sam aims to complete the major parts of the thesis by the end of next year, providing sufficient time for analysis and writing. || Sam discussed his thesis project on distributed systems with the assistant last month. || Sam faced issues with data consistency when integrating new PAX metrics into his analysis. || Sam found the TPC-H and TPC-C benchmarks useful for his thesis project. || Sam has outlined his thesis chapters and set preliminary deadlines. || Sam has run into challenges with performance metrics in his thesis project. || Sam has started reading papers on distributed system resilience. || Sam implemented a more robust synchronization protocol to resolve data consistency issues. || Sam intends to start with a literature review and possibly conduct small-scale experiments to understand the hybrid storage strategy better. || Sam is studying private clouds due to their better control over security and compliance, particularly relevant for finance and healthcare industries. || Sam is unsure whether to focus more on latency or throughput for his thesis project. || Sam is working on a thesis about optimizing data distribution in cloud environments, specifically focusing on improving data access times and reducing latency. || Sam plans to implement a hybrid storage strategy combining local and distributed storage solutions to optimize data distribution in private clouds. || Sam plans to meet with Dr. Lee next week to get tips on ns-3. || Sam plans to meet with his advisor next week to discuss the thesis updates. || Sam’s first chapter is planned to be completed by the end of February. || The assistant recalled discussing benchmarking tools TPC-H and TPC-C with Sam.","[""01KZ3PE5H2M1SCAM0Q64JM8KC6"", ""01KZ3PE5GVC4W7YVNMGP8975V2"", ""01KZ3PDV340N1A75BGM1VQPTHE"", ""01KZ3PDV350MWG41W7WH66FQME"", ""01KZ3PDV33Z11KDZTYWB6TMXWR"", ""01KZ3PD3A0B0MZ2JSE0ZHCJ6HQ"", ""01KZ3PDGMQFMWB49D2B732ESB5"", ""01KZ3PE5H059MTQ3AFTDSJG9MZ"", ""01KZ3PDGMVMVM54GBCNSAKYA6Y"", ""01KZ3PDV39XJJ15NF8FF51G594"", ""01KZ3PDGMR2NCGS0ZMAG1S77BJ"", ""01KZ3PDV383RYCEMQ32TPMNR05"", ""01KZ3PE5H1KXGZQ0QJ604WD4KN"", ""01KZ3PD3A066527W2T4R06H3CZ"", ""01KZ3PD39Y7XRCZFMTZKDYCXHY"", ""01KZ3PDGMW3C1Z80AWV44AV9TY"", ""01KZ3PD39W4HV7BX3MWVK2J3SV"", ""01KZ3PD39ZG6V4RW8V4QT4WWWD"", ""01KZ3PDV37T7T9TEQJGNTHH6A6"", ""01KZ3PE5H27D746D729S3RQET6"", ""01KZ3PDV3AP0GGQFPF4G8FZAE2"", ""01KZ3PDGMT17BV2T7ZWXHCW3DV""]","[0, 1, 2, 3, 4, 5, 6, 7, 8, 9, 10, 11, 12, 13, 14, 15, 16, 17, 18, 19, 20, 21]","[[""01KZ3PDV3CV6JN0WQ3AVEW3RBD""], [""01KZ3PDV3BXN0SN44H9DFDAA9X""], [""01KZ3PDGMZAMMDFTDF7HD4GW98""], [""01KZ3PDGN0PG66VS5PE8WM7XC1""], [""01KZ3PDGMZS7DDPZTJ0M66BP4W""], [""01KZ3PCTKB35TZE0RZBFZWQSMY""], [""01KZ3PD3A1YCW7TXY176Q30B85""], [""01KZ3PDV3BR7EXKJAPFY0FHN2D""], [""01KZ3PD3A22C9XW1JKPVR8EQSN"", ""01KZ3PD3A2MV91QJH9Y2P4K1BX""], [""01KZ3PDGN064SB7001TW0QRVJW""], [""01KZ3PD3A1FBFKFSA2Z31CD4Z0""], [""01KZ3PDGN0CHGNWMPCQWEEN3ZZ""], [""01KZ3PDV3BR7EXKJAPFY0FHN2D""], [""01KZ3PCTK9Q7FC6XEXM2P1KWZM""], [""01KZ3PCTK8VFF24N2JC2T8776J""], [""01KZ3PD3A22C9XW1JKPVR8EQSN""], [""01KZ3PCTK7TEWHNJ32DKWCY3W9""], [""01KZ3PCTK9S1Q48VRCZ1FF4YH1""], [""01KZ3PDGN0CHGNWMPCQWEEN3ZZ""], [""01KZ3PDV3CPSTXKFPX7GQW9KG2""], [""01KZ3PDGN064SB7001TW0QRVJW""], [""01KZ3PD3A2MV91QJH9Y2P4K1BX""]]","{""entities"": [""Sam's""], ""time_constraints"": [], ""operands"": [], ""list_cardinality"": {""known"": false, ""count"": 0}, ""update_state"": ""current"", ""gap"": null}","[{""kind"": ""KEEP"", ""candidate_id"": ""01KZ3PDV37T7T9TEQJGNTHH6A6"", ""source_id"": ""01KZ3PDGN0CHGNWMPCQWEEN3ZZ""}, {""kind"": ""KEEP"", ""candidate_id"": ""01KZ3PDV3AP0GGQFPF4G8FZAE2"", ""source_id"": ""01KZ3PDGN064SB7001TW0QRVJW""}, {""kind"": ""KEEP"", ""candidate_id"": ""01KZ3PDV383RYCEMQ32TPMNR05"", ""source_id"": ""01KZ3PDGN0CHGNWMPCQWEEN3ZZ""}]",fail,三个现有 KEEP 均与 gold 无关；其他候选虽部分覆盖 cloud/hybrid/TPC-H/TPC-C，但没有 Prometheus/Grafana，故应为 gap。
023-b20260803-r3-0-00030-0-00030-q1,temporal,train,When did the team agree to push back the deadline for the new eco-friendly water bottle project?,March 15th,The team confirmed their availability during a meeting on 2026-02-26.,"[""01KZ3HJCPCN368G542RTMJM560""]",[0],"[[""01KZ3HJ3Z4Y32VWHX1NXA046PP""]]","{""entities"": [], ""time_constraints"": [], ""operands"": [], ""list_cardinality"": {""known"": false, ""count"": 0}, ""update_state"": """", ""gap"": {""kind"": ""entity"", ""entity"": """", ""start"": null, ""end"": null, ""operand"": """", ""source_need"": """"}}",[],pass,
023-b20260803-r3-0-00031-0-00031-q0,single-hop,train,When is Sam's thesis expected to be completed?,by the end of 2027,"Sam aims to complete his thesis by the end of 2027. || Sam expects to finalize the chapter of his thesis soon with new simulations. || Sam finished the section on consensus algorithms for his thesis. || Sam has adjusted his timeline to end his research phase by the end of May and start writing the draft by June. || Sam has been keeping detailed logs for his thesis work. || Sam has made adjustments to his thesis based on feedback. || Sam is considering tech giants like Google and Amazon for his case studies on distributed systems. || Sam is focusing on exploring replication strategies in the fault tolerance chapter of his thesis. || Sam is focusing on Paxos and Raft algorithms for improving fault tolerance in distributed networks. || Sam is researching how to improve fault tolerance in distributed networks using consensus algorithms. || Sam is using both theoretical models and practical simulations on his lab’s cluster for his research. || Sam is working on optimizing network protocols for his thesis. || Sam met with Dr. Johnson today and she suggested focusing more on real-world applications in his thesis. || Sam needs to gather more data for the performance metrics part of his thesis. || Sam plans to add a section on potential practical uses in his thesis. || Sam plans to integrate real-world applications into his thesis using case studies from companies that have implemented similar distributed systems. || Sam plans to start experimenting with Paxos and Raft algorithms next month. || Sam plans to use network simulation software to test different scenarios for his thesis. || Sam started working on the chapter about fault tolerance mechanisms for his thesis. || Sam submitted initial drafts of his thesis to his advisor last month. || Sam wants to include smaller, innovative startups in his thesis for a broader perspective on distributed systems. || Sam will have a meeting with his advisor on April 11th to discuss his thesis work. || Sam will run simulations through his thesis to check for improvements.","[""01KZ3HJV7Z2CE42TQH24FTBNVT"", ""01KZ3HKMJSQ5Q7KA4WGXKW583M"", ""01KZ3HK4B3Y149Q1E6Z82CF7BV"", ""01KZ3HKCKDK7PZVZ24PPFZZHZ0"", ""01KZ3HKMJRX9MMV05YDX3SNTQH"", ""01KZ3HKMJQ8NKJBWB27K80ED1T"", ""01KZ3HKCKAS05W01P3FEQDE3KA"", ""01KZ3HK4BB0FYSV2X93Z8P736S"", ""01KZ3HJV7W7WA305Y3SMCV5XH9"", ""01KZ3HJV7S66RNZJZWVAKW57KG"", ""01KZ3HJV80QHBFXWSZF0HA9K3Q"", ""01KZ3HKMJJS2RVXQR17PXBXQ8J"", ""01KZ3HKCK4ZAXC3C03PWR9SYYV"", ""01KZ3HKMJN4TSMNKCCPK8GRC1D"", ""01KZ3HKCK9FTZYZRGK53P8N1K5"", ""01KZ3HKCK73BN8J4G4CBHM0HTA"", ""01KZ3HJV7YC9ZN8KP1P72KW0K1"", ""01KZ3HKMJP897VXZ212DGNMHP1"", ""01KZ3HK4B6RT2KN7V73PA63WDP"", ""01KZ3HK4B9K4VAX7BRT09E29C5"", ""01KZ3HKCKC38DAK4MZ2RQZ9GYE"", ""01KZ3HK4B8YJ5A51JCMBS8752Y"", ""01KZ3HKMJR4NM6C4KY0C2G8666""]","[0, 1, 2, 3, 4, 5, 6, 7, 8, 9, 10, 11, 12, 13, 14, 15, 16, 17, 18, 19, 20, 21, 22]","[[""01KZ3HJJRDY1F821Y8NJFZGSQ1""], [""01KZ3HKCKHQ7B6NA9MGF69ZE42""], [""01KZ3HJV81S148A348NDMPTY9M""], [""01KZ3HK4BG4TMFRBD3S6HK5WE2""], [""01KZ3HKCKHQ7B6NA9MGF69ZE42""], [""01KZ3HKCKHG64A9RNXBGGCRZG1""], [""01KZ3HK4BE1A2TS7JXMMA3F3BP""], [""01KZ3HJV83DZWJGG6NGWK9CP0T""], [""01KZ3HJJRC8XTHZG407JVAD895""], [""01KZ3HJJRBQ0MSY3CMNX360HZ4""], [""01KZ3HJJRECZ60NQDNSST0KFFN""], [""01KZ3HKCKGSD5775MKGPZ7QSYJ""], [""01KZ3HK4BDBJ9KM7KNF0QZQV0X""], [""01KZ3HKCKG9TFPX85DF6N4YW9D""], [""01KZ3HK4BDF9Z5J8S1NF39KYJE""], [""01KZ3HK4BDF9Z5J8S1NF39KYJE""], [""01KZ3HJJRCCCPNB9RZN8JNAWE8""], [""01KZ3HKCKG04K3K8Q0KEPH8VTC""], [""01KZ3HJV81S148A348NDMPTY9M""], [""01KZ3HJV827ZRN432Q3J0PRDZ9""], [""01KZ3HK4BF9H2XVJY1Q1H22GZT""], [""01KZ3HJV81HZ9J96491P9AK5T3""], [""01KZ3HKCKHG64A9RNXBGGCRZG1""]]","{""entities"": [""Sam's""], ""time_constraints"": [], ""operands"": [], ""list_cardinality"": {""known"": false, ""count"": 0}, ""update_state"": """", ""gap"": null}","[{""kind"": ""KEEP"", ""candidate_id"": ""01KZ3HJV7Z2CE42TQH24FTBNVT"", ""source_id"": ""01KZ3HJJRDY1F821Y8NJFZGSQ1""}]",pass,
023-b20260803-r3-0-00082-0-00082-q2,multi-hop,train,When did Mei start booking tables for the week and what was the date of the corporate client's booking last week?,"Mei starts booking tables around two weeks in advance, especially for weekends. The corporate client's booking was on January 18th.","Mei had a large booking from a corporate client on January 18th. || Mei has reservations for Easter and Mother’s Day. || Mei is adding new salads and vegetable sides to the menu. || Mei is considering running a special Easter brunch and a Mother’s Day dinner promotion. || Mei is planning a seasonal tasting menu for April. || Mei is planning a special menu for Valentine's Day next month. || Mei is planning to offer a classic Easter ham with roasted vegetables and a special Mother’s Day truffle risotto. || Mei's main supplier for ingredients is called Green Leaf Farms. || Mei signed a contract with Green Valley Farm for fresh produce starting next month. || Mei starts booking tables around two weeks in advance, especially for weekends. || There was a delay with deliveries from Green Leaf Farms, but it is under control.","[""01KZ3KE1HAJKM147Q133E3AEXD"", ""01KZ3KERZK55TVXPZ8FHQH7VBY"", ""01KZ3KERZHBXJRZVYHCJ40FCCF"", ""01KZ3KERZNTYESDTY1RF01S3JM"", ""01KZ3KERZKJ1G8RJ3E9TJY9RVV"", ""01KZ3KDY92RC0VNB3GZ5PQFEKJ"", ""01KZ3KERZPTS2944CDVHB5R7SW"", ""01KZ3KDY8YQ8QH2A69QZGMDFE2"", ""01KZ3KERZGAQZHWVY83VEHDZZE"", ""01KZ3KDY8V7CXJP2WXPQMZR24V"", ""01KZ3KDY91J6BJF4SBVKJKD169""]","[0, 1, 2, 3, 4, 5, 6, 7, 8, 9, 10]","[[""01KZ3KDY96ASWZAZ9QJPNPBBGP""], [""01KZ3KEEAH5HN24P0RGTJCE3CJ""], [""01KZ3KEEAHS338942WTFDRRNAS""], [""01KZ3KEEAHHR1EMJ4WD4YX1B56""], [""01KZ3KEEAHS338942WTFDRRNAS""], [""01KZ3KDPW020A6SP1PDESRHV11""], [""01KZ3KEEAHX20K9T6Y4Q5N8MQ9""], [""01KZ3KDPVZ1HJ7PJ2RY86BAN6T""], [""01KZ3KEEAG69HDQMN3TBBYB69V""], [""01KZ3KDPVZ05V5T9E0TF5EM2TQ""], [""01KZ3KDPW0PPB39RAVXH6T3Y4X""]]","{""entities"": [""Mei""], ""time_constraints"": [""last week""], ""operands"": [], ""list_cardinality"": {""known"": false, ""count"": 0}, ""update_state"": """", ""gap"": null}",[],fail,gap漏标；应 KEEP 01KZ3KDY8V7CXJP2WXPQMZR24V、01KZ3KE1HAJKM147Q133E3AEXD，分别覆盖提前约两周订桌和 January 18th 公司客户预订。
023-b20260803-r3-0-00134-0-00134-q2,multi-hop,train,"When did Alex mention he wanted to start packing for the trip to Japan, and what does he think gives them plenty of time to check everything twice?",Alex mentioned that he wanted to start packing by the end of May.,"Alex bought decorations and games for the kids' birthday parties next week. || Alex finished shopping in Tokyo today. || Alex has booked flights for June 15th. || Alex is currently on a trip to Japan. || Alex is planning a summer vacation to Europe with family. || Alex needs to check the weather forecast for Kyoto tomorrow. || Alex plans to have a small gathering at home for her sister’s birthday, including a traditional Japanese dinner and watching fireworks. || Alex plans to start packing by the end of May. || Alex's family is traveling to Japan starting on April 15th. || Alex wants to give her sister a handmade pottery piece from Kyoto as a gift.","[""01KZ3N8JQ4D5YV2AVCFVBKN4RJ"", ""01KZ3N8JQ2PAK37QB2Y6W24GCF"", ""01KZ3N95Q1PQZVP1QS1GJAP0DV"", ""01KZ3N8JQ06DY23C129EP266RK"", ""01KZ3N88NQXSEBV2RVEK0M8RH1"", ""01KZ3N8JQ7C5QJ32RM1MC39S28"", ""01KZ3N95Q59W0ZHHA0AH8ZY6SW"", ""01KZ3N95Q8FQYGQ3T9DPHS0QTC"", ""01KZ3N8V7BC4208HXD5XB3CHZW"", ""01KZ3N95Q7W336SNEY8PVHMBRX""]","[0, 1, 2, 3, 4, 5, 6, 7, 8, 9]","[[""01KZ3N88P2WRM5Y595VQHRV17N""], [""01KZ3N88P1ERY3258EFRJ92V8Z""], [""01KZ3N8V7NN0H8DENJN031VY6G""], [""01KZ3N88P1B5HK5JTN4STPX1SW""], [""01KZ3N7RC9NA6JPN6739JCASZQ""], [""01KZ3N88P2V8NPHSHP44HPWG7F""], [""01KZ3N8V7P0RS0KYJ49KGQPBYE""], [""01KZ3N8V7QXY1FS312BCG95KWH""], [""01KZ3N8JQ8P0EMW98TGC2T7CMK""], [""01KZ3N8V7P3AD5E6Q724EZTHWP""]]","{""entities"": [""Alex"", ""Japan""], ""time_constraints"": [], ""operands"": [], ""list_cardinality"": {""known"": false, ""count"": 0}, ""update_state"": """", ""gap"": null}",[],fail,gap漏标；应 KEEP 01KZ3N95Q8FQYGQ3T9DPHS0QTC，候选精确覆盖 by the end of May。
023-b20260803-r3-0-00059-0-00059-q2,multi-hop,train,When did Dana add new servers to her home-lab project and what kind of servers were they?,Dana added new servers to her home-lab project in early 2026. She got two more Dell PowerEdge R740s.,"Dana added a new server to the network last week. || Dana has been trying to find help for integrating the new server through community forums and direct contact with the manufacturer. || Dana is currently managing one server in her home-lab. || Dana is using Debian 11 on the server in her home-lab. || Dana's home-lab project involves setting up a small server to host a personal wiki, a music library, and a development environment. || Dana's server in the home-lab is an old desktop computer converted into a server. || Dana started her home-lab project in early 2025. || Dana thinks the team needs to set clearer expectations regarding the timeline.","[""01KZ3JMVWZ9GPZ42NKX6VTJCTK"", ""01KZ3JN7PQ2XHCRGEN387DE0KA"", ""01KZ3JMAJB44Q4GR077RFT273N"", ""01KZ3JMAJDVXTSY06CFGHKXFNZ"", ""01KZ3JMAJAYZR2M3HV125MMBKM"", ""01KZ3JMAJCHDB0HED13Y5BJ9BH"", ""01KZ3JMAJ97TNW3F0589KWRH1K"", ""01KZ3JN7PT49CCD683M9XC14QF""]","[0, 1, 2, 3, 4, 5, 6, 7]","[[""01KZ3JMAJEZPQDJPZW1W0VZHM1""], [""01KZ3JMVX85CYY68AY96EX4B2Y"", ""01KZ3JMVX89SXJD2JC8H4YZ2EB"", ""01KZ3JMVX96JPCXD3FJZ78QAK0"", ""01KZ3JMVX9FCNK1VQ4FQQ6W0XB""], [""01KZ3JM1GRRTTXF6BNV3KR49P2""], [""01KZ3JM1GS3NK3PKDHQ02EQ5YA""], [""01KZ3JM1GQT85EN5ZE48GAHME1""], [""01KZ3JM1GRRTTXF6BNV3KR49P2""], [""01KZ3JM1GRZAGWRZYMF4EYRMPN""], [""01KZ3JMVX9QVASZD7V6E3Y26HB""]]","{""entities"": [""Dana""], ""time_constraints"": [], ""operands"": [], ""list_cardinality"": {""known"": false, ""count"": 0}, ""update_state"": """", ""gap"": null}","[{""kind"": ""KEEP"", ""candidate_id"": ""01KZ3JMVWZ9GPZ42NKX6VTJCTK"", ""source_id"": ""01KZ3JMAJEZPQDJPZW1W0VZHM1""}, {""kind"": ""KEEP"", ""candidate_id"": ""01KZ3JMAJCHDB0HED13Y5BJ9BH"", ""source_id"": ""01KZ3JM1GRRTTXF6BNV3KR49P2""}, {""kind"": ""KEEP"", ""candidate_id"": ""01KZ3JMAJDVXTSY06CFGHKXFNZ"", ""source_id"": ""01KZ3JM1GS3NK3PKDHQ02EQ5YA""}]",fail,三个现有 KEEP 只说上周新增一台、Debian 11 及旧桌面机，没有 early 2026 或两台 Dell PowerEdge R740；应为 gap。
